sample_id,timestamp,room_id,room_type,building_zone,lesson_type,room_area_m2,capacity,occupancy_count,hvac_airflow_m3h,ventilation_level,outdoor_temp_c,indoor_temp_c,humidity_pct,co2_ppm_current,minutes_since_lesson_start,minutes_until_break,noise_level_db,is_exam_period,floor,future_co2_ppm,co2_risk_next_30min
ag-00000,2026-02-17T16:35:00,E-147,lab,east,lab,33.0,23,15,202.6,0.481,6.9,24.3,50.2,644.4,51,31,62.8,False,4,770.5,0
ag-00001,2026-02-24T16:40:00,E-119,lab,east,none,28.7,26,10,246.3,0.729,5.1,21.8,54.1,496.3,45,46,56.6,False,1,505.8,0
ag-00002,2026-03-05T09:25:00,W-481,seminar,west,practice,28.7,23,18,200.8,0.655,-2.4,22.2,51.9,540.9,55,36,64.7,False,5,572.5,0
ag-00003,2026-03-27T15:05:00,E-331,seminar,east,lecture,58.4,51,35,658.3,0.704,10.1,22.2,54.4,675.5,77,10,62.6,False,6,773.3,0
ag-00004,2026-02-10T16:25:00,W-391,seminar,west,lab,32.7,26,19,133.7,0.374,-5.8,23.0,51.1,565.4,31,47,63.4,False,4,559.8,0
ag-00005,2026-03-28T16:15:00,C-551,lecture,central,practice,79.3,87,61,732.8,0.737,9.7,25.9,58.7,730.3,68,18,53.3,False,2,1037.5,1
ag-00006,2026-05-19T18:10:00,N-595,lecture,north,practice,176.6,127,131,1161.6,0.439,14.3,26.1,67.0,1218.5,83,8,60.6,True,7,1611.4,1
ag-00007,2026-04-27T11:55:00,C-461,seminar,central,lecture,20.5,20,17,89.0,0.179,11.9,25.7,49.9,582.3,42,44,61.2,False,1,611.7,0
ag-00008,2026-04-24T12:00:00,C-501,seminar,central,none,61.3,53,9,538.6,0.733,7.8,21.4,41.1,498.9,39,36,39.6,False,3,621.1,0
ag-00009,2026-03-12T18:05:00,N-147,coworking,north,lecture,36.4,37,27,340.4,0.502,6.1,24.2,58.4,670.2,42,42,61.2,False,6,707.7,0
ag-00010,2026-02-19T08:20:00,C-550,lecture,central,exam,165.5,115,112,928.6,0.482,8.9,20.8,60.6,1103.9,46,46,63.5,False,6,1522.7,1
ag-00011,2026-05-14T15:50:00,E-145,seminar,east,lecture,60.1,44,41,448.1,0.576,9.9,25.3,60.2,694.0,73,23,73.5,True,2,876.6,0
ag-00012,2026-04-22T14:00:00,N-382,seminar,north,lecture,30.4,25,20,206.6,0.267,15.7,22.0,71.4,613.5,51,45,58.7,False,1,729.0,0
ag-00013,2026-05-13T14:25:00,N-372,seminar,north,lab,62.3,44,38,429.8,0.405,18.5,27.4,58.7,480.5,0,90,60.3,True,1,653.1,0
ag-00014,2026-03-20T18:00:00,C-153,lecture,central,exam,84.1,58,55,351.6,0.498,7.8,25.4,59.0,660.2,56,31,64.3,False,6,975.0,0
ag-00015,2026-04-19T17:50:00,N-535,lecture,north,lecture,75.4,64,50,467.7,0.576,16.3,26.2,47.9,826.1,52,29,63.2,False,5,1003.7,0
ag-00016,2026-03-25T09:10:00,C-449,lecture,central,practice,119.4,95,70,415.7,0.213,8.6,25.6,51.6,858.0,50,39,61.6,False,3,1025.4,0
ag-00017,2026-04-06T14:40:00,W-134,seminar,west,lab,45.3,34,18,326.6,0.423,12.9,23.3,53.3,589.6,20,73,51.1,False,6,700.5,0
ag-00018,2026-05-10T08:25:00,C-177,lab,central,practice,45.5,37,20,500.5,0.973,13.9,23.0,54.0,417.5,63,29,58.8,True,3,523.3,0
ag-00019,2026-02-17T17:45:00,C-285,seminar,central,practice,26.0,26,20,157.9,0.238,-2.7,21.7,51.9,646.3,48,40,59.0,False,4,875.8,0
ag-00020,2026-03-24T18:15:00,E-349,lab,east,practice,39.3,33,22,267.9,0.791,6.8,22.4,61.4,444.6,47,31,58.0,False,2,393.1,0
ag-00021,2026-05-16T14:45:00,E-128,lab,east,lecture,42.3,37,27,470.6,0.858,7.8,21.6,54.7,597.6,27,69,60.9,True,3,720.7,0
ag-00022,2026-05-15T08:20:00,N-486,lab,north,lab,48.2,35,22,465.5,0.818,16.1,23.5,51.1,591.4,54,31,55.1,True,4,689.3,0
ag-00023,2026-05-08T17:10:00,E-580,lecture,east,practice,145.2,108,120,1198.3,0.508,8.7,22.2,66.3,1174.4,31,73,67.6,True,6,1547.1,1
ag-00024,2026-03-31T13:55:00,S-263,coworking,south,lecture,74.2,53,13,446.5,0.694,10.6,25.7,52.9,488.9,52,36,52.8,False,6,517.1,0
ag-00025,2026-04-01T18:25:00,W-375,lecture,west,none,57.2,62,4,253.5,0.178,8.8,23.9,38.4,395.2,17,77,43.4,False,6,449.3,0
ag-00026,2026-03-27T17:30:00,S-339,lecture,south,lecture,156.9,123,99,935.8,0.756,10.9,23.4,61.7,1037.8,46,50,65.6,False,4,1607.6,1
ag-00027,2026-02-25T17:45:00,S-487,lab,south,lecture,48.3,42,44,420.6,0.656,8.8,25.2,69.7,718.4,59,33,58.1,False,2,948.7,0
ag-00028,2026-04-17T15:00:00,N-102,seminar,north,none,28.2,31,11,261.3,0.451,11.2,21.9,41.5,592.1,55,38,42.4,False,4,677.8,0
ag-00029,2026-04-22T16:30:00,N-322,lab,north,none,34.3,29,7,271.3,0.754,14.0,22.7,40.0,385.2,29,72,42.4,True,1,504.7,0
ag-00030,2026-04-27T17:40:00,C-202,lab,central,lecture,23.6,18,21,143.1,0.627,29.4,26.5,60.3,578.9,68,19,67.3,True,2,630.0,0
ag-00031,2026-02-18T13:45:00,E-507,coworking,east,lecture,32.1,32,18,323.1,0.625,-8.1,20.5,55.1,457.5,36,53,55.9,False,6,343.9,0
ag-00032,2026-04-24T14:20:00,E-180,lecture,east,lecture,121.8,89,55,843.8,0.475,21.0,22.6,72.7,854.7,35,44,57.7,False,4,967.2,0
ag-00033,2026-04-03T15:10:00,N-364,lecture,north,lecture,173.5,125,92,864.8,0.659,9.5,24.2,67.5,1075.9,86,6,62.8,False,4,1573.5,1
ag-00034,2026-04-16T10:50:00,C-334,lab,central,lab,27.6,28,15,282.0,0.553,13.8,25.5,55.7,565.6,14,75,55.1,False,5,646.7,0
ag-00035,2026-03-12T12:40:00,W-447,seminar,west,lab,53.4,46,17,339.5,0.438,7.0,22.5,47.9,632.5,65,36,60.6,False,3,701.1,0
ag-00036,2026-03-27T12:15:00,N-427,lecture,north,lab,80.9,64,33,793.4,0.879,8.4,22.5,51.7,541.9,58,34,56.6,True,4,756.3,0
ag-00037,2026-03-20T12:40:00,W-330,lecture,west,practice,148.3,120,85,991.7,0.425,3.0,22.6,53.5,1223.8,56,26,61.5,False,5,1590.9,1
ag-00038,2026-03-17T12:15:00,S-184,lab,south,none,29.8,33,6,328.7,0.844,-1.7,20.8,50.3,504.0,77,35,44.5,False,5,476.2,0
ag-00039,2026-02-26T09:25:00,S-557,seminar,south,practice,62.9,50,44,414.0,0.549,5.8,24.9,64.9,793.7,12,83,56.4,False,1,1013.5,0
ag-00040,2026-03-13T09:15:00,E-101,lecture,east,lecture,82.1,72,53,682.4,0.424,1.0,23.5,52.7,841.3,79,9,66.2,False,7,1075.9,0
ag-00041,2026-02-20T16:05:00,N-244,lecture,north,lecture,129.8,116,93,1069.7,0.34,-10.5,22.1,50.0,1152.5,32,55,53.9,False,3,1409.4,1
ag-00042,2026-03-06T16:05:00,C-235,seminar,central,practice,62.9,53,43,453.8,0.313,6.0,25.0,58.6,661.6,83,15,60.5,False,4,882.9,0
ag-00043,2026-02-26T08:05:00,S-561,lab,south,lecture,25.1,27,22,198.3,0.774,-4.1,21.1,41.5,400.9,9,90,61.4,False,2,517.2,0
ag-00044,2026-04-30T18:15:00,E-290,seminar,east,none,70.5,63,14,462.7,0.341,22.4,22.0,57.4,612.8,43,43,39.1,False,1,725.4,0
ag-00045,2026-03-18T13:05:00,C-383,lecture,central,lab,85.5,84,51,650.6,0.342,14.1,25.7,53.0,733.8,52,33,57.2,False,6,1011.3,0
ag-00046,2026-05-13T11:50:00,C-235,seminar,central,practice,21.7,22,16,130.7,0.062,9.9,22.8,58.3,597.0,0,90,63.3,True,1,617.4,0
ag-00047,2026-03-09T15:15:00,C-167,lab,central,lecture,37.0,32,20,325.4,0.799,6.2,21.0,55.5,642.2,62,12,52.3,False,4,654.0,0
ag-00048,2026-03-17T08:10:00,E-121,coworking,east,none,76.0,59,12,376.2,0.646,15.8,23.0,45.6,450.7,28,58,46.4,False,1,556.1,0
ag-00049,2026-04-20T13:45:00,S-292,coworking,south,exam,73.7,76,70,491.5,0.295,10.8,24.2,47.5,1052.2,44,55,58.7,False,4,1310.5,1
ag-00050,2026-04-16T18:50:00,C-177,lecture,central,lecture,75.7,81,71,800.0,0.5,22.9,21.9,70.8,986.0,78,5,74.2,False,2,1201.7,1
ag-00051,2026-03-24T16:10:00,W-550,lab,west,lecture,43.1,43,21,418.8,0.719,13.2,22.0,56.9,423.5,4,90,53.7,False,3,468.3,0
ag-00052,2026-03-26T15:10:00,C-430,seminar,central,practice,49.5,39,21,315.7,0.525,0.8,20.8,55.7,565.5,72,17,44.2,False,6,673.5,0
ag-00053,2026-04-26T09:40:00,W-108,lecture,west,practice,88.3,90,52,819.9,0.641,15.0,21.6,61.2,692.6,10,75,53.2,False,4,863.1,0
ag-00054,2026-04-20T11:50:00,S-564,lecture,south,lab,69.3,59,24,444.6,0.256,17.8,24.9,51.0,649.8,0,90,55.2,False,1,827.7,0
ag-00055,2026-05-08T09:15:00,C-380,seminar,central,lecture,66.6,47,27,202.9,0.262,12.2,23.1,44.3,627.7,25,59,60.1,True,2,682.0,0
ag-00056,2026-02-09T12:55:00,E-485,lecture,east,lab,110.8,100,42,861.2,0.852,-0.8,23.4,46.9,518.0,38,39,40.9,False,5,733.0,0
ag-00057,2026-03-21T10:55:00,N-296,lecture,north,lab,105.9,111,55,975.6,0.33,5.1,23.8,51.8,780.2,40,50,50.9,False,7,1012.3,0
ag-00058,2026-04-11T17:10:00,C-532,lecture,central,lecture,127.1,119,93,758.1,0.308,10.9,23.8,47.3,1094.7,55,15,64.3,False,3,1524.9,1
ag-00059,2026-04-17T10:30:00,E-402,lecture,east,exam,164.7,127,142,1132.8,0.359,13.3,24.0,65.5,1447.3,0,90,72.4,False,4,2150.4,1
ag-00060,2026-03-28T08:25:00,S-298,lab,south,lecture,56.8,40,24,282.2,0.34,6.0,26.9,42.0,747.4,47,33,54.5,True,1,824.2,0
ag-00061,2026-03-15T18:30:00,N-490,lecture,north,none,171.7,122,39,1263.1,0.441,11.5,23.0,43.2,615.2,27,63,50.5,False,2,697.8,0
ag-00062,2026-03-23T09:45:00,S-442,lab,south,practice,59.0,43,36,341.6,0.65,4.6,25.4,65.0,663.1,88,20,56.9,True,3,885.6,0
ag-00063,2026-03-25T17:40:00,E-369,lecture,east,exam,125.2,95,110,1082.7,0.821,15.1,25.6,67.0,1044.6,0,82,73.6,False,6,1390.7,1
ag-00064,2026-04-20T08:10:00,E-184,lecture,east,none,158.1,127,22,1279.0,0.749,12.6,23.5,32.5,428.1,0,90,46.9,False,3,539.5,0
ag-00065,2026-04-02T15:45:00,S-228,lecture,south,practice,184.5,128,102,949.7,0.404,10.4,23.7,71.2,880.6,17,68,61.4,False,5,1348.0,1
ag-00066,2026-05-09T11:40:00,N-111,lecture,north,practice,157.2,115,97,987.5,0.362,16.7,24.4,58.5,975.9,60,27,63.6,True,6,1632.7,1
ag-00067,2026-03-03T16:00:00,S-535,seminar,south,lab,22.8,20,11,146.0,0.409,-2.0,20.4,52.8,525.0,26,51,57.9,False,6,584.4,0
ag-00068,2026-04-21T18:10:00,C-139,coworking,central,practice,91.6,67,13,342.4,0.394,17.7,19.9,57.5,446.7,40,40,44.5,False,5,606.4,0
ag-00069,2026-03-18T10:50:00,E-194,lecture,east,lab,129.2,124,46,713.4,0.517,16.4,23.0,53.6,651.6,0,84,52.6,False,5,769.0,0
ag-00070,2026-02-22T08:30:00,S-307,lecture,south,practice,125.8,106,74,613.4,0.59,9.9,24.3,58.9,841.7,26,64,57.8,False,7,1142.0,1
ag-00071,2026-04-10T10:45:00,E-464,lecture,east,exam,143.9,102,87,906.9,0.302,10.2,22.7,69.9,1134.0,58,21,71.6,False,4,1509.0,1
ag-00072,2026-05-18T18:55:00,S-324,seminar,south,exam,28.5,27,17,155.7,0.316,14.3,23.8,61.9,641.8,29,68,52.1,True,1,744.0,0
ag-00073,2026-05-10T12:20:00,E-236,lecture,east,practice,66.0,64,47,793.9,0.84,8.1,25.8,60.5,630.9,52,35,59.1,True,2,766.3,0
ag-00074,2026-05-11T12:25:00,S-145,lecture,south,lecture,72.2,79,45,576.8,0.371,12.3,24.2,56.9,793.0,58,33,60.3,True,1,918.4,0
ag-00075,2026-02-12T15:45:00,E-434,lab,east,lab,39.1,41,32,363.0,0.657,0.8,23.9,60.8,638.0,62,32,61.2,False,7,795.0,0
ag-00076,2026-02-09T16:25:00,C-363,lab,central,lecture,42.7,43,41,334.4,0.317,-3.5,23.2,69.8,712.9,32,59,64.8,False,4,802.7,0
ag-00077,2026-02-24T15:05:00,S-568,coworking,south,practice,83.9,72,63,532.3,0.464,-3.7,24.6,61.2,782.3,54,40,66.2,False,3,1119.1,1
ag-00078,2026-05-06T13:25:00,S-227,lecture,south,practice,105.7,95,36,760.7,0.459,13.9,23.1,56.7,757.0,71,16,49.5,True,5,995.5,0
ag-00079,2026-04-25T08:30:00,E-403,lab,east,none,42.1,34,3,310.9,0.39,14.6,23.0,38.1,380.0,7,90,40.5,False,3,445.1,0
ag-00080,2026-04-19T08:00:00,W-464,lecture,west,lecture,179.2,126,109,651.9,0.152,17.7,25.2,41.6,1115.9,20,71,62.0,False,6,1631.8,1
ag-00081,2026-02-17T11:15:00,N-371,coworking,north,lecture,37.7,31,30,263.3,0.416,4.7,27.6,70.0,626.2,0,90,70.7,False,6,752.6,0
ag-00082,2026-04-23T10:25:00,E-344,seminar,east,exam,69.3,59,57,484.0,0.397,14.7,24.0,65.7,741.9,90,0,67.4,False,7,1003.1,0
ag-00083,2026-05-04T09:10:00,N-472,lecture,north,lecture,76.5,58,68,539.1,0.465,4.3,24.6,72.7,795.2,15,73,66.7,True,3,1135.5,1
ag-00084,2026-05-07T11:30:00,C-308,lab,central,none,37.1,31,22,447.0,0.874,9.5,23.0,57.1,564.8,85,2,47.5,True,2,702.6,0
ag-00085,2026-05-15T08:35:00,W-265,lab,west,practice,55.1,38,34,193.7,0.417,15.0,23.3,65.8,631.1,29,68,64.9,True,1,703.4,0
ag-00086,2026-03-20T14:10:00,S-396,lab,south,exam,34.3,28,29,116.7,0.24,7.3,26.3,80.4,595.0,26,63,75.8,False,2,679.7,0
ag-00087,2026-03-21T10:00:00,W-596,coworking,west,none,61.4,51,18,670.2,0.824,4.3,22.0,55.6,380.0,19,67,51.5,False,2,377.5,0
ag-00088,2026-03-16T09:20:00,E-555,seminar,east,lab,32.4,33,27,360.4,0.691,4.7,26.3,52.6,669.0,47,42,61.2,False,5,726.1,0
ag-00089,2026-03-12T18:15:00,N-231,seminar,north,practice,68.3,48,42,383.7,0.402,9.9,26.3,63.7,713.0,66,21,60.2,False,5,828.6,0
ag-00090,2026-04-30T17:55:00,N-517,coworking,north,lecture,34.9,37,28,274.9,0.48,15.2,24.0,57.1,695.0,70,13,52.1,False,4,835.6,0
ag-00091,2026-04-11T16:10:00,S-449,lab,south,practice,55.4,41,30,382.7,0.43,12.7,23.9,69.0,751.6,87,12,55.4,False,4,870.7,0
ag-00092,2026-02-27T12:10:00,E-199,lecture,east,exam,107.4,83,73,833.2,0.519,6.1,22.9,78.2,847.6,54,41,55.3,False,4,1091.0,0
ag-00093,2026-03-05T10:25:00,W-294,lab,west,none,23.1,19,7,207.1,0.856,8.7,21.4,64.6,477.5,23,61,58.8,False,3,431.1,0
ag-00094,2026-02-15T17:10:00,C-509,lab,central,lecture,35.8,39,34,369.4,0.514,8.2,23.8,73.7,686.6,28,64,74.9,False,4,734.2,0
ag-00095,2026-04-01T18:45:00,E-484,seminar,east,practice,35.3,27,19,203.9,0.388,16.3,23.1,61.5,598.7,35,57,66.9,False,4,700.3,0
ag-00096,2026-05-19T08:55:00,S-141,lab,south,exam,27.7,20,19,221.7,0.741,12.0,25.3,53.6,567.6,64,35,66.4,True,5,633.3,0
ag-00097,2026-04-14T14:30:00,E-403,lecture,east,lecture,60.3,63,61,485.9,0.21,10.6,27.2,52.3,789.5,10,69,73.9,False,1,1140.6,1
ag-00098,2026-03-08T10:35:00,S-183,lab,south,lecture,38.8,42,25,519.5,0.944,-1.4,23.9,58.3,585.1,62,34,53.1,False,2,785.0,0
ag-00099,2026-05-02T16:40:00,E-589,seminar,east,lab,35.3,32,29,216.8,0.551,16.8,25.6,64.4,636.5,44,46,63.6,True,3,768.9,0
ag-00100,2026-04-18T13:10:00,S-162,lecture,south,practice,131.7,117,52,1015.5,0.812,9.3,21.9,50.1,664.0,30,55,53.2,False,5,803.2,0
ag-00101,2026-02-21T10:05:00,W-228,coworking,west,lab,80.8,56,49,614.0,0.533,3.1,25.7,61.4,755.7,37,61,66.1,False,6,1054.3,1
ag-00102,2026-05-07T08:15:00,W-181,coworking,west,lecture,91.5,72,52,536.3,0.293,8.7,24.6,70.2,773.4,43,51,50.3,True,6,1096.2,0
ag-00103,2026-03-22T09:15:00,W-300,lab,west,none,40.4,41,10,254.6,0.676,3.9,21.5,39.7,540.4,68,22,44.3,False,6,623.7,0
ag-00104,2026-02-28T15:40:00,W-406,lab,west,none,23.2,22,10,166.6,0.738,-3.3,22.0,48.1,587.5,66,30,55.2,False,1,546.1,0
ag-00105,2026-02-17T12:45:00,S-291,seminar,south,lecture,30.2,23,15,230.3,0.43,-4.6,24.7,54.1,573.7,0,72,52.6,False,2,639.2,0
ag-00106,2026-02-23T18:05:00,W-192,seminar,west,lecture,41.2,33,22,385.1,0.611,13.7,23.4,69.4,661.8,36,56,51.7,False,3,729.5,0
ag-00107,2026-03-18T08:25:00,N-189,seminar,north,lecture,59.6,52,55,485.5,0.812,-3.4,25.7,61.9,833.3,61,47,65.6,True,6,1038.9,1
ag-00108,2026-03-20T18:05:00,E-295,lecture,east,lecture,82.3,79,69,506.4,0.185,0.7,24.9,69.5,1008.3,55,36,62.7,False,7,1301.5,1
ag-00109,2026-03-14T16:15:00,W-248,seminar,west,lecture,33.5,28,19,126.8,0.315,11.6,24.1,77.2,498.4,46,41,58.8,False,2,694.4,0
ag-00110,2026-03-14T08:05:00,E-193,seminar,east,lecture,40.1,37,29,242.0,0.581,10.5,25.5,53.7,802.7,67,16,70.0,True,5,1078.1,0
ag-00111,2026-02-09T08:30:00,C-143,coworking,central,lecture,48.8,49,52,355.8,0.646,-0.8,23.2,54.0,654.1,51,40,70.7,True,1,912.9,0
ag-00112,2026-03-04T08:10:00,N-450,lecture,north,practice,90.8,68,44,588.3,0.779,8.0,23.1,70.9,614.6,48,44,53.4,False,4,755.6,0
ag-00113,2026-05-15T10:15:00,W-108,seminar,west,lecture,72.6,60,46,413.1,0.182,16.1,25.2,44.6,756.0,65,26,63.6,True,4,942.1,0
ag-00114,2026-05-04T11:00:00,S-574,lecture,south,lab,78.2,80,79,522.2,0.136,20.4,24.3,71.6,963.2,53,34,68.2,True,5,1388.0,1
ag-00115,2026-04-22T16:30:00,N-495,seminar,north,practice,82.9,63,24,797.1,0.655,6.3,23.6,40.3,630.5,29,73,46.5,False,3,633.0,0
ag-00116,2026-03-13T08:55:00,E-401,lab,east,exam,43.7,32,36,167.4,0.467,2.3,27.0,58.0,659.7,32,58,63.2,False,7,843.6,0
ag-00117,2026-04-27T11:20:00,C-405,lecture,central,lecture,61.6,57,36,321.1,0.285,9.8,25.2,45.6,769.1,70,16,52.5,False,1,903.2,0
ag-00118,2026-04-15T18:30:00,E-532,coworking,east,lecture,39.4,28,24,162.5,0.346,12.3,25.8,67.6,559.2,37,47,68.7,False,6,639.9,0
ag-00119,2026-05-01T12:30:00,W-549,lecture,west,practice,78.3,62,43,462.7,0.337,12.4,24.9,70.9,685.9,63,15,57.7,True,7,933.3,0
ag-00120,2026-03-25T10:40:00,N-261,seminar,north,lecture,35.3,39,31,283.8,0.512,9.3,24.1,57.3,468.1,0,78,58.4,False,4,759.4,0
ag-00121,2026-04-28T11:00:00,N-408,lecture,north,lab,141.5,114,62,684.1,0.277,9.2,23.2,40.0,763.0,28,65,59.7,False,4,1090.8,0
ag-00122,2026-03-10T14:55:00,N-165,lab,north,lab,36.4,27,20,155.9,0.604,4.4,25.1,50.3,567.9,90,3,61.7,False,1,720.2,0
ag-00123,2026-04-04T16:45:00,C-311,seminar,central,none,26.6,24,4,156.5,0.688,9.4,20.0,53.5,479.8,90,5,54.0,False,4,434.7,0
ag-00124,2026-05-17T18:05:00,N-376,lab,north,none,38.1,35,10,446.5,0.964,15.0,23.8,50.0,456.5,28,69,54.1,True,2,415.5,0
ag-00125,2026-03-13T14:20:00,W-320,lab,west,lecture,35.7,38,32,278.4,0.475,13.7,23.8,64.0,594.1,56,25,65.2,False,7,789.0,0
ag-00126,2026-04-27T08:30:00,N-213,lecture,north,lecture,92.0,73,37,436.2,0.466,15.9,21.4,61.7,681.3,32,64,50.7,False,6,801.4,0
ag-00127,2026-03-22T13:35:00,N-556,lecture,north,exam,95.3,71,57,788.2,0.662,0.9,23.5,70.4,853.1,87,8,55.4,False,7,917.6,0
ag-00128,2026-03-28T17:10:00,W-206,lecture,west,practice,77.7,80,58,936.0,0.702,8.1,25.4,72.5,813.6,54,32,72.2,False,5,980.7,0
ag-00129,2026-02-12T10:35:00,S-504,lecture,south,practice,125.8,111,65,818.6,0.354,6.4,22.6,58.4,1022.3,34,58,53.4,False,7,1382.0,1
ag-00130,2026-04-08T13:05:00,W-315,seminar,west,exam,35.1,26,16,191.7,0.188,3.0,25.8,52.9,696.0,78,12,64.3,False,7,814.4,0
ag-00131,2026-05-07T16:15:00,W-334,lecture,west,lecture,106.8,93,80,743.3,0.241,17.8,21.6,49.6,1189.5,90,0,65.9,True,6,1466.1,1
ag-00132,2026-03-16T13:25:00,W-579,lecture,west,lab,58.7,62,31,376.5,0.515,1.6,22.1,47.6,689.1,56,32,53.5,False,4,777.3,0
ag-00133,2026-02-26T11:00:00,W-311,lecture,west,lab,144.3,102,88,695.2,0.404,4.0,23.1,66.2,1028.2,90,0,63.3,False,5,1339.6,1
ag-00134,2026-04-28T12:30:00,E-442,lecture,east,practice,99.6,108,60,1337.6,0.655,12.7,21.4,58.1,743.5,0,86,59.5,False,1,885.8,0
ag-00135,2026-03-27T16:00:00,S-514,lab,south,practice,46.4,43,29,265.6,0.551,17.3,21.9,54.4,633.5,43,61,55.9,False,7,697.6,0
ag-00136,2026-03-23T10:30:00,N-361,lab,north,practice,52.1,37,20,392.6,0.572,4.7,22.9,64.0,599.3,22,67,56.5,False,3,725.9,0
ag-00137,2026-04-16T16:25:00,N-261,lecture,north,none,112.6,80,36,681.7,0.526,4.8,22.9,55.4,739.1,90,0,41.7,False,2,827.1,0
ag-00138,2026-04-24T09:50:00,C-578,lecture,central,practice,113.6,80,75,469.2,0.477,7.9,23.6,52.3,792.8,7,86,59.1,False,5,1053.2,0
ag-00139,2026-03-30T18:35:00,N-304,lecture,north,practice,100.8,98,50,645.8,0.661,12.0,20.9,52.3,696.6,0,90,46.8,False,2,846.4,0
ag-00140,2026-03-05T14:15:00,S-122,lecture,south,none,116.2,96,21,792.8,0.812,-1.3,23.3,51.8,673.7,71,22,49.1,False,6,840.8,0
ag-00141,2026-05-04T13:20:00,E-204,lab,east,practice,37.0,38,21,401.2,0.955,4.5,21.8,63.0,415.6,25,58,62.5,True,1,434.2,0
ag-00142,2026-02-22T16:35:00,S-191,lab,south,none,45.8,41,14,441.2,0.769,-2.0,21.7,42.1,481.8,53,46,46.3,False,4,488.5,0
ag-00143,2026-02-27T09:10:00,N-374,lecture,north,practice,129.0,101,64,513.6,0.37,6.4,26.1,57.7,926.7,38,64,62.3,False,6,1178.1,1
ag-00144,2026-04-09T17:20:00,S-359,coworking,south,lecture,25.6,22,17,235.6,0.823,9.8,23.5,47.6,498.9,16,72,60.2,False,7,574.3,0
ag-00145,2026-03-05T13:30:00,W-565,seminar,west,practice,41.6,46,35,386.7,0.314,3.6,23.9,40.8,542.2,36,52,59.5,False,5,726.6,0
ag-00146,2026-04-17T17:10:00,W-342,lecture,west,lab,113.8,81,88,891.7,0.676,14.7,25.6,68.0,940.4,36,58,68.8,False,5,1229.1,1
ag-00147,2026-02-15T13:25:00,S-378,lecture,south,lab,92.9,81,41,558.7,0.237,4.7,23.4,62.2,714.7,33,55,49.8,False,2,875.7,0
ag-00148,2026-03-29T12:45:00,C-490,seminar,central,lab,65.1,48,30,426.5,0.912,10.4,21.9,50.9,413.6,26,66,64.3,False,7,425.7,0
ag-00149,2026-04-18T15:30:00,E-198,seminar,east,exam,72.4,55,43,377.8,0.401,1.6,22.9,68.8,705.3,44,34,72.9,False,1,904.1,0
ag-00150,2026-04-26T14:30:00,C-394,seminar,central,practice,32.2,27,10,139.0,0.355,17.8,24.6,48.8,623.6,42,50,54.1,False,7,792.4,0
ag-00151,2026-04-05T08:35:00,C-322,lecture,central,lecture,89.5,96,63,762.5,0.494,16.0,24.4,58.4,714.3,48,41,61.2,False,6,1042.9,0
ag-00152,2026-04-05T10:55:00,N-545,lab,north,lecture,39.7,31,28,206.4,0.222,15.4,23.8,68.4,526.5,23,63,60.1,False,2,628.7,0
ag-00153,2026-02-11T18:30:00,S-337,lecture,south,lecture,122.7,90,62,871.0,0.504,2.4,23.0,44.8,808.3,18,82,59.1,False,3,935.4,0
ag-00154,2026-03-18T17:45:00,N-470,seminar,north,lecture,51.1,52,40,328.9,0.506,1.7,28.1,53.1,681.4,44,34,61.2,False,3,994.4,0
ag-00155,2026-03-04T11:15:00,S-531,lecture,south,lecture,107.9,78,34,498.0,0.699,-0.6,19.7,56.1,614.3,56,32,47.2,False,2,787.2,0
ag-00156,2026-04-09T09:20:00,W-551,coworking,west,lecture,26.3,25,22,211.2,0.334,-0.5,22.2,59.7,628.4,29,50,72.9,False,1,826.2,0
ag-00157,2026-03-08T08:20:00,S-578,seminar,south,practice,76.8,58,41,349.2,0.279,12.3,23.8,67.9,699.2,27,64,59.0,True,6,872.4,0
ag-00158,2026-05-12T17:20:00,W-440,seminar,west,lab,64.8,63,59,521.4,0.516,7.3,25.0,64.9,1016.1,90,6,62.4,True,4,1274.8,1
ag-00159,2026-04-18T10:00:00,N-394,lab,north,lecture,50.3,38,31,487.1,0.803,13.2,24.2,59.4,817.9,71,14,66.9,False,1,1045.9,0
ag-00160,2026-04-18T15:35:00,W-435,lab,west,none,47.6,36,10,422.8,0.753,14.2,22.0,64.3,380.0,17,67,44.8,False,6,328.0,0
ag-00161,2026-02-19T09:55:00,N-186,lab,north,lecture,41.6,36,26,279.5,0.705,5.6,23.3,55.6,416.8,0,81,61.1,False,2,566.3,0
ag-00162,2026-05-17T10:30:00,S-120,lecture,south,practice,91.4,87,52,902.0,0.525,19.0,23.5,34.3,808.1,75,16,52.8,True,7,1089.2,0
ag-00163,2026-03-15T12:50:00,E-184,lecture,east,lecture,70.8,77,57,754.1,0.448,1.4,24.5,57.5,839.1,86,6,62.2,False,4,1137.0,1
ag-00164,2026-03-04T13:50:00,W-271,coworking,west,practice,71.9,65,47,771.8,0.718,7.6,24.7,55.0,788.6,50,49,68.9,False,5,909.6,0
ag-00165,2026-04-30T10:15:00,N-506,seminar,north,practice,47.7,34,8,147.8,0.21,14.3,24.0,63.9,439.9,52,33,52.2,False,7,276.9,0
ag-00166,2026-03-02T13:25:00,E-565,coworking,east,lecture,87.0,74,39,583.5,0.42,8.4,23.9,50.9,536.1,45,44,50.8,False,2,743.1,0
ag-00167,2026-04-08T12:55:00,W-203,lab,west,lecture,37.1,38,28,229.5,0.457,5.7,22.3,71.4,488.1,44,41,57.1,False,5,627.9,0
ag-00168,2026-05-06T13:20:00,C-218,seminar,central,lecture,34.1,29,26,226.6,0.331,16.9,23.8,54.5,730.0,56,37,60.6,True,6,683.3,0
ag-00169,2026-02-24T08:50:00,W-299,seminar,west,lecture,43.6,39,32,350.1,0.445,0.5,24.0,53.4,626.2,66,30,61.4,False,2,715.1,0
ag-00170,2026-03-01T12:55:00,W-447,seminar,west,lecture,52.5,43,34,201.8,0.256,11.3,25.8,62.3,749.6,15,83,53.8,False,1,820.7,0
ag-00171,2026-03-03T18:30:00,W-430,coworking,west,exam,51.9,49,46,312.4,0.178,-5.0,20.2,67.8,806.2,39,60,60.2,False,4,998.1,0
ag-00172,2026-02-28T11:50:00,S-243,seminar,south,lab,47.4,36,24,315.6,0.426,2.4,24.5,45.8,557.7,29,55,65.5,False,7,541.3,0
ag-00173,2026-05-18T14:10:00,E-154,lecture,east,exam,80.2,73,86,570.8,0.692,16.0,25.9,73.5,759.4,59,25,70.3,True,7,1094.3,1
ag-00174,2026-04-26T10:35:00,S-266,lecture,south,lecture,86.1,69,49,681.9,0.871,7.4,21.9,54.2,649.2,67,27,61.9,False,6,904.8,0
ag-00175,2026-03-21T10:10:00,C-483,seminar,central,lecture,52.4,52,39,529.3,0.508,7.4,23.8,59.9,716.2,90,9,64.1,False,2,867.7,0
ag-00176,2026-04-06T17:55:00,W-258,lecture,west,lecture,76.1,68,36,479.0,0.579,13.4,21.9,68.5,669.1,56,30,51.9,False,7,794.1,0
ag-00177,2026-04-12T08:20:00,S-159,lecture,south,practice,83.9,77,51,320.7,0.051,14.1,22.8,51.7,814.5,58,34,55.9,False,7,1099.1,0
ag-00178,2026-02-11T14:00:00,W-530,seminar,west,exam,76.2,63,61,375.1,0.354,1.7,23.8,68.9,694.3,0,89,62.3,False,2,859.1,0
ag-00179,2026-04-05T16:30:00,N-173,lecture,north,practice,99.7,71,52,743.2,0.801,11.6,22.9,50.6,643.9,28,52,64.2,False,1,941.8,0
ag-00180,2026-05-18T13:35:00,S-262,lecture,south,lecture,105.3,86,75,665.5,0.512,18.1,21.6,43.7,1087.8,79,18,57.9,True,4,1336.1,1
ag-00181,2026-04-15T14:20:00,S-178,lecture,south,lab,81.2,59,46,313.9,0.388,9.2,23.9,74.2,713.7,34,65,61.0,True,1,952.7,0
ag-00182,2026-04-24T08:50:00,E-554,lecture,east,none,125.7,112,25,848.6,0.387,8.0,21.4,61.8,575.3,70,18,48.2,False,3,750.3,0
ag-00183,2026-02-19T15:25:00,C-228,seminar,central,lecture,35.3,33,18,324.4,0.482,8.4,23.7,55.2,532.5,16,74,55.3,False,1,426.3,0
ag-00184,2026-04-23T11:50:00,C-577,coworking,central,practice,66.3,48,45,235.4,0.27,9.7,25.2,56.9,601.0,0,89,57.2,False,7,856.5,0
ag-00185,2026-04-26T18:35:00,S-275,coworking,south,lecture,33.3,35,17,329.7,0.348,15.3,21.8,55.5,612.8,58,31,54.6,False,1,627.8,0
ag-00186,2026-03-15T09:30:00,N-319,seminar,north,none,58.8,54,1,504.0,0.508,3.1,21.4,49.7,380.0,22,61,49.4,False,4,377.2,0
ag-00187,2026-04-15T14:35:00,W-201,coworking,west,none,62.1,55,7,496.4,0.365,15.8,21.4,53.5,513.6,64,34,46.5,False,2,662.4,0
ag-00188,2026-04-30T15:50:00,W-488,lecture,west,lecture,55.9,59,50,494.3,0.56,17.7,22.9,67.1,786.8,71,14,65.3,False,4,983.3,0
ag-00189,2026-05-01T17:15:00,E-353,lab,east,practice,29.9,23,24,193.6,0.633,21.4,23.4,63.8,726.4,58,35,63.6,True,6,900.2,0
ag-00190,2026-03-28T10:00:00,C-505,lecture,central,lecture,112.1,83,37,812.0,0.763,8.4,25.1,69.3,674.7,20,74,56.2,False,3,852.9,0
ag-00191,2026-04-30T09:45:00,W-330,lecture,west,practice,77.4,62,37,565.3,0.669,18.9,22.1,55.6,796.1,65,9,56.3,True,7,925.8,0
ag-00192,2026-03-16T10:50:00,C-227,lecture,central,lecture,95.4,96,87,571.5,0.277,11.0,26.1,55.9,886.0,23,70,71.4,False,4,1132.6,1
ag-00193,2026-04-17T08:15:00,N-585,coworking,north,lecture,44.2,31,15,305.9,0.53,13.1,24.7,40.9,578.3,42,39,56.5,False,1,646.8,0
ag-00194,2026-03-14T11:35:00,N-251,lab,north,none,44.4,41,10,636.8,0.983,10.8,20.8,43.8,380.0,26,63,50.0,False,4,372.5,0
ag-00195,2026-04-19T13:20:00,W-375,lecture,west,lab,153.7,108,77,573.5,0.096,11.5,22.6,56.7,939.3,15,78,63.4,False,4,1294.4,1
ag-00196,2026-03-10T15:35:00,N-425,lab,north,lecture,52.3,42,37,393.0,0.844,3.7,20.5,59.3,507.7,27,69,65.2,False,1,654.0,0
ag-00197,2026-04-21T13:00:00,N-399,seminar,north,practice,73.2,55,18,392.2,0.408,16.7,21.5,56.4,602.8,59,24,54.9,False,7,695.7,0
ag-00198,2026-03-16T15:40:00,C-281,seminar,central,none,60.1,50,14,544.2,0.564,11.0,23.1,42.0,531.9,61,27,52.2,False,2,616.9,0
ag-00199,2026-02-21T14:50:00,S-597,lab,south,lecture,38.1,40,34,264.9,0.696,7.5,23.7,63.4,486.2,29,54,67.5,True,6,578.6,0
ag-00200,2026-04-27T17:45:00,W-249,lecture,west,none,82.0,78,8,567.4,0.289,15.4,22.3,36.8,451.0,36,54,46.6,False,3,485.7,0
ag-00201,2026-04-25T10:05:00,W-530,seminar,west,lecture,43.3,42,44,285.2,0.384,22.8,21.9,76.2,666.6,0,90,67.3,True,7,992.5,0
ag-00202,2026-02-27T13:05:00,C-538,lecture,central,lab,155.0,115,86,1202.4,0.581,3.0,23.9,61.4,1014.8,48,39,61.6,False,6,1420.7,1
ag-00203,2026-04-01T16:00:00,E-541,lab,east,lab,42.8,32,20,436.7,0.972,16.7,25.0,61.2,605.8,17,87,55.8,False,4,667.8,0
ag-00204,2026-02-16T10:15:00,S-383,lecture,south,lecture,118.9,103,65,1089.1,0.535,-0.1,23.5,52.7,883.6,69,24,58.3,False,4,1123.0,1
ag-00205,2026-04-21T09:05:00,E-449,lecture,east,lab,73.4,76,63,322.0,0.097,15.9,25.1,66.8,852.6,0,77,58.3,False,6,1198.1,1
ag-00206,2026-03-10T09:05:00,C-515,seminar,central,lecture,26.5,29,20,233.5,0.669,4.7,25.0,77.6,467.4,50,40,59.5,False,3,591.4,0
ag-00207,2026-04-06T13:10:00,W-353,lab,west,exam,37.9,41,28,326.8,0.711,12.0,22.7,45.9,596.5,60,38,56.9,False,4,804.3,0
ag-00208,2026-05-03T08:30:00,E-138,seminar,east,practice,29.2,23,13,276.2,0.812,27.1,22.9,50.9,398.1,12,79,57.1,True,7,416.0,0
ag-00209,2026-03-31T09:30:00,W-290,lab,west,practice,39.7,36,28,451.1,0.667,7.5,24.8,58.8,666.9,72,28,66.8,True,6,864.4,0
ag-00210,2026-02-18T17:20:00,W-412,lab,west,lecture,21.3,22,17,198.5,0.36,1.1,23.9,65.3,724.8,83,9,70.8,True,2,756.2,0
ag-00211,2026-03-09T16:10:00,W-576,seminar,west,practice,26.6,20,12,120.6,0.227,0.4,24.7,66.6,617.4,85,6,59.5,False,7,789.6,0
ag-00212,2026-03-11T13:45:00,S-558,lecture,south,lecture,74.2,80,68,380.4,0.334,-0.5,25.3,62.2,909.3,58,17,55.0,True,2,1119.1,1
ag-00213,2026-05-17T15:20:00,N-350,lecture,north,practice,99.6,102,65,1006.3,0.406,24.1,23.5,71.7,931.5,74,9,57.2,True,3,1151.6,1
ag-00214,2026-02-22T15:10:00,S-223,lecture,south,lecture,84.0,93,34,745.3,0.627,-8.5,24.0,53.5,473.2,33,49,44.0,False,6,420.6,0
ag-00215,2026-04-30T11:40:00,C-595,seminar,central,lecture,37.2,39,34,317.8,0.635,19.3,23.8,60.1,579.9,0,88,66.4,False,4,803.2,0
ag-00216,2026-02-11T08:55:00,E-199,lab,east,lab,46.8,36,26,185.2,0.297,-2.4,25.1,56.5,669.8,22,64,53.3,False,7,829.5,0
ag-00217,2026-02-12T09:50:00,S-410,lecture,south,lab,102.0,83,64,801.5,0.747,-6.2,24.7,61.3,739.3,44,25,71.1,False,3,917.4,0
ag-00218,2026-05-02T15:05:00,C-189,seminar,central,lab,19.3,21,15,165.8,0.391,14.1,23.4,52.6,629.8,26,77,61.5,True,6,636.9,0
ag-00219,2026-03-26T12:50:00,E-573,lecture,east,exam,52.2,57,56,420.0,0.647,10.4,26.0,61.1,773.7,38,53,70.2,False,7,1004.7,1
ag-00220,2026-04-14T09:05:00,W-239,lab,west,lab,54.4,38,23,273.7,0.491,3.1,23.0,47.8,650.4,68,24,54.0,False,5,870.8,0
ag-00221,2026-04-09T12:10:00,S-151,lab,south,practice,29.0,28,13,278.5,0.803,0.8,22.3,61.3,426.6,2,89,53.8,False,6,448.5,0
ag-00222,2026-03-20T12:45:00,S-570,seminar,south,lecture,44.8,38,20,275.8,0.491,2.9,24.7,49.5,521.7,25,74,60.1,False,4,568.9,0
ag-00223,2026-04-25T14:10:00,N-297,lab,north,lecture,30.2,21,16,226.1,0.624,12.0,23.4,47.8,551.1,14,71,65.7,False,6,649.3,0
ag-00224,2026-04-02T12:25:00,C-324,seminar,central,lecture,24.3,24,12,101.1,0.224,9.5,21.8,57.1,729.3,72,17,53.1,False,6,887.1,0
ag-00225,2026-03-30T15:50:00,C-408,lab,central,exam,23.6,24,27,206.8,0.569,9.2,23.9,56.1,485.3,0,79,69.5,False,7,473.1,0
ag-00226,2026-04-28T17:45:00,E-384,seminar,east,none,48.2,50,18,320.6,0.298,9.1,24.5,40.6,543.7,35,55,48.9,True,2,617.8,0
ag-00227,2026-03-28T10:20:00,N-172,seminar,north,none,41.4,34,6,273.0,0.433,10.1,22.2,53.4,491.2,42,51,43.1,False,7,599.5,0
ag-00228,2026-02-27T11:15:00,N-237,seminar,north,lecture,47.7,33,20,248.0,0.416,-0.4,23.7,41.8,525.6,60,32,56.7,False,6,601.2,0
ag-00229,2026-02-24T09:20:00,E-405,lab,east,lecture,42.1,41,39,288.3,0.311,2.5,22.5,60.6,810.3,64,22,63.5,False,6,986.0,0
ag-00230,2026-03-04T09:20:00,E-582,lecture,east,lecture,78.4,57,43,527.6,0.881,-0.7,23.7,56.9,757.7,83,9,61.3,False,2,878.8,0
ag-00231,2026-02-20T09:55:00,N-453,lecture,north,practice,122.1,118,74,1384.4,0.623,-0.1,24.7,66.6,1005.7,68,19,61.2,False,6,1253.3,1
ag-00232,2026-04-09T10:40:00,S-136,seminar,south,lecture,18.3,20,13,134.6,0.306,10.4,22.7,50.6,563.2,69,17,52.6,False,1,772.1,0
ag-00233,2026-03-17T10:15:00,W-348,seminar,west,practice,48.8,50,37,345.0,0.285,-1.0,22.4,51.3,748.4,53,38,65.4,False,6,808.9,0
ag-00234,2026-04-07T14:50:00,S-161,seminar,south,none,25.3,22,4,184.0,0.311,8.0,22.6,48.0,555.9,87,0,42.4,False,2,499.9,0
ag-00235,2026-03-08T09:45:00,E-520,seminar,east,exam,60.3,44,49,310.8,0.485,12.0,23.1,61.4,750.3,39,55,59.9,False,1,948.7,0
ag-00236,2026-03-17T16:15:00,C-122,seminar,central,lecture,77.2,63,43,684.8,0.593,4.7,24.4,59.0,565.3,61,18,57.8,False,5,828.5,0
ag-00237,2026-04-15T08:30:00,W-140,seminar,west,lab,73.7,54,60,544.2,0.539,8.9,23.7,67.6,791.2,32,54,61.7,False,3,1074.4,0
ag-00238,2026-02-19T09:40:00,E-195,lecture,east,lab,94.9,98,63,635.2,0.253,0.5,25.3,42.1,956.6,90,19,44.3,False,4,1252.5,1
ag-00239,2026-05-19T09:40:00,W-339,lecture,west,lab,61.3,60,45,538.6,0.459,14.4,23.5,44.8,608.8,64,17,67.9,True,5,779.3,0
ag-00240,2026-04-17T14:30:00,W-275,seminar,west,practice,25.6,25,15,165.7,0.222,12.9,22.6,47.9,580.0,11,75,58.1,False,5,698.3,0
ag-00241,2026-02-10T17:35:00,W-358,coworking,west,practice,65.4,51,40,348.2,0.42,-6.7,26.0,52.7,728.8,81,13,62.5,False,7,932.3,0
ag-00242,2026-02-19T11:00:00,C-386,lecture,central,lab,161.7,126,119,831.6,0.192,-5.4,25.3,78.5,1279.1,42,45,58.8,False,2,2054.9,1
ag-00243,2026-03-09T18:30:00,S-590,seminar,south,none,35.9,36,6,308.4,0.505,6.7,20.2,60.0,477.6,29,69,46.1,False,5,474.7,0
ag-00244,2026-02-28T14:45:00,N-164,lecture,north,lecture,129.2,124,92,871.3,0.171,-6.8,20.5,55.1,1019.3,4,84,61.0,False,6,1535.7,1
ag-00245,2026-03-05T17:55:00,E-150,seminar,east,lecture,25.3,21,6,166.6,0.398,1.9,22.8,41.8,515.9,86,21,51.6,False,7,660.0,0
ag-00246,2026-05-18T18:05:00,S-246,lecture,south,practice,130.9,91,82,749.1,0.298,15.1,25.5,58.2,813.1,35,56,63.1,True,5,1207.2,1
ag-00247,2026-03-11T12:30:00,C-517,lab,central,practice,34.7,24,11,228.2,0.571,5.4,26.3,58.4,430.0,25,70,64.3,False,3,451.8,0
ag-00248,2026-04-30T10:45:00,E-123,lecture,east,lecture,101.5,81,72,538.7,0.289,11.3,24.1,60.3,959.9,19,54,60.7,False,4,1347.4,1
ag-00249,2026-03-11T18:25:00,C-531,lab,central,lecture,31.0,29,21,202.6,0.233,6.6,26.0,48.2,798.4,90,8,60.8,False,7,837.0,0
ag-00250,2026-03-26T10:05:00,N-385,seminar,north,practice,36.2,27,15,157.7,0.202,11.4,25.2,52.8,541.9,13,77,58.6,False,7,582.0,0
ag-00251,2026-03-07T15:15:00,S-533,lecture,south,lab,98.6,94,90,893.9,0.521,1.4,25.3,62.6,1172.6,82,18,66.0,False,1,1650.7,1
ag-00252,2026-05-11T15:50:00,W-207,lecture,west,lecture,73.7,73,58,456.3,0.375,18.1,26.5,63.4,977.4,90,7,52.2,True,5,1364.2,1
ag-00253,2026-05-02T08:25:00,N-233,coworking,north,none,41.3,31,15,196.6,0.247,12.6,22.1,56.2,620.2,75,23,53.2,True,7,598.6,0
ag-00254,2026-04-09T18:20:00,N-477,lecture,north,lab,80.3,72,66,281.7,0.133,12.6,25.1,66.2,905.1,57,25,69.1,False,3,1296.7,1
ag-00255,2026-04-14T10:25:00,C-292,lab,central,none,35.8,30,3,203.8,0.489,9.7,25.8,40.6,489.7,26,90,47.3,False,4,558.8,0
ag-00256,2026-02-23T11:35:00,E-280,lecture,east,none,109.8,87,23,727.1,0.494,3.9,22.7,55.9,586.4,59,32,42.1,False,6,677.5,0
ag-00257,2026-04-20T10:05:00,E-363,lecture,east,lab,119.1,90,73,947.3,0.5,7.1,25.4,51.9,805.4,23,77,58.9,False,1,1019.3,0
ag-00258,2026-03-04T16:25:00,E-212,lecture,east,lecture,96.0,92,65,486.8,0.233,7.1,23.9,62.4,1032.7,37,46,59.8,True,3,1390.2,1
ag-00259,2026-05-03T12:10:00,S-526,lab,south,practice,19.2,20,11,295.9,0.865,16.6,24.2,50.5,473.7,15,71,50.3,True,5,576.3,0
ag-00260,2026-04-23T09:40:00,N-284,lab,north,lab,31.3,27,27,243.8,0.584,7.8,23.5,80.6,535.8,35,49,72.2,False,7,584.1,0
ag-00261,2026-05-01T11:20:00,E-371,seminar,east,practice,50.1,43,35,330.9,0.409,15.0,23.2,55.4,623.8,38,51,59.7,True,5,736.7,0
ag-00262,2026-03-27T08:00:00,E-322,lab,east,lecture,32.2,27,16,257.0,0.64,5.9,21.8,64.6,610.6,43,66,54.5,False,5,723.3,0
ag-00263,2026-04-27T15:20:00,W-537,lecture,west,lecture,68.0,61,59,580.7,0.92,8.4,24.1,59.4,733.9,5,90,62.2,True,7,1074.0,0
ag-00264,2026-02-11T11:30:00,S-556,lab,south,none,43.5,41,1,510.8,0.698,5.8,21.6,50.9,488.6,47,31,43.0,False,3,539.5,0
ag-00265,2026-04-05T18:20:00,W-238,lecture,west,none,115.3,101,18,462.9,0.084,14.4,20.4,37.6,663.7,35,48,45.6,False,3,738.9,0
ag-00266,2026-05-07T16:20:00,S-521,lab,south,lab,46.3,43,20,629.2,0.883,12.8,23.5,44.6,399.7,39,59,54.9,True,1,512.4,0
ag-00267,2026-03-13T14:40:00,E-227,lab,east,lecture,21.1,19,12,217.0,0.693,9.4,23.6,59.4,380.0,24,60,63.7,False,2,236.8,0
ag-00268,2026-04-29T18:35:00,E-233,seminar,east,practice,45.8,32,15,100.8,0.064,11.3,21.1,61.1,474.6,0,85,53.7,False,1,552.3,0
ag-00269,2026-04-02T18:30:00,W-283,seminar,west,practice,42.0,42,11,263.6,0.447,7.0,23.3,54.4,667.5,88,0,45.7,False,2,638.5,0
ag-00270,2026-04-28T15:50:00,E-511,lecture,east,lecture,67.1,60,50,587.1,0.481,14.5,23.7,72.3,781.8,29,64,64.3,False,3,1066.5,0
ag-00271,2026-03-15T12:30:00,W-327,seminar,west,none,32.7,31,4,172.7,0.504,-3.1,23.8,43.4,463.8,61,21,39.8,False,5,437.5,0
ag-00272,2026-05-11T17:40:00,E-350,lecture,east,lab,55.8,56,53,304.1,0.216,13.4,26.2,57.7,826.9,0,84,71.2,True,6,986.9,0
ag-00273,2026-04-05T13:15:00,S-457,seminar,south,lab,72.5,63,34,540.3,0.368,11.0,22.9,61.6,624.3,6,77,57.8,False,1,780.9,0
ag-00274,2026-03-26T14:40:00,N-243,lecture,north,practice,125.2,123,71,848.3,0.187,12.6,26.7,57.1,849.3,75,23,53.3,False,7,1076.4,1
ag-00275,2026-02-13T18:15:00,C-530,lecture,central,practice,80.4,64,46,532.6,0.385,4.7,25.2,53.1,847.8,73,13,62.9,False,3,1029.9,0
ag-00276,2026-03-16T11:40:00,W-576,coworking,west,lab,50.2,50,45,444.0,0.673,-4.3,23.5,74.1,644.3,36,65,66.9,False,2,812.3,0
ag-00277,2026-02-09T10:40:00,W-309,lecture,west,practice,59.6,60,39,476.6,0.791,0.9,20.4,56.5,708.1,50,37,60.4,False,1,828.9,0
ag-00278,2026-03-12T18:40:00,N-454,lecture,north,lab,120.6,122,86,695.3,0.428,6.6,23.5,56.2,1084.4,35,46,70.0,False,5,1622.2,1
ag-00279,2026-05-14T17:35:00,C-211,lab,central,practice,40.9,43,28,343.0,0.721,20.1,21.6,59.7,543.1,45,48,60.1,True,1,764.6,0
ag-00280,2026-04-08T10:30:00,W-412,lab,west,practice,33.2,33,29,257.8,0.317,16.3,22.6,50.1,662.0,75,17,61.7,False,7,717.2,0
ag-00281,2026-03-26T12:55:00,S-199,lecture,south,lab,153.9,128,83,916.0,0.319,2.8,23.2,46.8,995.2,40,48,54.0,False,4,1241.3,1
ag-00282,2026-05-17T10:20:00,E-105,coworking,east,practice,67.2,65,39,506.8,0.404,16.1,22.9,52.6,761.2,25,78,53.0,True,2,827.0,0
ag-00283,2026-05-13T16:10:00,N-306,lecture,north,lab,140.0,109,85,847.7,0.623,16.3,24.6,77.2,909.2,41,57,56.7,True,3,1181.5,1
ag-00284,2026-04-27T15:10:00,W-550,seminar,west,lab,81.7,61,43,438.8,0.511,16.5,23.7,54.4,604.8,76,2,67.4,False,3,593.2,0
ag-00285,2026-05-17T10:50:00,S-544,lecture,south,lecture,89.2,80,77,595.8,0.298,19.4,26.7,61.2,1006.7,88,0,68.9,True,4,1334.8,1
ag-00286,2026-03-03T08:30:00,S-306,coworking,south,practice,74.6,60,36,576.8,0.674,9.8,25.0,52.2,676.9,47,28,57.3,False,6,881.7,0
ag-00287,2026-04-16T17:35:00,W-544,lecture,west,lecture,143.5,118,80,564.8,0.189,12.4,24.7,59.7,1010.0,56,35,62.9,False,1,1168.6,1
ag-00288,2026-02-12T18:10:00,C-184,seminar,central,none,35.5,36,13,372.0,0.528,8.1,24.8,48.1,409.9,16,84,53.9,True,3,380.4,0
ag-00289,2026-02-24T11:55:00,W-174,lab,west,lecture,31.7,28,18,256.8,0.63,7.6,24.3,60.2,438.5,31,68,77.9,False,3,601.8,0
ag-00290,2026-05-13T10:30:00,E-445,lab,east,lecture,38.0,30,14,185.4,0.373,19.3,22.6,57.8,442.7,11,68,57.6,True,6,570.2,0
ag-00291,2026-03-28T11:10:00,W-515,seminar,west,lecture,46.8,46,27,339.9,0.36,10.7,24.9,45.4,535.8,38,51,55.4,False,1,661.3,0
ag-00292,2026-03-22T17:00:00,N-342,lecture,north,none,101.7,92,52,901.7,0.789,3.8,22.1,52.6,870.3,39,54,49.9,False,1,1070.4,0
ag-00293,2026-05-17T11:30:00,N-417,seminar,north,practice,57.0,50,53,431.2,0.391,9.7,23.2,64.4,854.6,51,25,69.7,True,3,1146.4,1
ag-00294,2026-03-10T08:15:00,C-267,coworking,central,exam,28.5,30,22,201.2,0.168,7.8,22.2,52.7,630.9,44,49,59.3,False,1,682.9,0
ag-00295,2026-03-13T13:20:00,N-253,lab,north,lecture,36.9,29,15,164.1,0.379,2.9,25.2,52.5,568.3,46,48,51.0,False,4,730.6,0
ag-00296,2026-03-03T16:45:00,E-216,lecture,east,lecture,112.3,84,60,506.0,0.2,2.6,23.5,56.4,880.5,61,35,54.3,False,3,1134.3,1
ag-00297,2026-02-09T18:00:00,C-224,lab,central,lecture,43.3,34,28,303.9,0.58,0.1,22.1,60.6,722.8,67,16,58.6,False,5,957.0,0
ag-00298,2026-05-15T16:40:00,S-199,seminar,south,lecture,86.2,61,41,429.1,0.547,21.8,23.4,44.6,836.0,82,17,58.3,True,6,1093.7,0
ag-00299,2026-02-23T11:40:00,C-250,lab,central,lecture,43.8,41,43,470.6,0.979,-0.3,24.4,63.8,732.8,26,59,68.6,False,1,879.2,0
ag-00300,2026-04-03T17:35:00,S-343,lecture,south,practice,123.8,99,70,898.8,0.502,8.3,22.1,61.6,1041.3,31,53,61.8,False,5,1427.0,1
ag-00301,2026-04-14T17:00:00,W-165,lecture,west,lab,123.9,97,56,652.3,0.426,13.5,23.9,52.3,881.8,48,51,55.9,False,2,1113.0,1
ag-00302,2026-04-01T18:10:00,N-289,lecture,north,lecture,162.1,127,126,674.8,0.389,2.4,27.3,71.4,1123.6,28,53,68.4,False,2,1427.1,1
ag-00303,2026-05-08T08:00:00,E-209,seminar,east,none,27.2,28,11,165.3,0.477,6.9,23.3,68.7,416.6,7,83,51.3,True,2,338.7,0
ag-00304,2026-03-27T11:30:00,N-374,lecture,north,lecture,72.1,71,71,541.6,0.551,2.5,24.4,60.6,723.9,2,87,64.4,False,4,1083.6,0
ag-00305,2026-05-12T17:55:00,C-501,seminar,central,lecture,36.8,36,29,294.5,0.478,19.2,24.4,61.1,703.9,44,41,63.2,True,6,815.9,0
ag-00306,2026-03-01T17:15:00,N-183,lecture,north,lecture,101.5,91,89,484.5,0.178,8.3,26.2,59.0,1102.9,47,33,61.0,False,3,1372.8,1
ag-00307,2026-02-24T14:55:00,N-562,lecture,north,lab,89.2,72,40,449.6,0.137,5.9,20.6,49.1,699.9,19,71,54.9,False,7,869.1,0
ag-00308,2026-05-19T17:20:00,C-573,seminar,central,none,49.3,46,31,322.8,0.425,15.7,18.7,57.5,704.4,42,56,65.0,True,2,819.2,0
ag-00309,2026-04-23T18:10:00,S-353,lab,south,lecture,20.6,21,17,186.7,0.307,15.4,23.6,58.4,589.5,57,29,60.1,False,4,713.3,0
ag-00310,2026-03-20T08:50:00,E-374,seminar,east,lab,74.6,54,42,348.4,0.535,0.3,26.0,68.1,637.2,38,50,46.7,True,4,862.6,0
ag-00311,2026-02-20T14:10:00,C-137,lecture,central,lecture,68.3,68,47,624.8,0.42,-5.1,21.8,47.7,699.6,42,57,55.8,False,3,957.5,0
ag-00312,2026-04-18T12:35:00,E-290,lab,east,none,43.7,40,7,248.9,0.454,13.7,20.8,53.6,599.1,41,51,46.5,False,2,530.0,0
ag-00313,2026-05-16T15:25:00,W-488,seminar,west,lab,44.2,49,23,207.8,0.053,13.6,23.7,63.2,717.4,32,52,60.9,True,4,790.5,0
ag-00314,2026-05-05T14:15:00,W-473,lab,west,practice,46.4,44,26,309.3,0.667,1.1,22.8,59.1,780.5,86,17,49.9,True,7,964.1,0
ag-00315,2026-04-19T15:00:00,N-376,seminar,north,lab,63.9,60,59,330.4,0.276,21.7,25.2,67.0,1004.8,89,0,65.2,False,7,1223.9,1
ag-00316,2026-03-13T14:50:00,S-170,lecture,south,lecture,78.1,71,41,384.5,0.206,-4.5,22.2,50.7,929.8,63,37,61.7,False,3,1318.1,1
ag-00317,2026-04-10T10:20:00,N-574,seminar,north,lab,35.7,35,23,246.6,0.252,8.1,23.1,68.4,551.0,81,0,60.9,False,2,620.2,0
ag-00318,2026-02-17T10:45:00,E-378,seminar,east,practice,40.1,28,18,173.8,0.466,5.7,25.4,55.8,499.8,18,88,50.4,False,6,627.5,0
ag-00319,2026-05-07T18:20:00,W-209,lab,west,none,29.7,24,10,205.1,0.488,16.5,21.4,57.8,475.2,41,45,50.9,True,1,598.6,0
ag-00320,2026-02-21T11:20:00,S-335,seminar,south,none,73.0,52,1,363.1,0.25,-4.9,23.5,49.4,423.6,0,73,48.6,False,3,402.4,0
ag-00321,2026-02-12T12:25:00,W-563,lecture,west,practice,168.3,128,51,1023.7,0.66,2.8,23.1,35.0,675.2,47,45,58.6,False,3,881.5,0
ag-00322,2026-03-06T10:10:00,W-168,coworking,west,practice,59.5,62,37,623.4,0.921,-1.0,22.5,61.0,613.1,82,6,54.7,True,1,712.2,0
ag-00323,2026-04-28T15:55:00,E-208,lecture,east,practice,59.2,57,52,342.6,0.4,8.7,23.5,65.8,1095.6,75,5,61.3,False,4,1204.6,1
ag-00324,2026-04-23T17:25:00,C-477,lab,central,lecture,52.1,37,36,499.4,0.787,20.5,21.7,55.1,654.7,64,4,67.6,False,4,754.2,0
ag-00325,2026-03-20T16:05:00,E-265,coworking,east,lab,33.3,25,12,175.4,0.144,-0.0,23.1,62.0,490.1,29,60,61.1,False,5,542.9,0
ag-00326,2026-05-17T13:40:00,E-126,seminar,east,lecture,52.9,43,11,294.0,0.385,18.5,21.3,52.8,452.8,26,63,51.7,True,5,500.7,0
ag-00327,2026-03-15T15:40:00,W-525,lab,west,lecture,55.3,44,38,432.9,0.52,5.0,22.5,63.8,596.0,54,37,63.2,False,4,786.4,0
ag-00328,2026-03-16T12:55:00,E-357,coworking,east,practice,88.8,64,61,348.2,0.333,-2.3,23.8,70.6,1033.1,84,0,60.6,False,7,1201.8,1
ag-00329,2026-04-14T15:20:00,W-368,seminar,west,lecture,86.5,63,50,222.1,0.13,6.7,25.9,33.3,956.1,30,59,58.1,False,6,1159.6,1
ag-00330,2026-03-08T13:30:00,N-452,seminar,north,none,45.8,43,2,363.8,0.281,4.6,23.5,51.7,443.8,37,54,40.5,False,7,658.0,0
ag-00331,2026-03-01T17:35:00,E-488,seminar,east,lecture,47.7,50,49,467.4,0.356,-4.4,21.7,62.3,693.1,11,78,65.4,True,1,949.1,0
ag-00332,2026-04-11T09:45:00,C-417,lecture,central,lab,135.9,109,92,574.0,0.425,5.3,24.6,60.1,1205.3,70,12,65.2,False,7,1710.6,1
ag-00333,2026-04-07T09:30:00,N-135,lecture,north,exam,88.6,74,63,513.5,0.715,21.0,26.2,65.9,849.3,51,24,63.2,False,1,1166.2,1
ag-00334,2026-04-20T11:15:00,W-437,seminar,west,lab,46.9,48,39,200.9,0.223,13.2,22.8,56.3,868.1,33,47,63.8,True,7,1078.3,0
ag-00335,2026-04-30T11:50:00,C-538,lecture,central,practice,110.2,113,84,473.8,0.149,18.3,24.9,60.6,995.7,44,53,63.7,False,5,1327.5,1
ag-00336,2026-03-23T10:15:00,N-136,seminar,north,lecture,62.6,51,34,630.0,0.845,15.0,21.1,48.8,551.8,53,32,50.9,False,2,650.3,0
ag-00337,2026-02-23T17:50:00,W-502,lecture,west,none,104.5,92,3,731.7,0.364,-3.7,20.8,51.2,380.0,20,62,41.8,False,7,385.7,0
ag-00338,2026-04-04T11:10:00,C-301,coworking,central,practice,23.0,24,21,252.5,0.475,11.6,24.5,62.0,555.2,88,0,72.7,False,1,548.6,0
ag-00339,2026-02-24T11:10:00,S-132,lecture,south,lecture,134.9,128,96,1151.3,0.399,4.3,22.3,64.4,1099.9,41,34,60.9,False,2,1558.6,1
ag-00340,2026-03-08T10:20:00,W-288,coworking,west,lecture,44.8,31,18,347.1,0.748,5.1,23.3,52.4,465.5,26,61,58.9,False,5,455.1,0
ag-00341,2026-03-24T18:40:00,W-461,seminar,west,lecture,42.9,31,37,313.3,0.627,4.8,26.1,74.4,614.4,0,83,67.8,True,2,762.0,0
ag-00342,2026-02-20T13:00:00,W-208,lecture,west,practice,117.3,84,32,417.6,0.425,-0.6,24.3,57.3,705.7,59,43,50.0,False,5,820.0,0
ag-00343,2026-04-12T15:00:00,N-553,coworking,north,lecture,19.0,21,16,194.0,0.747,14.4,24.7,59.3,552.2,67,28,65.7,False,2,787.2,0
ag-00344,2026-05-19T15:30:00,S-295,seminar,south,exam,45.4,41,45,334.7,0.912,25.7,25.5,78.4,543.8,46,44,71.1,True,6,684.3,0
ag-00345,2026-02-13T18:45:00,W-308,lab,west,lecture,25.2,23,12,202.8,0.481,4.3,24.3,72.7,456.5,0,86,59.7,False,5,465.7,0
ag-00346,2026-03-13T18:05:00,S-350,lecture,south,lab,148.8,121,76,1341.8,0.757,5.0,23.3,65.5,823.5,21,55,59.1,False,5,1164.5,1
ag-00347,2026-02-12T10:45:00,W-409,seminar,west,lecture,58.7,50,38,462.0,0.49,-1.2,21.5,65.3,669.9,8,80,63.6,False,4,821.7,0
ag-00348,2026-02-28T16:10:00,N-329,seminar,north,practice,34.4,30,15,229.8,0.729,0.6,24.3,68.2,474.4,72,8,55.2,False,7,549.1,0
ag-00349,2026-04-10T16:55:00,W-111,lab,west,exam,29.3,27,30,135.7,0.2,9.2,21.4,68.0,583.3,0,90,74.1,False,1,746.3,0
ag-00350,2026-02-18T09:20:00,C-495,lecture,central,lab,100.4,96,78,756.5,0.83,0.4,24.4,59.8,947.3,57,23,61.6,False,2,1386.7,1
ag-00351,2026-03-30T11:35:00,W-249,lab,west,practice,37.5,30,23,283.0,0.747,2.1,22.4,59.2,514.5,38,76,53.5,False,1,523.4,0
ag-00352,2026-04-14T13:30:00,C-185,lecture,central,exam,123.1,94,68,621.6,0.605,13.2,23.2,53.4,943.6,57,36,57.8,False,7,1321.4,1
ag-00353,2026-02-22T12:10:00,E-246,coworking,east,lab,102.1,76,55,675.8,0.711,-2.4,25.6,74.6,868.5,48,36,58.7,False,1,1019.7,1
ag-00354,2026-02-20T18:40:00,N-154,seminar,north,none,63.0,54,14,322.7,0.635,7.9,20.8,47.7,380.0,31,53,50.2,False,3,576.6,0
ag-00355,2026-03-29T08:45:00,N-287,lecture,north,lab,78.5,65,48,489.1,0.209,9.4,24.0,64.6,798.0,36,42,62.9,False,1,997.0,0
ag-00356,2026-04-24T08:40:00,E-210,seminar,east,lecture,62.6,44,28,278.0,0.172,12.6,23.5,60.6,553.4,35,52,62.8,False,1,654.6,0
ag-00357,2026-04-06T09:40:00,E-480,seminar,east,lab,18.7,20,17,156.8,0.323,7.3,25.2,55.2,654.6,85,4,62.9,False,3,824.1,0
ag-00358,2026-03-01T11:30:00,W-119,lecture,west,practice,162.4,115,65,1410.8,0.691,5.4,23.2,50.8,828.9,75,10,54.6,False,6,954.6,0
ag-00359,2026-04-10T11:20:00,N-507,lecture,north,lecture,127.4,110,125,543.9,0.261,13.3,24.9,64.7,1308.0,10,79,75.2,True,2,1764.9,1
ag-00360,2026-03-01T14:20:00,W-402,seminar,west,none,46.0,39,13,547.5,0.788,11.9,24.7,54.3,410.6,45,32,49.7,False,2,363.4,0
ag-00361,2026-05-08T16:20:00,W-163,lab,west,practice,18.1,18,13,93.8,0.472,5.6,24.0,47.2,457.9,31,63,71.1,True,5,548.2,0
ag-00362,2026-05-09T15:25:00,C-439,seminar,central,lecture,51.8,55,35,263.5,0.211,14.8,25.0,47.5,670.5,0,90,52.8,True,1,793.2,0
ag-00363,2026-04-13T17:35:00,E-258,lecture,east,lecture,149.8,106,94,919.1,0.321,15.7,23.0,55.1,974.2,40,36,67.4,False,3,1318.3,1
ag-00364,2026-04-10T18:55:00,E-462,lecture,east,lecture,79.5,80,54,699.5,0.389,15.1,22.1,56.6,761.1,41,45,72.1,False,3,998.0,0
ag-00365,2026-04-11T18:30:00,C-284,lecture,central,exam,56.5,61,72,681.4,0.652,12.7,25.1,62.4,760.9,42,33,72.4,False,5,955.4,0
ag-00366,2026-02-10T16:40:00,C-342,seminar,central,lecture,47.8,42,33,292.1,0.53,-0.4,23.8,68.6,548.7,0,90,60.8,False,2,707.5,0
ag-00367,2026-03-17T15:00:00,C-155,lecture,central,lab,148.7,113,89,596.5,0.345,3.8,23.4,54.9,1230.9,72,15,68.0,False,1,1639.3,1
ag-00368,2026-04-19T13:05:00,W-458,lecture,west,practice,82.9,84,62,561.1,0.328,8.2,23.6,63.6,899.1,75,4,57.0,False,4,1165.5,1
ag-00369,2026-02-16T18:45:00,C-227,lab,central,practice,43.0,32,22,308.7,0.401,7.6,23.2,51.1,573.3,37,59,61.2,False,5,737.7,0
ag-00370,2026-02-23T14:05:00,C-132,lecture,central,practice,134.4,100,70,641.8,0.641,1.1,20.4,56.9,959.2,69,33,49.7,False,2,1243.7,1
ag-00371,2026-03-11T09:40:00,C-377,coworking,central,lab,56.0,49,28,657.8,0.834,14.6,22.4,49.8,436.9,0,90,56.8,False,5,532.3,0
ag-00372,2026-02-27T11:50:00,E-216,lab,east,lecture,23.4,18,17,187.3,0.584,6.6,25.9,61.4,419.9,0,76,63.7,False,1,425.0,0
ag-00373,2026-04-25T12:55:00,N-270,seminar,north,practice,50.5,53,15,414.3,0.437,16.3,25.2,36.4,532.3,7,76,53.5,False,5,586.6,0
ag-00374,2026-04-22T09:00:00,E-422,coworking,east,practice,70.0,55,41,533.7,0.695,11.5,24.0,62.8,656.6,73,19,58.0,False,3,829.3,0
ag-00375,2026-04-20T18:55:00,S-403,lecture,south,practice,91.4,82,56,559.4,0.187,11.6,26.9,42.7,861.8,55,32,55.6,False,2,1160.4,1
ag-00376,2026-05-16T15:20:00,S-247,lab,south,lab,21.8,21,21,173.2,0.576,19.4,23.5,51.2,558.6,44,37,71.3,True,1,634.2,0
ag-00377,2026-02-12T17:10:00,C-160,coworking,central,exam,73.1,51,39,374.6,0.771,3.2,24.0,65.2,637.2,33,49,65.3,False,2,783.6,0
ag-00378,2026-04-20T11:55:00,C-315,lecture,central,lecture,103.4,98,51,438.0,0.304,15.3,24.5,50.0,831.9,83,17,58.4,False,3,1043.2,0
ag-00379,2026-02-14T16:45:00,S-218,seminar,south,practice,46.9,38,27,243.1,0.28,2.9,23.8,55.9,473.1,0,90,57.8,False,4,654.5,0
ag-00380,2026-02-14T10:45:00,E-153,lecture,east,lab,171.4,125,111,992.1,0.572,-2.9,22.6,75.2,1326.2,64,37,64.7,False,7,1583.1,1
ag-00381,2026-03-05T10:00:00,W-405,lab,west,lecture,55.0,39,42,344.2,0.651,-8.2,23.6,64.4,581.1,20,66,76.8,False,6,832.7,0
ag-00382,2026-02-19T13:50:00,S-408,lecture,south,exam,111.8,101,75,1236.0,0.641,7.8,22.8,64.1,1028.6,82,7,65.1,False,7,1480.2,1
ag-00383,2026-02-27T17:55:00,W-300,lab,west,practice,24.8,21,18,179.7,0.638,-1.7,24.4,66.5,576.0,73,20,57.5,False,7,688.3,0
ag-00384,2026-04-04T14:45:00,W-522,seminar,west,lecture,51.5,38,28,329.5,0.331,4.2,22.0,46.0,660.0,59,28,50.3,False,2,836.5,0
ag-00385,2026-02-22T17:40:00,W-485,seminar,west,none,83.3,63,21,429.3,0.413,2.9,24.2,47.0,401.0,5,88,49.5,False,7,453.7,0
ag-00386,2026-04-16T12:05:00,S-282,lecture,south,lecture,81.4,59,30,262.2,0.266,8.9,22.8,44.1,678.6,35,52,51.0,False,3,775.9,0
ag-00387,2026-03-12T17:00:00,W-552,seminar,west,lecture,66.9,53,35,429.7,0.433,-0.1,22.4,53.6,591.9,0,88,55.8,False,7,658.7,0
ag-00388,2026-03-02T09:05:00,W-281,seminar,west,practice,24.5,22,10,167.0,0.471,4.5,23.4,48.0,451.4,74,32,48.3,False,3,418.8,0
ag-00389,2026-04-28T10:55:00,S-251,lab,south,none,29.8,30,10,174.2,0.473,10.3,24.8,48.0,498.8,39,52,61.8,False,2,501.4,0
ag-00390,2026-04-30T18:30:00,C-541,seminar,central,lecture,27.3,21,17,180.0,0.55,20.1,22.7,67.5,649.2,61,31,60.2,False,5,799.1,0
ag-00391,2026-02-20T16:35:00,N-510,seminar,north,lab,42.7,47,38,279.5,0.444,-5.3,25.4,59.7,786.9,40,34,61.7,False,6,919.6,0
ag-00392,2026-04-02T12:20:00,W-149,lecture,west,practice,67.4,65,27,344.8,0.451,16.8,25.4,60.8,691.5,74,16,42.2,False,4,994.8,0
ag-00393,2026-03-06T18:30:00,S-490,seminar,south,exam,30.3,30,30,203.1,0.287,4.6,23.8,65.5,707.0,60,31,62.0,False,1,964.0,0
ag-00394,2026-04-02T09:10:00,E-401,lecture,east,lecture,85.8,73,85,431.7,0.395,16.6,23.6,70.7,1122.8,63,47,66.2,True,2,1547.1,1
ag-00395,2026-04-07T13:15:00,N-582,lab,north,lecture,26.9,24,14,123.2,0.461,14.0,21.4,58.7,419.6,12,77,71.3,False,3,465.3,0
ag-00396,2026-02-25T09:30:00,N-353,lecture,north,practice,94.8,93,70,1111.0,0.77,-0.7,22.5,68.3,789.7,29,57,58.5,False,5,1206.4,1
ag-00397,2026-05-08T09:15:00,E-325,seminar,east,none,36.2,27,8,278.4,0.453,10.8,21.8,52.5,478.8,56,22,47.4,True,3,510.9,0
ag-00398,2026-04-26T11:20:00,E-534,lab,east,practice,51.0,40,18,247.6,0.498,15.5,25.5,49.0,569.7,21,57,54.1,False,6,652.2,0
ag-00399,2026-05-01T12:55:00,E-347,lab,east,lecture,33.8,35,21,472.9,0.818,14.4,22.7,64.8,477.6,26,66,61.2,True,1,563.3,0
ag-00400,2026-03-22T16:50:00,S-518,lab,south,practice,38.6,27,16,136.7,0.457,4.2,22.9,56.3,472.5,30,56,51.4,False,7,561.3,0
ag-00401,2026-05-05T15:45:00,E-500,lab,east,lab,32.9,34,23,191.0,0.344,25.5,24.4,60.7,529.2,36,57,50.9,True,7,502.7,0
ag-00402,2026-03-03T11:15:00,E-253,lecture,east,exam,104.9,100,104,662.6,0.349,6.3,26.2,66.3,1337.8,52,23,65.3,False,6,1937.5,1
ag-00403,2026-04-22T08:05:00,S-512,lecture,south,practice,89.4,67,38,442.4,0.198,14.4,25.5,53.2,724.4,31,57,51.3,False,4,776.6,0
ag-00404,2026-02-20T12:25:00,N-328,lecture,north,practice,142.1,109,87,1318.7,0.732,-1.1,22.1,66.9,907.3,54,40,58.1,False,6,1310.6,1
ag-00405,2026-03-23T10:10:00,W-542,coworking,west,lab,47.3,45,28,287.8,0.443,-0.8,22.2,65.7,573.7,36,56,52.7,False,3,701.3,0
ag-00406,2026-04-09T10:50:00,W-436,seminar,west,practice,83.8,62,30,310.1,0.089,3.2,23.2,44.6,799.6,39,46,48.2,False,3,877.9,0
ag-00407,2026-03-15T11:20:00,W-352,lab,west,practice,38.7,32,28,360.2,0.525,2.8,22.8,62.4,712.2,44,49,60.5,False,2,828.0,0
ag-00408,2026-03-19T11:05:00,C-302,seminar,central,practice,71.2,62,31,661.1,0.738,9.4,21.8,66.2,592.1,5,87,56.9,False,1,720.5,0
ag-00409,2026-02-20T16:25:00,S-242,seminar,south,lecture,50.3,40,24,291.1,0.536,-8.2,22.6,72.5,622.5,18,65,51.9,False,7,735.5,0
ag-00410,2026-04-06T09:10:00,C-503,coworking,central,exam,28.6,26,20,250.1,0.415,8.8,24.5,61.3,606.3,45,67,65.6,False,7,758.9,0
ag-00411,2026-03-28T13:00:00,E-176,lecture,east,none,73.5,60,6,628.3,0.672,4.2,22.6,46.5,476.8,90,6,42.4,False,2,511.3,0
ag-00412,2026-03-26T15:55:00,W-434,lab,west,lecture,24.8,19,18,202.4,0.651,14.6,25.0,55.2,738.7,90,0,59.6,False,7,836.4,0
ag-00413,2026-02-13T18:25:00,S-274,lab,south,lecture,49.1,39,26,234.2,0.425,7.0,24.8,54.9,581.5,10,77,60.9,False,4,682.0,0
ag-00414,2026-03-02T09:20:00,N-284,lecture,north,lecture,97.4,70,73,1000.7,0.847,24.2,25.8,72.0,830.4,56,27,71.9,False,2,990.5,0
ag-00415,2026-02-13T15:35:00,E-101,seminar,east,exam,65.4,46,41,425.1,0.654,2.1,23.4,61.4,616.7,44,45,56.7,False,5,744.9,0
ag-00416,2026-03-13T17:10:00,C-591,coworking,central,lecture,55.3,41,34,298.9,0.655,-1.6,23.3,49.9,643.7,56,30,58.9,False,2,758.8,0
ag-00417,2026-04-03T15:25:00,S-505,lecture,south,lecture,84.8,68,63,313.0,0.294,8.8,24.4,62.1,857.9,45,38,69.1,False,6,1198.5,1
ag-00418,2026-04-22T10:35:00,C-220,lecture,central,lecture,121.3,129,98,896.6,0.594,16.2,24.5,46.0,1240.7,19,65,63.3,False,3,1678.7,1
ag-00419,2026-04-11T18:30:00,S-209,seminar,south,lecture,63.8,64,22,406.1,0.649,9.7,21.9,50.6,694.8,77,32,54.8,False,4,817.9,0
ag-00420,2026-04-06T11:55:00,E-484,lecture,east,lab,85.6,87,75,564.1,0.655,14.8,22.8,56.2,812.7,15,69,55.9,False,2,992.7,0
ag-00421,2026-03-16T16:50:00,N-528,seminar,north,practice,32.6,25,20,136.0,0.444,8.6,22.7,54.4,498.1,0,87,58.6,False,7,533.4,0
ag-00422,2026-02-25T16:05:00,W-407,lecture,west,lecture,126.9,108,75,626.9,0.48,10.2,22.1,61.0,994.6,29,59,51.9,False,3,1124.9,1
ag-00423,2026-02-25T18:35:00,S-561,lecture,south,practice,101.4,108,69,842.4,0.623,0.4,21.8,44.9,919.1,49,35,63.6,False,7,1271.7,1
ag-00424,2026-02-14T09:55:00,S-485,lecture,south,practice,108.9,108,78,609.0,0.462,5.1,25.9,45.6,954.0,3,84,59.8,False,6,1281.6,1
ag-00425,2026-05-04T08:15:00,C-382,seminar,central,none,38.8,34,9,270.1,0.235,15.1,26.2,52.6,439.7,39,55,47.7,True,4,484.1,0
ag-00426,2026-04-13T16:30:00,C-552,lab,central,lab,36.8,31,21,245.4,0.943,6.4,24.2,52.0,494.5,26,59,54.0,False,6,584.2,0
ag-00427,2026-03-31T11:50:00,W-308,seminar,west,practice,60.7,61,53,556.0,0.44,6.6,28.1,61.8,801.9,25,53,69.4,True,7,979.4,0
ag-00428,2026-04-26T15:50:00,N-308,lecture,north,lab,122.7,106,92,674.4,0.661,14.9,22.1,51.7,1009.2,33,55,57.3,False,5,1401.7,1
ag-00429,2026-04-12T09:10:00,N-106,seminar,north,lab,67.4,62,38,739.9,0.587,12.9,21.8,55.1,729.9,51,24,57.0,False,4,1117.1,1
ag-00430,2026-04-05T15:45:00,S-333,lab,south,practice,26.1,19,12,204.1,0.755,11.4,23.8,48.2,380.0,40,48,60.4,False,4,449.3,0
ag-00431,2026-02-19T14:50:00,C-230,lab,central,practice,21.7,22,11,200.2,0.922,-1.2,22.0,71.1,459.4,23,49,51.5,False,7,469.2,0
ag-00432,2026-04-25T10:40:00,N-195,lecture,north,lecture,67.9,72,57,535.0,0.547,9.3,24.0,66.9,752.8,21,68,61.1,False,6,946.2,0
ag-00433,2026-04-09T15:40:00,S-212,lab,south,lab,39.6,28,19,315.1,0.66,13.2,23.1,57.6,614.4,89,2,58.5,False,7,709.7,0
ag-00434,2026-03-10T18:35:00,E-157,lecture,east,exam,89.0,62,57,391.1,0.105,4.3,23.9,46.7,985.5,76,12,60.5,False,2,1327.2,1
ag-00435,2026-03-03T18:20:00,N-457,lab,north,lecture,42.7,39,24,258.8,0.494,8.2,20.8,44.1,665.1,58,29,64.5,False,5,849.6,0
ag-00436,2026-05-09T15:50:00,N-208,seminar,north,none,51.3,57,19,552.5,0.741,14.4,21.4,43.4,471.9,0,84,45.6,True,4,599.7,0
ag-00437,2026-03-06T09:40:00,C-195,seminar,central,lab,46.4,43,26,297.8,0.249,1.7,24.8,57.0,628.5,44,50,53.8,False,3,731.5,0
ag-00438,2026-02-26T14:00:00,N-478,seminar,north,practice,51.9,38,37,276.9,0.386,-1.5,24.9,60.4,679.7,17,81,66.1,False,7,906.9,0
ag-00439,2026-03-27T08:40:00,N-527,coworking,north,lab,42.0,34,21,122.0,0.05,14.1,23.9,56.8,683.3,0,84,61.4,False,3,712.3,0
ag-00440,2026-04-06T15:50:00,S-558,lab,south,none,20.7,21,5,242.4,0.767,17.1,22.3,54.2,423.6,57,26,50.0,False,4,383.6,0
ag-00441,2026-04-02T16:15:00,W-157,lecture,west,lab,104.1,80,39,419.0,0.114,2.3,21.9,51.7,753.7,7,85,52.0,False,2,956.3,0
ag-00442,2026-02-09T13:10:00,N-211,lab,north,none,39.9,28,6,231.4,0.385,4.3,22.3,47.1,478.9,24,67,45.1,False,7,444.0,0
ag-00443,2026-02-23T09:05:00,N-340,seminar,north,lab,32.3,33,30,318.9,0.474,6.2,24.2,63.2,564.2,23,65,70.0,False,2,678.3,0
ag-00444,2026-05-07T15:20:00,E-360,lecture,east,lecture,74.3,57,52,774.7,0.763,8.8,24.7,56.0,790.4,48,37,61.2,True,7,995.0,0
ag-00445,2026-02-26T09:10:00,C-378,seminar,central,exam,31.5,23,18,107.8,0.256,-1.2,24.5,80.4,610.4,56,33,57.5,False,4,694.1,0
ag-00446,2026-02-22T10:10:00,W-127,lecture,west,practice,121.2,112,66,1040.4,0.645,12.7,22.3,59.5,855.4,49,36,57.3,True,2,1099.1,0
ag-00447,2026-04-13T10:55:00,W-576,lab,west,lecture,26.2,21,18,186.8,0.479,14.0,23.8,65.9,454.4,0,90,56.9,False,2,597.7,0
ag-00448,2026-03-16T16:30:00,N-125,seminar,north,practice,25.6,26,18,227.5,0.528,4.6,22.4,48.2,561.6,32,53,54.8,False,2,666.0,0
ag-00449,2026-02-12T10:00:00,S-401,lab,south,practice,45.7,33,21,168.4,0.324,2.5,24.1,46.8,591.9,35,58,65.4,False,7,823.3,0
ag-00450,2026-02-15T17:00:00,S-326,lecture,south,none,125.1,97,19,483.7,0.057,-0.2,27.0,62.2,451.0,3,90,51.5,False,7,471.5,0
ag-00451,2026-05-12T15:05:00,E-229,coworking,east,practice,73.9,70,57,770.8,0.527,24.2,24.1,64.0,973.2,78,18,58.0,True,5,1088.6,0
ag-00452,2026-02-14T12:10:00,W-337,lab,west,practice,34.5,33,20,271.7,0.487,3.7,24.2,53.8,550.8,60,22,51.9,False,5,633.7,0
ag-00453,2026-03-17T15:00:00,E-435,seminar,east,exam,52.4,57,54,580.5,0.67,5.0,26.0,59.2,831.1,53,37,71.5,True,4,1024.3,1
ag-00454,2026-03-04T12:00:00,W-312,lab,west,practice,52.4,43,24,300.8,0.621,-2.4,22.2,53.4,623.9,90,0,51.7,False,3,698.0,0
ag-00455,2026-03-16T15:05:00,C-560,lecture,central,lecture,151.1,107,56,809.5,0.265,-1.8,25.3,65.6,631.1,17,70,50.5,False,7,731.7,0
ag-00456,2026-03-06T14:30:00,C-490,seminar,central,lecture,27.1,20,17,86.7,0.301,-5.4,25.9,58.8,666.6,90,11,60.2,True,4,759.1,0
ag-00457,2026-03-16T12:40:00,E-287,seminar,east,lab,44.2,37,22,273.4,0.467,-1.2,21.3,79.9,607.7,81,19,53.3,True,4,758.8,0
ag-00458,2026-05-09T14:40:00,N-564,seminar,north,practice,80.6,57,34,327.7,0.119,19.1,21.2,53.6,699.6,86,8,47.4,True,4,793.0,0
ag-00459,2026-05-16T09:05:00,N-171,seminar,north,lecture,70.3,53,47,379.2,0.413,16.7,24.9,64.2,755.6,75,20,61.2,True,4,1110.3,1
ag-00460,2026-04-03T09:00:00,N-217,seminar,north,practice,44.2,31,16,130.7,0.151,17.2,22.2,54.9,674.0,54,29,51.9,False,4,773.9,0
ag-00461,2026-04-03T16:15:00,C-477,seminar,central,practice,51.5,37,23,323.6,0.365,13.1,22.6,48.7,555.0,14,74,60.5,False,4,443.3,0
ag-00462,2026-04-22T14:40:00,W-203,lab,west,lab,40.4,42,22,450.7,0.516,17.1,21.0,54.7,542.4,34,55,53.7,False,5,578.5,0
ag-00463,2026-02-25T17:10:00,N-267,lecture,north,lecture,116.1,93,61,700.2,0.661,6.9,24.2,60.1,729.4,0,89,52.1,False,5,1002.9,0
ag-00464,2026-03-07T10:15:00,N-214,lecture,north,practice,94.6,80,48,509.1,0.488,9.8,22.6,54.2,749.7,36,58,60.8,False,7,863.7,0
ag-00465,2026-02-11T08:45:00,N-540,coworking,north,lab,77.0,55,33,431.4,0.612,11.7,23.2,46.5,591.8,15,84,54.8,False,7,698.4,0
ag-00466,2026-04-23T16:45:00,W-207,lab,west,practice,25.6,27,25,192.9,0.458,7.4,23.8,56.8,586.1,24,67,65.2,False,2,840.5,0
ag-00467,2026-03-06T11:25:00,S-168,lecture,south,lecture,118.3,104,69,517.7,0.379,5.9,23.3,59.0,1017.6,90,0,50.1,False,6,1361.8,1
ag-00468,2026-05-11T11:35:00,S-298,lecture,south,none,129.3,125,36,757.7,0.26,6.4,23.9,43.2,596.2,65,36,41.8,True,2,602.8,0
ag-00469,2026-04-27T10:05:00,N-365,seminar,north,exam,40.4,38,35,244.6,0.365,11.7,22.3,65.5,718.0,45,48,58.0,False,2,1006.7,0
ag-00470,2026-05-05T10:40:00,W-164,lab,west,lecture,49.3,43,42,390.3,0.761,17.6,23.8,64.0,642.0,44,39,63.9,True,3,792.5,0
ag-00471,2026-03-07T13:25:00,C-586,lecture,central,lab,125.1,117,97,750.5,0.438,8.9,22.3,69.4,1227.7,41,48,58.7,False,2,1637.7,1
ag-00472,2026-05-03T09:35:00,W-398,lecture,west,lab,158.5,119,89,1006.3,0.378,12.4,23.8,56.0,783.9,1,90,63.9,True,1,1132.4,1
ag-00473,2026-02-15T11:55:00,E-187,coworking,east,lecture,73.7,51,27,473.1,0.519,6.6,23.6,50.9,588.5,38,61,59.9,False,3,751.8,0
ag-00474,2026-03-14T11:55:00,W-581,seminar,west,practice,71.9,62,45,398.0,0.579,4.4,27.2,67.5,626.4,34,51,45.4,False,5,784.0,0
ag-00475,2026-03-10T17:55:00,S-189,seminar,south,lab,70.3,51,46,549.4,0.79,2.2,28.0,55.2,900.5,90,5,58.4,False,2,1123.1,1
ag-00476,2026-03-11T17:30:00,N-303,lecture,north,lab,56.9,58,44,778.2,0.88,3.4,22.0,59.2,653.5,70,27,68.3,False,6,900.9,0
ag-00477,2026-04-07T13:55:00,E-588,seminar,east,lab,83.1,59,46,563.3,0.65,9.0,22.0,60.4,671.8,35,72,52.2,False,2,772.8,0
ag-00478,2026-02-22T11:15:00,N-131,seminar,north,lecture,33.1,24,28,177.9,0.431,4.8,24.1,78.3,652.1,67,16,69.4,False,5,743.5,0
ag-00479,2026-04-24T09:50:00,W-362,coworking,west,practice,54.6,60,28,507.5,0.346,11.8,20.7,47.4,645.6,39,44,48.5,False,4,882.9,0
ag-00480,2026-04-05T17:45:00,N-568,lecture,north,none,135.0,119,34,701.4,0.135,17.3,23.6,50.3,754.2,72,35,54.1,False,2,832.7,0
ag-00481,2026-03-20T10:55:00,S-136,lab,south,lecture,51.5,40,41,281.7,0.543,5.9,22.3,64.3,622.6,30,58,68.1,False,5,824.8,0
ag-00482,2026-03-18T18:25:00,N-434,lab,north,lab,32.0,27,19,351.0,0.749,4.6,24.6,61.7,457.8,32,66,60.5,False,6,490.0,0
ag-00483,2026-03-18T09:30:00,C-402,seminar,central,lecture,59.6,46,41,307.9,0.504,4.2,20.8,60.5,959.6,88,6,61.0,False,1,1126.4,1
ag-00484,2026-03-16T14:20:00,C-279,lecture,central,none,79.4,70,15,757.7,0.615,17.0,23.7,41.0,578.6,90,0,48.0,False,2,641.8,0
ag-00485,2026-02-26T11:45:00,C-322,seminar,central,practice,44.7,37,17,272.5,0.464,-1.8,24.0,64.1,439.7,12,79,43.8,False,4,510.6,0
ag-00486,2026-04-17T18:45:00,W-262,seminar,west,practice,56.7,44,25,331.7,0.485,16.6,24.7,67.6,673.7,47,42,43.5,False,2,763.8,0
ag-00487,2026-04-28T18:50:00,S-256,lab,south,none,34.8,34,7,272.5,0.496,11.4,25.2,54.2,513.4,70,11,44.5,False,7,455.8,0
ag-00488,2026-05-15T14:05:00,S-587,lab,south,lab,27.7,25,16,108.0,0.313,21.5,26.4,57.5,672.8,69,24,56.1,True,5,884.3,0
ag-00489,2026-05-17T18:55:00,S-433,seminar,south,none,53.3,40,2,302.0,0.526,21.0,21.0,45.4,399.8,29,47,43.6,True,7,487.6,0
ag-00490,2026-04-28T11:10:00,C-513,lecture,central,practice,120.7,93,53,579.8,0.635,16.8,24.2,48.4,861.8,27,64,62.3,False,3,922.0,0
ag-00491,2026-04-09T12:55:00,E-411,lab,east,lab,49.2,38,34,269.0,0.468,8.3,25.9,64.2,657.1,41,59,65.1,False,3,818.8,0
ag-00492,2026-03-09T16:00:00,S-147,coworking,south,practice,80.6,78,59,664.7,0.648,14.3,25.2,53.7,839.7,90,0,63.6,False,3,972.2,0
ag-00493,2026-04-14T13:55:00,S-248,lecture,south,practice,129.3,122,82,915.2,0.355,0.4,23.7,61.1,1090.5,39,56,57.0,False,7,1602.6,1
ag-00494,2026-05-11T08:55:00,E-525,lab,east,lab,47.0,36,26,221.3,0.555,20.3,22.3,57.4,618.6,20,68,68.7,True,1,736.0,0
ag-00495,2026-03-29T16:50:00,N-217,seminar,north,lecture,60.1,61,53,462.3,0.211,9.0,25.1,50.1,932.3,58,40,64.7,False,6,1028.9,0
ag-00496,2026-04-10T13:55:00,N-260,lecture,north,lecture,105.1,76,66,665.3,0.304,9.2,22.3,62.4,1047.7,71,21,45.9,False,7,1306.9,1
ag-00497,2026-02-09T11:00:00,C-218,lecture,central,exam,77.8,72,52,506.4,0.568,9.5,23.8,62.2,908.9,68,22,72.4,False,6,1128.6,1
ag-00498,2026-03-14T14:10:00,E-540,coworking,east,exam,76.7,53,56,467.1,0.629,12.6,26.4,62.9,719.9,52,44,61.4,False,2,987.2,0
ag-00499,2026-03-17T16:05:00,W-466,seminar,west,none,61.0,49,4,283.2,0.271,9.6,23.0,44.0,454.2,13,72,41.4,False,5,550.4,0
ag-00500,2026-02-21T11:15:00,N-216,coworking,north,lecture,57.1,46,38,279.1,0.332,-0.0,22.7,63.6,731.5,55,36,63.3,True,1,904.6,0
ag-00501,2026-05-13T14:45:00,N-503,lecture,north,none,73.6,64,24,549.7,0.377,15.7,23.5,55.6,574.1,50,39,56.6,True,3,603.2,0
ag-00502,2026-04-25T15:30:00,N-367,lecture,north,lab,125.9,112,89,828.5,0.267,3.3,24.7,60.0,1017.1,28,53,61.4,False,1,1574.8,1
ag-00503,2026-03-15T09:00:00,C-227,lecture,central,lab,75.0,61,64,442.8,0.454,1.2,22.6,47.1,787.4,0,90,62.3,False,2,1199.6,1
ag-00504,2026-05-10T15:05:00,N-268,lecture,north,lab,153.2,119,87,457.6,0.156,10.4,21.7,69.5,1027.1,52,35,57.2,True,5,1332.6,1
ag-00505,2026-03-11T17:55:00,E-220,lecture,east,lecture,59.7,65,42,713.9,0.627,2.4,25.6,59.3,762.2,42,40,61.7,False,7,961.0,0
ag-00506,2026-02-28T10:30:00,E-563,coworking,east,lecture,59.6,51,55,439.6,0.305,7.7,25.4,66.6,772.9,38,49,72.3,False,4,941.5,0
ag-00507,2026-04-12T14:55:00,W-493,coworking,west,lecture,29.5,29,23,258.5,0.306,7.5,23.8,56.8,668.1,75,22,61.7,False,6,753.0,0
ag-00508,2026-04-04T14:40:00,W-173,lecture,west,exam,92.8,87,66,767.5,0.469,9.0,24.2,71.4,734.9,0,90,47.8,False,3,875.7,0
ag-00509,2026-03-28T12:35:00,S-493,lab,south,lecture,39.1,37,21,234.0,0.55,10.6,21.8,58.4,582.3,48,27,64.8,False,1,647.5,0
ag-00510,2026-03-15T11:35:00,S-123,lecture,south,exam,90.0,82,84,833.6,0.565,20.2,25.1,64.5,800.8,49,29,62.6,False,4,1002.7,0
ag-00511,2026-05-08T17:35:00,E-230,lab,east,lab,36.3,37,26,331.8,0.532,24.8,24.8,43.1,511.7,0,82,66.8,True,1,719.5,0
ag-00512,2026-05-14T17:55:00,N-198,lecture,north,practice,123.2,103,72,732.9,0.698,15.2,25.4,63.2,882.2,40,54,48.9,True,2,1127.1,1
ag-00513,2026-02-27T15:45:00,W-128,seminar,west,practice,79.5,63,42,649.7,0.753,8.0,24.4,74.5,628.0,72,12,60.7,False,2,946.7,0
ag-00514,2026-04-24T16:50:00,E-345,lecture,east,none,76.0,58,11,347.2,0.22,18.8,21.5,37.2,505.7,38,49,44.3,False,5,665.2,0
ag-00515,2026-05-07T11:55:00,C-521,lab,central,lecture,37.6,41,40,279.6,0.563,19.1,24.4,54.4,734.8,72,19,62.4,True,5,923.0,0
ag-00516,2026-04-18T14:40:00,C-531,lecture,central,practice,125.0,90,50,662.1,0.461,12.8,21.1,47.8,949.9,71,2,62.5,False,6,1161.2,1
ag-00517,2026-05-12T13:15:00,N-235,lab,north,lecture,23.0,20,16,217.3,0.773,15.8,23.1,72.8,594.0,46,59,63.8,True,3,754.3,0
ag-00518,2026-05-19T13:05:00,N-267,lecture,north,practice,148.6,120,92,815.2,0.63,6.0,25.9,66.6,1053.8,30,52,52.8,True,5,1341.6,1
ag-00519,2026-02-21T14:25:00,S-293,lecture,south,practice,92.7,77,65,780.3,0.767,-3.2,23.5,61.0,916.3,39,47,68.3,False,6,1182.8,1
ag-00520,2026-05-09T12:20:00,C-121,lecture,central,lecture,147.7,120,101,1256.6,0.676,16.0,26.6,57.1,1249.1,51,39,63.4,True,7,1613.4,1
ag-00521,2026-04-27T09:20:00,N-148,lecture,north,lecture,121.6,105,103,745.6,0.736,15.2,23.3,61.4,1034.5,30,57,68.8,False,4,1680.8,1
ag-00522,2026-02-27T16:30:00,W-462,seminar,west,lecture,68.4,62,38,284.7,0.316,-0.4,24.0,64.2,816.2,50,35,55.9,False,2,955.6,0
ag-00523,2026-05-09T12:35:00,S-238,lecture,south,lab,155.4,124,109,1516.0,0.715,17.6,24.4,64.2,1206.6,57,35,58.4,True,7,1622.0,1
ag-00524,2026-04-14T12:15:00,E-506,lecture,east,lecture,121.2,91,57,907.1,0.477,13.7,23.3,52.8,756.1,16,89,57.7,False,6,979.2,0
ag-00525,2026-05-06T15:00:00,W-501,seminar,west,exam,51.4,38,45,263.3,0.46,13.8,26.5,77.6,783.1,9,79,74.3,True,2,1059.0,1
ag-00526,2026-04-16T13:10:00,W-125,lab,west,exam,34.5,30,29,231.1,0.401,18.5,24.4,53.4,579.4,0,90,67.7,True,6,717.0,0
ag-00527,2026-03-02T15:45:00,C-261,seminar,central,none,64.2,52,30,528.6,0.833,5.5,21.4,69.7,543.6,56,52,51.0,False,2,635.8,0
ag-00528,2026-02-21T14:10:00,N-383,lab,north,practice,45.0,33,18,363.8,0.872,-0.7,22.2,46.2,380.0,31,67,56.7,False,2,530.0,0
ag-00529,2026-05-18T09:50:00,W-248,lecture,west,practice,122.6,114,112,979.1,0.552,12.7,22.8,66.0,1167.1,2,90,67.9,True,4,1664.6,1
ag-00530,2026-02-24T16:40:00,W-331,seminar,west,none,41.5,45,1,322.6,0.525,-0.2,22.0,35.1,425.3,71,17,55.9,False,5,409.9,0
ag-00531,2026-04-25T12:45:00,N-285,lecture,north,lab,110.3,105,61,848.9,0.395,16.8,23.5,57.2,868.4,35,63,57.9,False,6,1229.8,1
ag-00532,2026-02-18T11:35:00,W-578,lab,west,lecture,37.5,27,17,194.4,0.682,5.5,24.5,41.8,600.9,70,15,58.9,False,2,702.4,0
ag-00533,2026-02-19T18:15:00,N-501,lab,north,lecture,44.7,36,22,271.7,0.779,2.7,22.1,63.7,643.3,69,23,54.0,False,2,908.9,0
ag-00534,2026-04-10T08:05:00,C-504,lecture,central,lecture,102.5,99,62,827.8,0.459,6.3,19.9,43.5,701.7,14,70,58.4,False,6,893.9,0
ag-00535,2026-02-19T11:30:00,E-495,lecture,east,exam,95.6,106,78,987.5,0.593,-5.7,22.6,54.6,869.8,31,57,51.6,False,3,1155.5,1
ag-00536,2026-05-19T08:30:00,S-519,lab,south,lecture,48.8,42,31,391.6,0.598,13.5,24.3,58.4,570.3,9,73,57.0,True,1,709.7,0
ag-00537,2026-05-03T15:05:00,S-127,seminar,south,lecture,35.9,29,15,195.8,0.542,15.5,21.3,53.4,484.8,55,33,58.1,True,7,543.2,0
ag-00538,2026-04-17T15:00:00,W-171,lab,west,lecture,28.4,25,13,128.8,0.464,12.7,23.1,53.6,506.6,18,74,55.7,False,7,491.7,0
ag-00539,2026-04-11T17:15:00,E-170,coworking,east,lab,49.0,35,24,226.0,0.198,10.8,26.1,45.2,629.1,26,56,48.0,False,1,762.8,0
ag-00540,2026-03-01T09:35:00,S-545,seminar,south,lab,54.7,46,35,279.9,0.435,-4.7,23.9,65.7,748.0,60,39,48.0,False,2,868.6,0
ag-00541,2026-03-11T13:20:00,S-256,lecture,south,practice,142.3,126,64,837.0,0.427,-0.5,25.2,65.9,952.4,83,5,50.9,False,4,1190.0,1
ag-00542,2026-02-13T16:20:00,E-571,lecture,east,none,60.0,63,16,561.9,0.33,7.2,22.8,45.6,460.3,27,54,40.3,False,3,490.9,0
ag-00543,2026-04-07T14:50:00,W-192,lecture,west,lecture,118.5,127,51,727.4,0.176,3.6,23.2,52.3,817.7,84,7,52.3,False,1,942.3,0
ag-00544,2026-02-17T16:00:00,W-169,lecture,west,lecture,124.5,93,70,453.3,0.388,10.1,21.6,61.5,908.0,35,43,56.3,False,2,1187.0,1
ag-00545,2026-04-01T15:00:00,C-308,seminar,central,lab,63.7,63,48,326.9,0.446,13.5,25.9,52.8,856.1,48,43,60.8,False,3,1004.3,0
ag-00546,2026-03-21T08:25:00,C-491,lecture,central,practice,91.2,74,36,739.4,0.648,-4.8,23.6,58.7,676.0,34,50,51.4,False,6,820.0,0
ag-00547,2026-02-15T17:35:00,N-155,seminar,north,lecture,36.3,27,14,276.0,0.536,0.9,23.7,46.4,424.7,10,79,51.2,True,1,400.0,0
ag-00548,2026-03-20T18:15:00,C-414,lecture,central,exam,106.0,111,122,561.0,0.136,-0.1,27.7,58.4,1221.7,0,87,56.0,False,2,1858.7,1
ag-00549,2026-05-12T09:55:00,N-378,seminar,north,practice,34.6,27,18,197.8,0.399,20.2,23.3,55.8,624.6,73,10,61.3,True,2,719.7,0
ag-00550,2026-03-31T08:15:00,W-595,lecture,west,lecture,83.4,75,58,602.6,0.347,15.8,24.0,64.5,841.0,69,29,65.5,False,6,985.2,0
ag-00551,2026-02-10T11:55:00,S-540,lecture,south,practice,146.0,113,64,812.8,0.254,0.3,24.4,66.9,893.1,13,74,61.9,False,7,997.1,0
ag-00552,2026-05-18T09:25:00,W-113,seminar,west,practice,66.3,51,38,413.2,0.416,9.2,23.8,46.3,826.2,23,58,67.7,True,6,969.2,0
ag-00553,2026-04-10T08:25:00,N-155,lecture,north,none,84.7,79,2,468.0,0.259,19.5,22.9,47.1,380.0,14,62,37.3,False,7,371.7,0
ag-00554,2026-03-16T10:25:00,C-581,lecture,central,lab,152.4,121,66,735.8,0.373,9.5,24.9,62.7,761.0,53,44,59.8,False,1,1170.9,1
ag-00555,2026-02-14T11:25:00,W-139,lecture,west,lecture,167.8,118,90,1076.1,0.345,1.5,24.3,57.2,950.7,54,39,67.1,False,6,1287.9,1
ag-00556,2026-05-13T15:25:00,S-348,lecture,south,lab,90.5,96,55,842.7,0.422,17.1,24.2,57.4,658.3,42,37,51.0,True,2,862.4,0
ag-00557,2026-03-23T09:50:00,S-440,lab,south,lab,24.2,25,25,189.7,0.884,3.8,23.5,58.8,397.7,16,82,62.6,False,2,567.1,0
ag-00558,2026-05-06T09:50:00,W-330,seminar,west,lecture,56.8,56,42,565.1,0.433,21.5,23.3,75.4,763.1,23,65,55.7,True,5,930.5,0
ag-00559,2026-03-02T15:00:00,S-204,lab,south,lab,44.0,44,45,621.4,0.796,3.6,23.3,57.9,664.0,6,90,66.0,False,6,756.6,0
ag-00560,2026-05-01T14:50:00,E-485,lecture,east,none,129.5,100,21,1055.9,0.514,23.6,23.0,54.3,524.0,41,42,41.7,True,2,603.5,0
ag-00561,2026-03-26T09:15:00,N-546,lab,north,practice,21.8,20,17,200.7,0.545,4.4,23.6,61.3,541.6,46,47,62.9,False,5,693.3,0
ag-00562,2026-04-09T13:00:00,S-227,seminar,south,lab,34.4,35,29,349.4,0.439,8.9,23.3,50.3,547.6,0,86,60.6,False,6,661.8,0
ag-00563,2026-03-26T12:00:00,W-142,lab,west,practice,25.9,23,18,217.7,0.8,4.7,21.5,71.1,519.9,8,85,56.4,False,7,588.2,0
ag-00564,2026-03-14T17:45:00,C-411,lecture,central,lecture,85.0,87,54,578.8,0.369,10.8,25.2,48.0,849.8,53,44,55.1,False,6,965.2,0
ag-00565,2026-05-14T12:10:00,C-492,lecture,central,lecture,171.5,129,130,708.1,0.277,11.0,24.2,66.5,1569.7,90,0,63.7,True,5,2303.2,1
ag-00566,2026-04-30T15:45:00,E-219,seminar,east,practice,65.2,55,26,270.3,0.226,16.5,23.1,43.7,556.3,80,16,62.8,False,4,751.8,0
ag-00567,2026-03-07T16:20:00,E-124,seminar,east,lecture,49.9,37,21,355.7,0.593,-3.8,25.0,51.5,595.8,71,19,49.9,False,1,891.9,0
ag-00568,2026-03-25T15:10:00,S-567,lecture,south,lecture,160.8,126,77,1361.9,0.69,2.1,23.0,49.9,925.2,42,49,58.2,True,7,1402.2,1
ag-00569,2026-03-24T08:20:00,N-499,lab,north,lab,37.0,32,24,207.3,0.638,-4.8,23.5,52.5,473.4,17,75,58.3,False,5,574.0,0
ag-00570,2026-03-06T18:45:00,W-156,lab,west,practice,57.0,41,12,345.8,0.452,2.3,21.7,46.4,380.0,11,83,51.0,False,4,405.2,0
ag-00571,2026-03-01T18:15:00,C-162,coworking,central,practice,35.9,39,26,360.9,0.385,5.1,24.1,62.4,754.8,50,43,57.0,False,5,707.3,0
ag-00572,2026-04-11T13:55:00,C-589,coworking,central,practice,69.5,74,42,696.6,0.442,8.0,21.2,51.8,672.7,59,34,56.2,False,5,994.0,0
ag-00573,2026-03-24T15:05:00,C-581,coworking,central,lab,65.2,56,41,547.9,0.518,3.1,25.0,53.6,770.2,69,7,62.4,False,4,952.9,0
ag-00574,2026-02-16T09:00:00,N-464,lecture,north,lab,91.2,90,55,432.5,0.151,1.5,24.5,53.8,951.3,54,29,57.4,False,7,1189.4,1
ag-00575,2026-04-28T12:45:00,S-238,seminar,south,lab,48.5,36,27,393.3,0.499,13.6,23.8,42.2,543.6,31,69,58.1,False,6,678.1,0
ag-00576,2026-04-02T12:55:00,W-374,lecture,west,lecture,110.8,115,73,1141.7,0.658,11.6,20.0,51.8,800.0,65,22,63.8,False,7,1054.3,0
ag-00577,2026-04-30T13:50:00,C-192,lecture,central,lecture,117.7,85,82,617.0,0.169,6.8,23.2,54.9,1034.7,66,33,73.4,False,6,1340.2,1
ag-00578,2026-02-10T11:30:00,N-438,seminar,north,none,44.4,45,9,336.4,0.733,2.7,23.7,43.7,591.2,60,16,47.0,False,6,604.5,0
ag-00579,2026-03-31T16:50:00,C-468,lab,central,lecture,28.4,24,16,173.0,0.593,8.7,25.7,57.1,405.1,0,90,56.2,False,7,448.6,0
ag-00580,2026-03-12T14:05:00,W-443,lab,west,practice,25.3,20,20,85.9,0.295,3.5,24.3,63.9,693.2,66,27,71.8,True,5,731.8,0
ag-00581,2026-04-20T18:15:00,W-577,lab,west,none,33.3,25,14,274.8,0.751,7.0,22.0,64.5,644.9,75,13,57.5,False,4,583.9,0
ag-00582,2026-03-06T18:05:00,C-289,seminar,central,none,66.1,63,1,481.3,0.3,2.3,23.3,49.4,455.0,29,40,40.1,False,7,327.4,0
ag-00583,2026-03-23T11:20:00,E-152,seminar,east,lab,43.6,44,24,283.2,0.438,7.2,26.2,64.8,662.3,49,41,57.2,False,4,833.1,0
ag-00584,2026-03-22T12:35:00,C-522,lab,central,none,59.4,44,3,308.5,0.71,10.1,22.3,40.8,380.0,10,77,50.3,False,2,374.8,0
ag-00585,2026-03-12T14:00:00,N-304,coworking,north,none,34.5,27,7,232.4,0.567,4.2,22.1,55.8,498.9,51,32,56.1,False,5,391.0,0
ag-00586,2026-04-09T14:00:00,E-385,seminar,east,lab,72.4,60,50,575.6,0.517,11.2,24.9,73.4,878.2,35,48,57.6,False,5,1087.9,0
ag-00587,2026-03-11T16:55:00,C-486,lab,central,none,21.7,18,5,114.1,0.558,10.6,20.8,67.2,420.5,40,53,45.3,False,2,403.5,0
ag-00588,2026-03-19T12:00:00,W-412,seminar,west,lecture,29.4,22,8,250.6,0.603,1.0,21.8,64.2,380.0,0,88,45.9,False,2,389.2,0
ag-00589,2026-02-14T18:15:00,C-265,seminar,central,lecture,26.0,21,15,200.8,0.475,0.2,25.1,66.7,538.1,15,90,60.2,False,2,577.1,0
ag-00590,2026-03-03T12:55:00,C-331,seminar,central,lab,33.2,30,17,143.4,0.404,-2.2,23.8,51.1,549.2,15,85,67.0,False,1,586.0,0
ag-00591,2026-04-11T14:35:00,C-464,lab,central,practice,37.9,40,21,256.0,0.473,14.1,25.9,47.4,627.8,88,4,55.2,False,5,725.1,0
ag-00592,2026-02-17T16:20:00,S-368,seminar,south,lecture,36.9,28,22,244.6,0.408,-0.6,23.1,66.8,681.9,61,32,56.2,False,1,769.1,0
ag-00593,2026-04-18T16:15:00,C-469,lecture,central,none,112.2,111,39,532.1,0.242,15.0,21.5,49.7,758.7,25,59,49.9,False,1,826.3,0
ag-00594,2026-03-22T08:20:00,W-555,lecture,west,lecture,57.5,55,56,593.5,0.63,1.9,23.8,65.3,592.2,0,79,63.7,False,7,763.5,0
ag-00595,2026-03-08T16:40:00,S-126,lecture,south,practice,94.9,70,51,643.5,0.582,4.4,23.2,60.8,934.7,85,6,55.0,False,2,1054.8,0
ag-00596,2026-02-09T16:20:00,S-545,seminar,south,none,37.6,34,9,285.1,0.386,3.6,19.4,66.5,490.4,84,7,42.1,False,7,515.4,0
ag-00597,2026-03-24T13:35:00,W-234,seminar,west,lab,29.3,22,15,156.0,0.476,9.5,26.0,44.1,540.8,55,40,66.4,False,5,563.2,0
ag-00598,2026-02-16T10:50:00,E-125,lecture,east,none,147.7,124,52,647.6,0.372,8.0,25.2,52.2,582.3,7,90,53.0,True,7,770.6,0
ag-00599,2026-04-20T14:05:00,E-539,lecture,east,lab,84.5,66,55,699.0,0.615,3.6,24.4,44.5,847.1,59,18,69.0,False,3,1041.7,0
ag-00600,2026-04-11T09:15:00,C-296,seminar,central,lecture,85.3,61,32,731.3,0.658,14.2,23.7,47.3,642.0,45,52,49.1,False,1,756.9,0
ag-00601,2026-04-21T16:15:00,E-104,seminar,east,practice,82.9,62,42,417.7,0.206,12.0,24.6,56.4,754.5,10,60,66.0,False,7,1014.7,0
ag-00602,2026-04-22T10:10:00,W-263,seminar,west,practice,44.6,41,22,308.2,0.381,12.4,24.0,58.3,535.6,36,65,62.2,False,1,567.5,0
ag-00603,2026-05-17T17:00:00,C-423,coworking,central,lecture,67.5,53,29,371.1,0.594,15.7,24.7,59.3,660.4,54,38,53.1,True,7,801.3,0
ag-00604,2026-02-10T15:45:00,N-353,lecture,north,none,76.4,55,22,585.9,0.476,-8.3,22.4,50.4,658.3,60,29,56.4,False,4,776.3,0
ag-00605,2026-04-12T16:05:00,C-561,seminar,central,practice,36.6,30,23,209.2,0.525,12.8,24.4,59.4,831.0,84,9,73.4,True,5,915.5,0
ag-00606,2026-04-20T11:15:00,E-348,seminar,east,lab,66.8,59,48,561.9,0.691,9.2,22.7,57.3,875.4,50,28,64.4,False,4,1083.2,0
ag-00607,2026-05-04T17:45:00,S-303,lecture,south,exam,131.0,112,101,921.7,0.263,11.4,26.3,68.9,1050.3,45,53,63.2,True,7,1492.4,1
ag-00608,2026-02-16T18:05:00,E-258,lecture,east,practice,109.0,109,92,1091.9,0.812,3.3,23.7,65.7,1193.5,90,11,67.2,False,5,1579.5,1
ag-00609,2026-02-15T14:15:00,E-595,coworking,east,lab,68.2,54,41,504.8,0.619,0.2,26.5,60.2,751.4,56,30,56.7,False,1,1009.0,1
ag-00610,2026-05-01T09:10:00,W-371,coworking,west,lecture,36.4,35,27,249.3,0.556,9.7,23.2,73.9,648.4,72,26,56.9,True,4,762.7,0
ag-00611,2026-03-02T12:35:00,W-511,seminar,west,lab,38.8,32,21,333.7,0.474,3.4,23.0,68.6,644.0,69,20,53.5,True,3,771.9,0
ag-00612,2026-04-12T11:10:00,W-489,lecture,west,lecture,82.7,69,51,382.1,0.489,10.8,24.2,58.4,955.9,47,38,57.4,False,1,1222.2,1
ag-00613,2026-02-26T13:35:00,N-441,lab,north,practice,43.7,32,33,215.2,0.433,-0.6,20.9,72.2,710.3,28,71,68.5,True,4,872.3,0
ag-00614,2026-05-18T13:35:00,S-135,lecture,south,lecture,142.7,121,102,1121.7,0.616,15.9,21.8,65.8,1180.5,26,67,66.9,True,6,1687.7,1
ag-00615,2026-05-09T08:55:00,C-326,lab,central,practice,39.9,40,34,562.9,0.887,25.9,24.4,59.9,603.3,39,49,65.7,True,6,764.4,0
ag-00616,2026-05-02T14:25:00,S-276,lecture,south,lecture,111.1,110,99,570.0,0.137,12.9,23.7,56.5,1182.5,71,20,62.5,True,2,1671.0,1
ag-00617,2026-05-09T15:35:00,E-197,seminar,east,lecture,41.6,31,29,200.3,0.29,18.4,26.4,64.7,690.9,78,8,63.4,True,7,761.7,0
ag-00618,2026-05-08T13:10:00,C-436,seminar,central,lab,42.1,36,20,209.9,0.109,17.1,23.9,44.9,563.8,0,83,65.2,True,7,542.7,0
ag-00619,2026-03-27T10:30:00,W-191,lecture,west,lab,92.9,67,47,515.3,0.47,0.1,22.6,57.8,783.7,22,64,65.6,False,3,901.5,0
ag-00620,2026-04-13T14:55:00,S-312,seminar,south,none,64.2,51,17,393.0,0.59,15.0,22.8,49.8,515.1,19,55,57.7,False,5,557.1,0
ag-00621,2026-04-01T10:55:00,N-294,seminar,north,lecture,65.8,54,46,316.3,0.08,2.1,24.5,73.1,758.9,62,13,66.7,False,7,938.2,0
ag-00622,2026-03-02T10:05:00,E-441,seminar,east,practice,46.1,47,31,388.8,0.523,13.1,25.1,54.1,442.5,34,57,61.3,False,2,596.3,0
ag-00623,2026-04-22T10:35:00,S-438,lecture,south,lab,161.9,120,102,884.3,0.291,12.0,24.0,57.9,980.5,60,24,71.2,True,3,1444.3,1
ag-00624,2026-03-05T13:25:00,C-288,lab,central,exam,17.6,18,13,115.1,0.548,2.3,23.2,68.5,497.4,16,76,59.9,False,1,602.5,0
ag-00625,2026-03-22T17:30:00,N-260,seminar,north,practice,36.1,35,29,332.8,0.484,6.2,23.1,50.5,667.7,79,23,57.0,False,6,798.1,0
ag-00626,2026-02-22T11:00:00,E-581,lecture,east,none,124.8,95,32,1069.6,0.667,10.8,22.7,54.8,641.8,35,50,54.1,False,6,698.5,0
ag-00627,2026-05-12T14:50:00,S-278,seminar,south,none,56.5,59,6,315.5,0.237,14.1,23.2,36.3,626.6,90,0,50.8,True,6,647.3,0
ag-00628,2026-04-10T18:45:00,S-554,lab,south,lab,35.1,31,29,177.6,0.518,16.9,23.1,58.4,724.9,35,57,63.4,False,6,920.6,0
ag-00629,2026-03-08T15:55:00,E-198,lecture,east,none,77.4,86,20,422.2,0.055,5.5,22.7,56.3,581.6,60,33,53.3,False,6,735.5,0
ag-00630,2026-05-19T08:50:00,C-463,seminar,central,lab,47.9,48,38,240.8,0.168,16.9,21.6,65.7,798.0,23,57,65.3,True,4,1001.7,0
ag-00631,2026-03-22T16:20:00,E-371,lab,east,lab,30.2,27,19,184.0,0.409,5.1,23.2,58.5,691.2,68,24,66.7,False,2,791.2,0
ag-00632,2026-02-18T09:15:00,S-259,lab,south,lab,46.0,39,28,369.7,0.642,-2.8,23.4,63.8,626.8,67,33,61.1,False,2,736.9,0
ag-00633,2026-03-08T11:45:00,S-493,lab,south,exam,53.1,41,40,511.0,0.839,9.3,25.1,57.8,520.7,72,24,66.3,False,7,822.4,0
ag-00634,2026-02-24T12:25:00,N-516,lecture,north,practice,151.6,111,70,753.6,0.421,6.0,24.0,62.0,819.5,22,85,52.2,False,6,1072.2,0
ag-00635,2026-03-11T18:05:00,N-118,lecture,north,practice,164.5,117,96,1143.6,0.438,7.7,24.1,73.9,1126.8,14,70,62.5,True,6,1392.8,1
ag-00636,2026-04-16T16:25:00,W-420,lab,west,lab,38.2,35,34,465.7,0.879,9.2,23.0,66.8,530.5,54,37,69.2,True,5,718.3,0
ag-00637,2026-04-26T16:35:00,W-527,seminar,west,practice,57.6,52,40,398.2,0.528,21.0,23.4,56.4,670.5,80,17,61.4,False,7,937.0,0
ag-00638,2026-03-17T13:05:00,S-587,coworking,south,practice,67.9,48,21,274.7,0.383,6.3,25.1,49.8,604.4,0,87,51.9,False,6,607.6,0
ag-00639,2026-03-16T17:00:00,S-498,coworking,south,practice,78.6,69,44,388.8,0.484,3.9,25.7,40.9,837.0,40,59,63.9,False,5,1068.0,0
ag-00640,2026-03-12T16:35:00,N-487,lecture,north,practice,107.9,89,74,671.9,0.784,14.0,22.1,65.7,1066.5,24,64,61.8,False,3,1378.7,1
ag-00641,2026-04-04T13:40:00,E-517,seminar,east,none,58.6,60,18,339.0,0.294,18.1,20.8,66.5,598.0,49,48,54.2,True,2,678.3,0
ag-00642,2026-04-04T15:55:00,S-411,seminar,south,lecture,42.9,32,23,293.3,0.494,7.3,21.8,60.6,585.4,23,62,58.6,False,4,701.1,0
ag-00643,2026-04-08T17:50:00,C-388,seminar,central,lecture,62.1,61,39,273.8,0.292,5.1,24.8,61.7,704.7,10,79,59.3,False,3,916.9,0
ag-00644,2026-03-26T11:00:00,E-234,lab,east,practice,38.9,41,26,291.3,0.288,14.6,24.2,63.0,626.9,61,5,57.2,False,6,681.0,0
ag-00645,2026-03-09T13:50:00,E-355,lecture,east,none,101.3,79,7,541.0,0.218,-5.0,21.3,48.4,581.3,41,53,44.1,False,5,494.6,0
ag-00646,2026-04-14T11:40:00,S-165,lecture,south,none,132.0,110,27,1184.8,0.527,17.6,25.8,55.0,631.8,29,65,50.9,False,6,727.1,0
ag-00647,2026-05-01T15:15:00,N-107,lab,north,lab,26.7,27,18,235.0,0.741,14.0,22.4,67.8,670.4,86,3,63.9,True,5,798.4,0
ag-00648,2026-04-14T13:15:00,W-267,lecture,west,none,87.0,85,2,503.4,0.582,5.9,22.1,40.2,380.0,18,69,32.0,False,6,344.6,0
ag-00649,2026-04-16T10:25:00,E-315,lecture,east,exam,155.3,108,90,853.0,0.613,11.3,21.8,62.6,987.2,48,48,56.5,False,6,1273.0,1
ag-00650,2026-02-13T15:05:00,N-497,coworking,north,exam,82.0,61,50,430.5,0.296,1.9,21.7,57.0,851.7,39,48,64.3,False,1,1066.3,0
ag-00651,2026-04-07T15:05:00,W-580,seminar,west,lab,42.3,36,21,243.9,0.486,9.1,25.4,56.3,598.1,42,44,53.7,False,4,608.4,0
ag-00652,2026-02-22T08:55:00,S-335,lecture,south,lab,128.5,110,82,998.1,0.478,5.2,24.3,68.5,1076.2,26,59,65.3,False,4,1305.1,1
ag-00653,2026-02-24T09:10:00,S-321,lecture,south,none,154.3,114,58,988.7,0.453,1.9,22.5,55.3,848.2,51,31,54.6,False,7,1101.9,1
ag-00654,2026-02-28T12:30:00,S-268,lecture,south,practice,159.8,117,62,496.5,0.11,-4.7,23.2,55.7,910.5,15,80,59.6,False,5,1181.6,1
ag-00655,2026-04-09T10:25:00,S-214,lecture,south,lecture,60.2,56,34,635.0,0.735,10.3,21.8,62.9,701.0,88,0,57.1,False,2,767.6,0
ag-00656,2026-05-15T11:20:00,E-107,seminar,east,exam,42.2,31,28,233.4,0.375,11.9,21.2,54.9,685.5,5,79,64.8,True,6,778.9,0
ag-00657,2026-05-07T15:45:00,N-585,lab,north,practice,29.9,23,14,193.4,0.601,11.7,21.5,51.2,623.7,59,38,58.6,True,7,654.7,0
ag-00658,2026-05-01T10:30:00,C-562,lab,central,lecture,32.9,24,21,144.8,0.523,16.3,24.0,48.3,667.0,66,13,66.6,True,5,651.4,0
ag-00659,2026-02-25T10:40:00,W-253,lab,west,lecture,45.4,34,28,292.6,0.498,-1.4,23.9,56.9,624.9,78,10,55.8,False,1,731.4,0
ag-00660,2026-03-03T12:40:00,W-563,lecture,west,practice,59.6,63,46,635.0,0.554,-1.1,25.5,67.1,669.6,16,73,60.9,False,2,881.4,0
ag-00661,2026-03-20T18:45:00,N-324,lab,north,lecture,42.7,32,24,292.4,0.695,7.7,22.3,64.7,520.6,57,26,61.0,False,1,624.5,0
ag-00662,2026-03-03T09:10:00,W-532,lecture,west,lecture,92.8,96,77,563.8,0.221,7.2,22.8,58.7,1029.3,46,39,63.8,False,5,1379.4,1
ag-00663,2026-05-18T15:55:00,W-266,lecture,west,practice,157.5,112,66,863.0,0.386,15.2,22.4,43.9,910.4,90,5,53.1,True,1,1132.9,1
ag-00664,2026-04-07T17:20:00,W-511,lab,west,lab,39.0,27,20,232.9,0.743,4.0,24.1,54.6,471.5,18,65,62.3,False,1,649.8,0
ag-00665,2026-03-14T15:20:00,N-298,lecture,north,practice,133.2,115,78,987.8,0.549,1.7,22.6,51.7,949.2,0,90,58.5,False,3,1376.5,1
ag-00666,2026-03-18T14:25:00,E-522,lecture,east,practice,152.6,127,78,587.3,0.344,8.0,23.3,48.7,739.4,0,85,54.6,True,4,826.6,0
ag-00667,2026-02-18T12:00:00,S-252,lab,south,lecture,38.2,36,28,277.7,0.789,2.6,23.3,62.4,654.7,50,31,67.2,False,2,837.8,0
ag-00668,2026-02-14T16:55:00,W-525,lab,west,lab,37.3,34,31,449.6,0.783,4.5,23.4,46.5,549.2,8,85,67.5,False,2,653.7,0
ag-00669,2026-04-22T18:15:00,S-538,lecture,south,none,92.4,72,16,372.0,0.121,13.0,22.8,54.6,660.6,29,59,51.4,False,3,635.7,0
ag-00670,2026-04-10T16:05:00,E-294,lecture,east,lab,147.9,111,101,1221.3,0.51,4.6,23.4,63.5,944.1,53,25,60.2,True,5,1264.6,1
ag-00671,2026-02-19T18:40:00,C-325,lab,central,practice,58.4,41,26,333.6,0.296,-1.4,24.4,65.6,577.4,0,90,54.9,True,4,646.6,0
ag-00672,2026-04-14T18:30:00,S-424,seminar,south,practice,63.8,59,34,294.4,0.399,4.6,26.4,50.4,671.3,65,24,57.5,False,4,977.2,0
ag-00673,2026-04-18T12:25:00,S-126,lecture,south,lecture,78.0,57,40,384.3,0.387,12.0,21.9,60.5,720.3,61,24,68.3,False,4,926.8,0
ag-00674,2026-03-17T09:45:00,E-255,lecture,east,lab,106.7,103,59,620.1,0.653,0.3,26.3,66.2,798.2,51,32,55.0,False,3,1088.2,1
ag-00675,2026-05-06T14:35:00,N-245,seminar,north,exam,29.6,22,26,255.9,0.56,14.1,23.6,68.1,543.3,20,74,75.0,True,5,670.5,0
ag-00676,2026-03-30T18:25:00,W-342,lab,west,practice,42.3,38,27,371.0,0.528,8.2,23.5,56.2,630.8,55,40,62.1,False,3,837.6,0
ag-00677,2026-03-23T15:35:00,C-473,coworking,central,lab,62.4,52,24,294.6,0.446,14.1,23.3,53.8,652.8,53,28,56.8,False,5,848.5,0
ag-00678,2026-04-10T12:40:00,C-396,lecture,central,none,86.5,94,15,373.7,0.22,9.6,21.6,49.8,515.9,40,44,47.4,False,3,560.4,0
ag-00679,2026-03-19T13:55:00,N-389,lab,north,lecture,27.0,20,16,221.9,0.718,14.5,23.5,62.3,658.7,22,76,66.0,False,3,627.9,0
ag-00680,2026-04-28T17:05:00,W-552,lab,west,lecture,34.4,30,24,287.9,0.45,18.0,24.1,63.0,706.2,10,86,72.6,False,3,834.1,0
ag-00681,2026-05-05T16:10:00,W-530,lecture,west,lecture,94.9,66,66,512.0,0.273,12.4,23.7,49.6,928.6,0,88,65.6,True,1,1225.6,1
ag-00682,2026-03-21T15:10:00,W-537,seminar,west,lecture,72.4,59,33,434.9,0.693,13.1,21.6,53.9,543.6,40,43,57.8,False,5,588.5,0
ag-00683,2026-05-06T16:55:00,S-264,lab,south,exam,46.8,34,21,252.7,0.651,12.7,24.3,53.3,492.4,32,45,57.6,True,4,490.5,0
ag-00684,2026-04-06T10:45:00,E-590,seminar,east,practice,73.8,51,38,253.3,0.272,12.5,23.4,69.6,847.8,58,43,61.0,False,1,1060.2,0
ag-00685,2026-02-14T08:40:00,E-431,coworking,east,practice,85.9,66,54,532.7,0.278,-13.1,23.0,59.2,830.4,14,46,58.2,False,5,1042.5,0
ag-00686,2026-05-05T15:35:00,N-320,seminar,north,lecture,33.3,24,28,154.0,0.413,8.9,25.7,66.7,636.7,1,90,66.9,True,3,695.0,0
ag-00687,2026-03-02T18:20:00,W-232,lecture,west,practice,83.7,86,56,513.4,0.363,-1.7,23.9,65.3,914.0,81,0,50.5,False,2,987.6,0
ag-00688,2026-03-10T09:35:00,S-579,lab,south,none,24.5,23,3,272.5,0.823,9.3,21.4,35.2,463.0,80,1,48.0,False,5,401.0,0
ag-00689,2026-02-21T15:10:00,E-268,lecture,east,lab,113.8,103,75,620.4,0.278,2.9,20.3,57.8,1046.7,71,23,61.2,False,2,1502.1,1
ag-00690,2026-03-17T08:35:00,E-181,seminar,east,lecture,43.7,41,26,278.6,0.504,-2.0,25.5,59.1,556.2,52,46,65.3,False,7,634.1,0
ag-00691,2026-03-04T10:30:00,C-264,seminar,central,lab,46.9,50,34,484.6,0.389,4.4,24.6,49.8,554.2,0,87,58.9,False,2,753.5,0
ag-00692,2026-03-04T12:40:00,C-415,seminar,central,none,68.3,64,7,466.4,0.575,-0.1,20.3,42.8,380.0,7,90,47.6,False,5,484.1,0
ag-00693,2026-04-21T15:45:00,S-195,coworking,south,lecture,27.1,23,24,332.4,0.886,20.1,23.9,51.8,531.8,35,45,59.7,False,3,725.4,0
ag-00694,2026-04-03T09:50:00,S-172,seminar,south,lecture,32.4,27,23,261.4,0.676,12.7,22.8,69.4,623.7,39,41,56.8,False,3,578.4,0
ag-00695,2026-05-01T15:10:00,S-291,lab,south,lecture,39.7,43,46,176.4,0.239,22.7,22.9,71.6,839.5,40,54,55.6,True,7,1111.8,1
ag-00696,2026-03-18T15:55:00,N-426,lecture,north,lecture,130.8,103,106,973.7,0.354,-6.1,25.9,56.6,1203.7,8,87,70.6,True,6,1595.8,1
ag-00697,2026-03-03T09:50:00,S-513,lab,south,none,37.6,38,2,275.8,0.375,-0.2,22.0,47.1,515.5,57,35,45.6,False,6,521.8,0
ag-00698,2026-03-05T15:00:00,N-121,lab,north,none,45.5,44,11,355.6,0.539,10.6,24.3,49.0,479.2,38,27,42.6,False,3,463.5,0
ag-00699,2026-03-15T09:05:00,C-242,lab,central,lecture,25.9,22,17,101.8,0.247,12.9,24.0,48.3,587.8,20,83,68.4,False,6,592.7,0
ag-00700,2026-03-16T08:35:00,C-591,coworking,central,lab,78.4,58,48,365.1,0.292,10.2,21.3,52.5,892.3,51,23,53.2,True,6,1185.5,1
ag-00701,2026-05-16T18:05:00,S-519,seminar,south,practice,69.5,53,35,308.6,0.333,6.7,24.6,66.9,719.6,66,30,62.5,True,3,829.3,0
ag-00702,2026-03-12T15:00:00,S-308,seminar,south,lecture,57.0,58,54,403.9,0.553,1.0,24.6,49.4,868.4,83,8,71.1,False,6,1045.5,0
ag-00703,2026-04-06T09:45:00,S-397,lecture,south,lab,118.7,102,101,550.8,0.05,16.6,26.7,61.8,1081.3,66,38,59.5,True,5,1613.3,1
ag-00704,2026-05-07T18:00:00,W-555,seminar,west,practice,71.1,56,38,462.7,0.289,13.9,24.8,62.5,629.9,8,90,56.5,True,3,869.2,0
ag-00705,2026-04-03T18:40:00,N-301,lecture,north,lecture,169.1,123,84,1119.4,0.357,13.8,23.6,53.5,1065.9,40,55,53.9,False,6,1454.7,1
ag-00706,2026-03-29T16:05:00,S-514,seminar,south,lecture,65.3,52,26,379.6,0.375,15.0,22.5,50.9,574.6,40,60,50.4,False,3,683.2,0
ag-00707,2026-02-21T14:45:00,S-444,seminar,south,lecture,81.3,61,43,477.4,0.295,-3.8,25.6,57.8,683.8,1,89,54.4,False,1,762.8,0
ag-00708,2026-03-15T14:40:00,S-496,lab,south,exam,49.2,44,41,302.5,0.484,10.4,23.4,71.9,638.6,0,90,57.9,False,4,782.5,0
ag-00709,2026-05-13T17:25:00,N-548,coworking,north,practice,50.4,51,38,322.5,0.115,8.4,25.1,61.8,758.5,64,23,51.7,True,6,945.2,0
ag-00710,2026-05-06T17:40:00,S-403,lab,south,none,56.2,39,28,180.2,0.321,13.4,23.1,62.1,516.8,14,80,54.8,True,2,671.9,0
ag-00711,2026-03-21T15:35:00,N-204,lecture,north,lecture,113.1,89,66,761.4,0.398,7.8,23.3,80.9,830.3,15,82,61.7,False,7,1046.2,0
ag-00712,2026-04-05T09:00:00,E-119,lecture,east,lab,89.7,87,74,413.1,0.385,17.8,23.0,62.7,957.1,62,32,65.7,False,2,1310.1,1
ag-00713,2026-05-05T08:35:00,C-289,lecture,central,lecture,149.4,120,97,1100.0,0.745,16.3,23.6,56.6,938.1,65,29,68.5,True,2,1256.7,1
ag-00714,2026-02-18T15:50:00,C-530,lab,central,lab,43.8,33,16,181.1,0.331,4.7,23.9,74.0,527.0,6,80,52.8,False,7,694.1,0
ag-00715,2026-03-18T13:45:00,E-528,coworking,east,none,38.9,32,7,324.3,0.507,5.2,23.9,54.5,606.9,38,42,42.4,False,1,675.2,0
ag-00716,2026-05-04T14:50:00,S-176,lab,south,lecture,32.8,23,24,180.1,0.729,8.0,23.8,79.1,630.4,40,52,72.6,True,3,727.8,0
ag-00717,2026-02-11T12:00:00,W-193,seminar,west,none,52.8,55,3,475.7,0.554,0.8,20.6,47.7,380.0,49,37,54.3,False,5,319.0,0
ag-00718,2026-04-11T15:15:00,C-339,seminar,central,lecture,50.7,38,32,166.2,0.213,7.6,24.6,73.3,761.7,72,15,65.4,False,4,886.8,0
ag-00719,2026-05-11T14:25:00,N-325,lab,north,practice,49.5,35,27,316.6,0.856,13.0,25.0,47.3,491.5,0,90,60.2,True,5,548.8,0
ag-00720,2026-04-18T13:35:00,N-472,lecture,north,none,153.5,108,6,732.9,0.588,10.9,21.4,39.9,380.0,6,90,41.8,False,6,334.8,0
ag-00721,2026-04-13T17:30:00,S-132,seminar,south,lab,32.4,34,21,215.3,0.106,24.2,25.1,47.2,615.2,43,57,55.8,False,6,661.5,0
ag-00722,2026-03-01T13:55:00,W-578,lecture,west,practice,62.5,58,33,354.9,0.156,9.6,24.1,53.3,811.7,65,32,53.4,False,4,999.7,0
ag-00723,2026-05-06T13:25:00,W-357,seminar,west,lab,50.9,54,30,441.0,0.531,10.6,24.0,52.4,683.6,58,35,49.2,True,4,910.8,0
ag-00724,2026-03-16T16:25:00,S-189,seminar,south,none,34.3,35,1,227.3,0.272,-1.2,22.0,61.3,380.0,68,26,45.4,False,4,533.5,0
ag-00725,2026-05-03T08:05:00,S-491,lecture,south,exam,62.7,60,71,476.8,0.306,9.3,26.2,59.0,1000.8,49,29,64.5,True,6,1398.1,1
ag-00726,2026-02-23T08:25:00,S-351,lab,south,lecture,27.9,26,15,141.4,0.489,-2.7,22.6,50.2,569.4,28,59,49.5,True,4,603.9,0
ag-00727,2026-03-29T17:15:00,E-341,lab,east,exam,38.1,27,32,322.3,0.724,6.0,24.7,56.1,631.2,50,37,60.2,False,5,762.1,0
ag-00728,2026-04-05T15:55:00,W-201,seminar,west,lecture,35.2,36,37,298.1,0.727,14.5,24.0,60.7,587.1,12,67,63.1,True,7,859.7,0
ag-00729,2026-03-11T18:45:00,E-505,lecture,east,lab,92.0,79,31,651.9,0.3,13.4,25.2,59.2,569.6,7,82,53.6,False,5,559.4,0
ag-00730,2026-02-28T08:45:00,W-296,seminar,west,exam,61.2,56,50,586.1,0.732,3.3,24.0,58.4,611.7,17,65,55.2,False,6,1031.4,0
ag-00731,2026-04-08T17:15:00,S-139,lab,south,practice,56.9,43,33,534.1,0.643,8.2,21.1,50.8,606.5,50,42,59.3,False,5,811.9,0
ag-00732,2026-05-10T12:30:00,S-308,lecture,south,none,73.9,63,14,699.1,0.898,17.2,23.0,39.5,410.1,0,89,55.0,True,7,421.6,0
ag-00733,2026-03-18T09:35:00,C-257,coworking,central,exam,72.0,69,81,355.0,0.231,10.3,23.5,65.6,986.9,76,8,65.1,False,5,1274.1,1
ag-00734,2026-03-31T13:00:00,E-498,lab,east,practice,30.1,23,12,189.4,0.439,8.8,24.3,46.7,427.5,36,57,54.7,False,3,561.4,0
ag-00735,2026-04-30T11:35:00,S-571,lecture,south,practice,125.3,119,59,642.3,0.221,16.7,23.3,52.2,768.8,57,34,54.3,False,3,985.8,0
ag-00736,2026-04-30T15:25:00,S-273,lab,south,lab,25.1,21,19,227.4,0.651,19.2,25.5,50.8,513.5,10,81,68.0,False,6,580.6,0
ag-00737,2026-02-17T15:35:00,W-401,seminar,west,lab,45.9,45,37,320.7,0.35,-1.0,23.3,70.3,626.5,42,46,58.7,False,1,863.7,0
ag-00738,2026-03-21T18:00:00,E-303,coworking,east,none,83.1,62,1,813.2,0.715,10.7,18.9,42.6,387.1,29,59,47.3,False,2,413.7,0
ag-00739,2026-05-04T17:45:00,N-115,seminar,north,practice,56.5,57,44,280.0,0.413,18.7,22.5,60.6,766.9,40,43,59.3,True,2,944.6,0
ag-00740,2026-05-03T13:55:00,S-416,lab,south,lab,42.3,44,31,354.8,0.755,12.4,21.0,54.6,398.1,26,71,59.1,True,4,530.5,0
ag-00741,2026-02-25T10:55:00,E-493,lab,east,lecture,32.5,31,35,318.8,0.807,3.3,25.3,44.8,661.3,47,47,71.6,True,2,865.3,0
ag-00742,2026-04-25T13:30:00,C-160,seminar,central,practice,25.1,27,13,151.5,0.178,11.3,22.4,60.4,650.0,66,29,50.2,False,5,688.4,0
ag-00743,2026-04-06T10:25:00,E-210,coworking,east,lecture,64.0,66,56,320.7,0.415,13.2,24.3,67.9,723.8,31,55,56.9,False,7,1009.7,0
ag-00744,2026-03-16T11:45:00,C-120,lab,central,none,27.3,20,9,134.5,0.364,7.7,22.0,47.9,616.4,58,37,54.2,False,4,697.0,0
ag-00745,2026-03-30T14:45:00,E-279,lecture,east,exam,96.8,70,72,468.4,0.527,17.2,27.6,71.2,1009.3,63,31,65.1,False,7,1277.9,1
ag-00746,2026-05-03T11:00:00,S-377,seminar,south,none,26.4,22,5,113.8,0.334,20.8,22.0,57.5,594.7,90,0,50.6,True,4,617.0,0
ag-00747,2026-02-23T11:20:00,C-560,lecture,central,lecture,107.8,78,74,480.0,0.62,3.4,23.1,60.3,953.9,17,77,66.1,True,5,1364.1,1
ag-00748,2026-02-26T10:00:00,W-144,lecture,west,practice,155.9,116,99,736.9,0.338,-2.7,21.8,60.0,1181.8,42,33,59.0,False,5,1723.2,1
ag-00749,2026-02-22T12:05:00,C-316,seminar,central,practice,82.9,61,43,367.3,0.312,-1.4,26.9,46.4,659.5,55,14,52.5,False,7,834.3,0
ag-00750,2026-04-16T09:55:00,W-227,lab,west,lecture,47.9,39,34,448.3,0.868,8.2,23.1,66.2,734.5,79,0,71.4,False,6,1027.8,0
ag-00751,2026-04-13T11:45:00,N-320,lab,north,none,44.3,32,3,371.1,0.625,10.4,24.2,39.2,380.0,0,90,42.1,False,3,400.9,0
ag-00752,2026-03-08T11:10:00,S-462,lecture,south,lecture,72.8,68,39,332.9,0.133,6.9,20.9,50.7,808.6,52,39,53.4,True,2,1060.9,0
ag-00753,2026-04-23T17:35:00,S-571,seminar,south,lab,67.7,49,35,412.2,0.551,20.6,23.7,51.2,574.3,83,0,68.2,False,1,639.6,0
ag-00754,2026-04-10T13:25:00,E-305,seminar,east,lab,55.9,46,38,588.2,0.81,6.4,25.3,67.1,544.5,0,90,65.1,False,2,647.3,0
ag-00755,2026-02-23T08:05:00,W-343,coworking,west,none,49.8,44,11,276.4,0.206,-3.0,22.4,57.1,468.9,20,71,49.9,False,7,382.0,0
ag-00756,2026-04-08T16:50:00,E-177,lecture,east,exam,65.2,62,62,409.2,0.557,12.4,25.4,71.9,850.2,17,66,64.4,False,5,1283.0,1
ag-00757,2026-03-08T10:45:00,E-111,seminar,east,exam,34.4,24,24,249.1,0.545,8.2,21.8,74.6,508.8,0,90,63.2,False,2,402.5,0
ag-00758,2026-04-07T16:55:00,W-276,lab,west,practice,46.3,35,26,312.0,0.678,13.2,24.8,44.5,604.2,37,44,62.6,False,5,748.8,0
ag-00759,2026-02-19T16:00:00,N-261,coworking,north,practice,55.9,62,28,410.0,0.291,-4.6,22.0,52.7,690.4,55,36,49.2,False,3,864.9,0
ag-00760,2026-04-13T11:40:00,S-594,coworking,south,practice,46.8,43,36,353.8,0.354,7.5,24.3,63.8,679.7,37,55,65.0,False,2,809.2,0
ag-00761,2026-03-23T14:05:00,N-229,lab,north,lab,22.6,21,19,183.5,0.999,16.4,23.4,52.2,543.4,64,24,65.8,False,2,586.4,0
ag-00762,2026-02-17T12:55:00,N-104,lecture,north,lecture,90.7,70,42,490.2,0.36,7.5,25.2,68.0,878.3,90,13,58.4,False,3,984.4,0
ag-00763,2026-02-23T14:25:00,S-281,lecture,south,exam,121.8,123,127,1572.4,0.902,1.1,20.9,63.1,1328.0,22,81,68.7,False,6,2036.5,1
ag-00764,2026-05-16T11:00:00,W-204,lab,west,practice,58.3,42,25,360.2,0.564,13.6,21.8,58.9,667.6,86,0,61.0,True,2,640.8,0
ag-00765,2026-04-14T17:00:00,E-387,seminar,east,lab,55.7,40,24,174.4,0.132,10.7,22.9,49.4,653.9,52,36,53.7,False,1,803.1,0
ag-00766,2026-05-12T09:35:00,N-365,seminar,north,lab,47.4,42,33,420.4,0.868,17.3,22.4,66.8,654.7,68,14,56.8,True,4,806.5,0
ag-00767,2026-04-06T08:10:00,N-143,seminar,north,lecture,39.0,39,29,209.4,0.357,13.2,23.6,44.2,677.9,69,24,52.9,False,5,859.7,0
ag-00768,2026-03-20T08:40:00,C-337,seminar,central,practice,55.7,47,25,259.9,0.109,1.4,22.3,68.3,660.1,40,44,49.8,False,3,727.0,0
ag-00769,2026-02-15T09:55:00,W-188,coworking,west,lab,34.2,31,25,236.8,0.488,0.0,26.3,71.5,593.8,46,48,58.4,False,7,556.9,0
ag-00770,2026-03-10T16:00:00,S-561,seminar,south,lecture,57.0,59,37,484.9,0.608,11.2,26.1,43.0,707.7,41,48,55.5,False,5,974.0,0
ag-00771,2026-05-19T15:45:00,S-123,lab,south,lecture,42.7,40,38,481.9,0.729,17.4,22.9,74.2,503.3,55,29,69.7,True,6,664.1,0
ag-00772,2026-05-14T13:10:00,N-341,lab,north,exam,37.8,29,25,255.8,0.321,7.7,25.3,70.7,659.7,46,59,55.9,True,1,772.0,0
ag-00773,2026-02-24T18:10:00,E-265,lecture,east,none,84.2,64,19,423.4,0.486,-1.4,23.0,52.9,707.4,67,33,53.1,False,5,799.8,0
ag-00774,2026-02-10T09:20:00,W-419,lecture,west,lecture,104.8,74,67,335.0,0.324,-5.5,22.9,62.6,906.1,34,75,66.7,False,3,1067.9,0
ag-00775,2026-04-17T11:10:00,N-134,lecture,north,lecture,76.9,55,44,285.9,0.335,12.4,23.0,62.0,808.2,63,23,58.6,False,2,1047.0,0
ag-00776,2026-04-06T11:35:00,S-121,seminar,south,lecture,37.0,35,31,254.4,0.457,-1.0,22.8,53.5,716.3,33,57,64.0,False,7,780.8,0
ag-00777,2026-03-14T16:55:00,S-533,lab,south,practice,50.5,40,24,193.5,0.317,5.3,21.7,55.0,637.5,34,52,58.7,False,7,688.9,0
ag-00778,2026-05-16T11:35:00,C-481,lecture,central,none,85.3,61,17,288.5,0.347,17.7,24.0,41.8,679.7,88,3,35.6,True,7,720.1,0
ag-00779,2026-03-14T14:00:00,S-443,coworking,south,none,75.2,59,12,376.7,0.179,3.4,19.5,38.9,613.3,59,30,45.6,False,4,636.5,0
ag-00780,2026-02-14T13:20:00,E-212,seminar,east,practice,59.3,52,33,410.8,0.235,5.1,22.5,58.6,811.0,55,31,58.4,False,6,900.3,0
ag-00781,2026-04-29T13:40:00,S-483,lecture,south,practice,73.7,60,25,461.4,0.353,17.3,22.1,60.3,567.0,5,87,52.3,False,7,692.4,0
ag-00782,2026-03-06T14:45:00,N-459,lab,north,lecture,45.7,34,25,339.3,0.836,4.5,23.7,49.9,641.2,44,31,62.8,False,5,752.6,0
ag-00783,2026-04-10T08:25:00,N-381,lecture,north,practice,154.9,113,75,1421.3,0.717,13.5,24.0,60.6,882.3,90,0,53.2,False,1,1286.2,1
ag-00784,2026-04-25T15:50:00,S-339,seminar,south,lecture,25.2,26,22,307.2,0.833,14.4,27.2,62.8,555.8,59,40,65.6,False,4,662.6,0
ag-00785,2026-03-28T13:20:00,E-384,seminar,east,none,46.4,37,1,366.1,0.522,14.1,22.0,47.5,380.0,0,85,45.3,False,6,370.7,0
ag-00786,2026-03-11T13:10:00,C-314,lab,central,lab,57.1,40,30,321.2,0.695,5.6,24.3,46.1,661.1,33,63,59.6,False,2,765.5,0
ag-00787,2026-04-30T11:25:00,E-191,lab,east,lecture,54.7,38,26,215.6,0.314,17.3,25.7,52.1,630.4,40,63,59.7,False,4,718.3,0
ag-00788,2026-04-04T09:35:00,W-219,lecture,west,practice,171.1,120,119,1142.7,0.581,10.9,25.8,63.1,1331.0,14,70,60.2,False,2,1989.8,1
ag-00789,2026-03-30T09:00:00,W-104,seminar,west,practice,25.5,28,16,231.3,0.427,8.5,22.3,64.1,649.4,28,63,45.7,False,5,713.5,0
ag-00790,2026-03-22T14:20:00,N-227,lecture,north,lecture,111.9,124,129,684.2,0.286,9.3,24.5,49.8,1538.7,88,0,67.3,False,2,2207.3,1
ag-00791,2026-03-03T18:05:00,S-494,lab,south,lecture,43.1,36,27,423.7,0.768,5.9,22.0,57.4,534.6,54,16,57.8,False,3,614.2,0
ag-00792,2026-04-17T12:15:00,E-311,lab,east,lab,46.6,40,26,356.6,0.435,17.7,24.5,51.3,577.1,32,36,57.6,False,7,673.0,0
ag-00793,2026-03-08T13:00:00,N-585,lecture,north,lab,120.8,128,96,931.7,0.401,4.1,25.4,62.9,961.6,8,66,62.8,False,5,1359.6,1
ag-00794,2026-02-16T10:10:00,N-363,lecture,north,lecture,127.2,109,86,684.7,0.341,6.2,22.7,56.1,1019.6,25,59,53.8,False,3,1327.1,1
ag-00795,2026-03-16T13:35:00,E-589,lab,east,none,38.0,30,12,308.8,0.629,16.8,23.2,47.0,531.9,26,64,42.0,False,1,575.3,0
ag-00796,2026-02-19T13:40:00,S-466,lecture,south,none,90.7,89,2,719.7,0.618,-4.4,21.7,42.4,380.0,23,68,40.8,False,2,427.7,0
ag-00797,2026-04-16T09:25:00,S-446,coworking,south,practice,75.9,63,38,644.6,0.771,8.7,23.7,61.1,687.8,52,38,58.2,True,4,829.5,0
ag-00798,2026-04-07T11:35:00,E-307,seminar,east,practice,55.6,50,41,428.5,0.332,11.4,23.1,53.9,861.2,90,0,60.8,False,4,1039.2,0
ag-00799,2026-05-19T12:25:00,C-335,seminar,central,none,37.1,36,2,293.5,0.648,24.6,21.4,46.2,380.0,44,54,39.4,True,4,319.7,0
ag-00800,2026-05-08T14:20:00,S-367,lecture,south,practice,64.7,59,48,297.5,0.299,21.0,24.5,61.9,871.2,65,30,63.4,True,4,1142.5,1
ag-00801,2026-04-02T14:25:00,E-256,lecture,east,practice,76.7,60,47,442.3,0.458,7.4,26.5,53.0,670.7,3,90,50.1,True,1,877.6,0
ag-00802,2026-03-18T12:25:00,N-352,seminar,north,practice,52.6,45,25,401.6,0.339,5.9,22.7,56.5,605.4,17,77,54.3,True,7,638.2,0
ag-00803,2026-04-02T16:15:00,W-115,lab,west,lecture,43.5,39,41,232.1,0.374,0.6,23.2,59.8,766.1,68,10,63.0,True,5,898.8,0
ag-00804,2026-02-23T11:35:00,W-419,seminar,west,lab,65.4,57,36,454.6,0.293,2.3,24.2,62.3,572.4,21,79,56.8,False,4,743.3,0
ag-00805,2026-03-19T13:45:00,C-333,seminar,central,practice,84.7,64,40,758.6,0.681,7.1,25.4,65.4,622.8,35,42,56.3,False,7,664.3,0
ag-00806,2026-03-22T13:20:00,S-274,seminar,south,practice,51.0,54,36,471.5,0.416,5.5,22.2,53.3,690.3,45,48,64.4,True,4,883.2,0
ag-00807,2026-02-11T12:05:00,W-387,lecture,west,lecture,87.7,80,41,566.0,0.461,2.3,25.1,60.5,605.8,0,90,48.1,False,4,825.1,0
ag-00808,2026-03-12T11:05:00,W-163,lecture,west,lecture,144.6,111,97,1505.8,0.928,4.6,22.4,68.0,1158.4,28,63,62.9,False,2,1492.8,1
ag-00809,2026-04-13T10:15:00,S-477,lecture,south,practice,95.4,106,95,845.7,0.243,9.5,27.0,57.8,1109.2,51,18,67.7,False,3,1422.8,1
ag-00810,2026-02-21T11:50:00,E-256,lecture,east,lecture,115.3,113,48,839.1,0.219,-2.5,22.7,47.4,867.2,55,21,50.2,False,5,1122.7,1
ag-00811,2026-02-21T17:55:00,W-227,lecture,west,lab,58.7,57,46,540.3,0.376,1.2,24.5,56.9,773.7,75,17,61.9,False,3,913.5,0
ag-00812,2026-04-21T17:20:00,S-409,coworking,south,lecture,75.0,78,43,698.1,0.473,14.4,24.6,49.7,738.9,12,75,51.8,False,1,1012.3,0
ag-00813,2026-04-24T09:45:00,W-531,lecture,west,practice,107.7,86,56,401.9,0.316,6.6,23.0,60.5,697.3,22,75,57.3,False,6,897.0,0
ag-00814,2026-02-13T13:10:00,E-159,coworking,east,practice,99.7,77,54,413.9,0.393,-2.1,23.9,57.8,850.7,58,19,58.6,False,3,1128.9,1
ag-00815,2026-03-08T11:20:00,E-339,lab,east,lecture,51.5,38,24,279.3,0.733,-0.4,23.9,69.2,510.6,15,76,62.0,False,6,570.1,0
ag-00816,2026-03-03T18:40:00,W-326,lab,west,none,49.0,35,20,342.0,0.677,-5.2,21.0,52.1,428.6,2,85,59.4,True,5,547.7,0
ag-00817,2026-02-23T16:45:00,C-272,lecture,central,lecture,108.4,95,71,1000.5,0.486,9.2,22.7,69.2,950.7,38,72,62.1,False,6,1241.5,1
ag-00818,2026-02-25T09:35:00,N-575,lab,north,practice,35.2,34,25,330.7,0.417,1.6,23.5,58.4,485.2,11,72,58.3,False,6,609.8,0
ag-00819,2026-04-12T18:35:00,W-360,lab,west,lecture,25.4,19,13,129.5,0.457,16.0,24.3,45.6,508.4,42,35,65.2,False,3,648.1,0
ag-00820,2026-03-03T17:10:00,N-241,coworking,north,none,78.3,68,20,403.1,0.34,5.4,21.1,41.6,558.1,49,45,44.4,False,2,585.6,0
ag-00821,2026-03-11T13:25:00,S-452,lab,south,none,42.6,37,3,347.4,0.583,13.9,22.8,56.6,380.0,34,61,42.7,True,6,379.0,0
ag-00822,2026-02-18T08:35:00,N-578,coworking,north,lab,47.7,45,28,316.8,0.296,9.1,25.0,55.5,662.7,54,41,50.6,False,4,720.3,0
ag-00823,2026-05-06T12:00:00,W-157,lecture,west,practice,59.8,60,67,681.4,0.633,18.8,22.8,72.3,803.7,40,51,68.4,True,5,1108.4,1
ag-00824,2026-03-15T08:55:00,E-365,lab,east,lecture,49.3,43,39,311.5,0.325,5.5,25.8,54.9,692.7,17,71,70.3,False,2,974.1,0
ag-00825,2026-03-01T08:05:00,E-512,lecture,east,practice,119.4,86,80,1086.6,0.658,5.8,24.3,62.5,1018.1,51,45,68.9,True,2,1347.9,1
ag-00826,2026-02-23T10:40:00,N-410,seminar,north,none,57.9,46,19,236.7,0.148,4.1,23.1,56.5,581.0,27,54,50.8,True,2,622.6,0
ag-00827,2026-03-01T15:55:00,W-516,lecture,west,practice,104.8,83,35,1095.1,0.91,-2.4,22.5,51.1,681.6,86,12,48.2,False,2,745.8,0
ag-00828,2026-04-05T17:45:00,W-408,lab,west,practice,45.2,32,25,280.4,0.554,7.9,24.5,56.0,533.2,54,39,73.1,False,6,624.0,0
ag-00829,2026-05-14T09:15:00,C-383,lecture,central,lecture,162.5,119,65,663.3,0.472,17.9,24.8,49.0,790.5,4,89,50.8,True,2,1065.1,0
ag-00830,2026-04-28T10:35:00,C-304,seminar,central,lecture,29.5,21,13,73.5,0.053,15.1,22.6,56.6,634.5,66,26,62.5,False,4,731.4,0
ag-00831,2026-04-06T14:00:00,C-250,seminar,central,lab,53.1,44,35,211.6,0.148,12.7,25.4,59.6,745.3,65,13,61.3,False,5,932.3,0
ag-00832,2026-04-09T13:35:00,S-395,lecture,south,none,88.6,71,29,373.1,0.452,15.3,20.8,55.6,623.6,34,50,52.4,False,5,775.3,0
ag-00833,2026-03-09T18:00:00,S-418,seminar,south,lecture,35.4,39,38,396.6,0.867,-1.3,23.9,67.3,541.5,8,74,62.2,False,6,807.5,0
ag-00834,2026-04-24T14:10:00,C-167,seminar,central,lecture,38.7,34,31,176.1,0.109,20.0,21.8,65.0,812.0,71,18,67.3,False,6,878.9,0
ag-00835,2026-04-25T10:50:00,S-123,seminar,south,none,91.7,64,29,327.8,0.244,22.8,25.0,45.0,567.4,42,51,44.7,False,3,734.1,0
ag-00836,2026-02-12T13:10:00,W-277,lecture,west,lab,124.6,102,60,982.1,0.506,1.4,25.2,51.4,844.6,90,1,62.2,False,1,1053.8,0
ag-00837,2026-05-01T14:35:00,S-294,lab,south,practice,41.2,33,36,415.5,0.749,20.1,24.4,64.2,638.5,50,33,68.5,True,5,788.6,0
ag-00838,2026-02-11T15:25:00,C-173,seminar,central,none,38.3,35,13,170.3,0.266,3.4,23.9,50.4,543.5,71,16,49.6,False,1,665.7,0
ag-00839,2026-03-07T16:55:00,E-197,lecture,east,practice,89.0,81,65,626.4,0.561,4.2,23.8,60.5,955.9,31,63,64.1,False,1,1380.3,1
ag-00840,2026-03-02T11:55:00,S-329,lecture,south,none,58.9,61,25,348.2,0.571,10.1,22.7,56.4,583.1,8,72,58.2,False,5,680.5,0
ag-00841,2026-04-18T14:10:00,E-207,seminar,east,practice,64.2,46,26,260.1,0.386,11.6,23.0,55.1,776.5,86,5,58.5,False,6,874.4,0
ag-00842,2026-03-10T13:15:00,S-127,seminar,south,lab,55.5,51,29,538.7,0.655,4.7,21.8,51.1,694.0,74,21,55.0,True,4,811.5,0
ag-00843,2026-02-13T10:45:00,S-153,seminar,south,lecture,57.3,55,42,477.4,0.433,-1.3,23.1,75.9,756.4,21,51,57.0,False,2,935.6,0
ag-00844,2026-04-25T08:15:00,S-575,seminar,south,lecture,76.5,59,48,358.7,0.433,11.4,23.4,62.7,694.5,0,88,66.1,False,3,849.5,0
ag-00845,2026-04-26T08:10:00,E-516,seminar,east,none,48.2,38,1,261.0,0.349,6.9,22.6,56.2,477.6,73,19,54.2,False,1,477.0,0
ag-00846,2026-05-16T15:30:00,N-518,lab,north,exam,50.8,40,47,243.3,0.634,19.6,24.7,63.6,767.4,8,76,62.4,True,2,886.9,0
ag-00847,2026-04-03T15:45:00,E-196,seminar,east,lecture,57.4,44,30,331.7,0.677,10.7,25.6,46.7,612.2,34,53,68.1,False,4,812.9,0
ag-00848,2026-03-31T15:45:00,C-223,lab,central,none,35.5,35,10,402.1,0.793,10.1,22.7,43.2,434.3,21,86,45.0,False,4,563.0,0
ag-00849,2026-02-11T10:05:00,E-184,lecture,east,lecture,169.8,122,76,1557.7,0.811,-2.9,21.7,56.0,772.2,40,46,52.9,False,7,1222.1,1
ag-00850,2026-03-21T10:35:00,W-388,lab,west,lecture,46.5,34,31,333.2,0.78,18.7,23.6,55.8,620.8,66,26,64.9,False,1,835.9,0
ag-00851,2026-05-04T12:45:00,C-286,lecture,central,practice,62.0,63,33,514.5,0.603,14.5,25.0,58.2,624.7,41,55,55.2,True,1,774.6,0
ag-00852,2026-03-15T09:10:00,S-592,lecture,south,lecture,141.5,123,94,546.9,0.319,4.5,21.6,65.7,1261.7,70,14,65.8,False,4,1864.6,1
ag-00853,2026-03-10T09:35:00,W-508,lab,west,none,48.0,43,13,528.8,0.75,8.9,22.9,49.5,380.0,35,64,51.3,False,4,350.9,0
ag-00854,2026-03-04T17:55:00,C-563,lab,central,none,36.7,27,9,369.4,0.88,10.2,22.6,45.3,380.0,13,71,42.7,False,4,419.0,0
ag-00855,2026-04-14T11:30:00,W-379,seminar,west,lab,59.8,56,55,573.5,0.512,7.7,28.4,70.2,622.0,22,59,57.2,False,6,827.9,0
ag-00856,2026-02-15T18:25:00,S-175,coworking,south,lab,66.6,49,46,282.1,0.301,5.8,23.6,60.7,1043.7,86,0,68.3,False,1,1223.3,1
ag-00857,2026-03-20T11:25:00,C-554,coworking,central,lab,38.8,33,19,296.2,0.636,12.3,23.8,53.6,483.8,51,41,54.1,False,2,554.6,0
ag-00858,2026-04-03T13:15:00,S-428,seminar,south,exam,18.5,20,15,216.4,0.508,3.3,24.9,71.4,601.2,86,0,56.8,False,4,643.8,0
ag-00859,2026-03-13T10:25:00,W-553,lecture,west,practice,163.3,122,89,506.1,0.198,0.9,21.4,66.2,1032.5,37,57,60.0,False,5,1195.2,1
ag-00860,2026-02-18T10:35:00,S-217,seminar,south,lecture,28.4,23,18,203.8,0.448,-2.5,23.3,67.8,630.4,54,41,60.5,False,2,828.0,0
ag-00861,2026-02-27T14:40:00,W-516,seminar,west,none,85.5,64,6,321.1,0.197,6.0,20.4,41.8,538.9,67,18,37.1,False,2,560.5,0
ag-00862,2026-04-22T09:30:00,N-568,lab,north,lecture,54.1,44,42,370.5,0.785,13.3,21.8,47.5,694.1,82,0,65.7,False,1,695.8,0
ag-00863,2026-05-03T17:50:00,E-312,lecture,east,lecture,104.5,88,65,642.1,0.287,9.0,24.6,51.8,805.9,34,51,67.5,True,6,1030.5,0
ag-00864,2026-03-18T17:55:00,N-370,seminar,north,lecture,45.3,35,29,270.2,0.416,11.1,23.3,57.0,449.9,1,88,64.1,True,3,548.5,0
ag-00865,2026-04-18T09:00:00,E-187,coworking,east,lecture,76.9,70,53,302.8,0.197,9.4,23.5,64.5,787.7,48,38,57.2,False,2,1098.4,0
ag-00866,2026-02-14T11:10:00,W-586,lab,west,exam,39.3,29,27,278.7,0.893,6.3,25.6,80.0,588.6,41,52,61.0,False,4,682.5,0
ag-00867,2026-03-29T13:20:00,N-503,lecture,north,none,113.4,109,12,476.8,0.197,3.9,21.5,45.7,594.9,66,17,50.1,False,6,761.6,0
ag-00868,2026-03-11T13:05:00,W-193,lecture,west,none,112.9,83,3,605.4,0.479,11.0,25.5,48.9,437.4,40,57,49.8,False,4,385.5,0
ag-00869,2026-03-26T11:55:00,S-253,coworking,south,lecture,65.8,47,36,271.4,0.422,5.4,24.5,71.2,668.1,50,50,68.3,False,1,808.0,0
ag-00870,2026-04-28T08:30:00,C-233,lecture,central,exam,73.1,61,62,507.4,0.687,10.0,24.1,71.6,837.4,10,87,66.0,False,7,1212.3,1
ag-00871,2026-05-18T08:25:00,W-245,lecture,west,exam,147.8,123,138,864.6,0.34,17.2,25.1,57.4,1433.0,0,81,74.3,True,3,1994.8,1
ag-00872,2026-05-12T14:50:00,N-436,lecture,north,practice,140.5,119,110,826.8,0.52,7.2,23.1,60.0,1125.4,39,53,60.3,True,1,1646.3,1
ag-00873,2026-03-31T16:35:00,S-130,lab,south,lecture,27.3,19,15,167.8,0.547,6.3,24.1,50.9,468.4,25,69,60.8,False,5,466.9,0
ag-00874,2026-03-11T15:05:00,N-563,lecture,north,exam,124.3,107,121,553.8,0.239,6.1,25.9,70.1,1407.0,55,42,73.3,False,4,1640.9,1
ag-00875,2026-02-20T18:55:00,N-297,lecture,north,practice,151.1,120,48,778.8,0.441,7.0,23.6,50.4,844.4,90,0,56.1,False,1,1071.7,0
ag-00876,2026-04-05T13:30:00,S-158,seminar,south,practice,67.6,49,36,460.5,0.457,11.5,26.2,45.2,630.4,40,51,60.1,False,2,803.5,0
ag-00877,2026-03-30T08:05:00,E-283,lecture,east,practice,146.0,107,82,608.4,0.102,7.0,25.0,73.1,907.9,0,90,55.9,False,6,1364.9,1
ag-00878,2026-05-06T10:15:00,C-531,lecture,central,practice,121.2,102,81,705.0,0.437,9.7,24.5,52.2,1091.2,37,45,62.2,True,6,1304.6,1
ag-00879,2026-02-15T10:00:00,W-328,lab,west,none,52.3,38,10,255.7,0.492,-7.5,22.9,61.5,457.7,13,83,56.3,False,6,410.8,0
ag-00880,2026-03-02T09:50:00,W-165,coworking,west,lecture,70.2,77,68,430.7,0.371,3.9,25.0,46.3,881.8,48,55,64.5,False,1,1242.0,1
ag-00881,2026-02-10T09:35:00,N-538,seminar,north,lecture,32.1,27,18,265.1,0.561,11.2,23.1,49.9,547.2,90,0,53.1,False,3,647.7,0
ag-00882,2026-02-11T09:55:00,C-132,lab,central,none,28.6,20,6,116.9,0.58,1.0,21.7,54.8,380.0,23,58,52.8,False,1,415.6,0
ag-00883,2026-04-28T13:20:00,C-322,lecture,central,lab,160.9,117,105,670.8,0.228,20.8,24.9,57.5,1313.2,45,42,76.3,False,5,1870.7,1
ag-00884,2026-03-16T14:00:00,W-480,lecture,west,lecture,133.0,100,52,473.1,0.382,6.6,24.3,51.8,941.0,52,40,49.4,False,1,1228.0,1
ag-00885,2026-04-20T12:50:00,S-156,seminar,south,none,53.5,39,12,207.6,0.304,14.7,20.4,43.8,671.3,58,28,52.9,False,4,693.5,0
ag-00886,2026-05-05T14:15:00,N-188,lab,north,practice,30.7,27,24,319.2,0.594,12.1,23.3,55.7,769.1,90,0,70.2,True,4,855.4,0
ag-00887,2026-03-30T10:35:00,S-214,lab,south,lab,53.6,41,30,446.9,0.746,9.4,24.0,58.9,512.8,30,67,54.1,False,6,650.5,0
ag-00888,2026-03-09T17:50:00,W-309,seminar,west,practice,26.6,21,19,183.2,0.474,13.3,25.5,67.9,665.0,29,53,65.8,False,4,786.9,0
ag-00889,2026-04-08T10:20:00,W-210,seminar,west,lab,63.6,57,47,295.8,0.48,13.7,25.2,62.5,695.5,12,63,61.2,False,7,843.4,0
ag-00890,2026-04-10T13:55:00,N-181,lecture,north,none,107.2,100,2,491.3,0.394,9.1,20.6,29.4,419.2,39,45,48.9,False,5,355.5,0
ag-00891,2026-04-29T15:55:00,W-433,lab,west,practice,46.7,41,30,347.5,0.572,19.3,24.5,70.3,636.1,58,32,64.7,False,5,770.3,0
ag-00892,2026-05-16T10:45:00,S-125,lecture,south,lecture,97.2,75,68,667.6,0.362,10.4,25.1,62.9,993.6,68,9,61.3,True,3,1193.8,1
ag-00893,2026-04-06T10:40:00,W-393,lab,west,lecture,22.1,20,17,122.0,0.369,8.9,25.8,56.7,517.6,42,43,67.5,False,1,738.0,0
ag-00894,2026-04-25T14:35:00,C-369,lecture,central,none,60.0,61,23,432.5,0.271,13.8,24.4,45.4,521.0,8,78,50.7,False,1,667.9,0
ag-00895,2026-05-06T12:35:00,W-528,coworking,west,none,56.1,39,4,163.2,0.117,10.8,23.1,48.8,436.2,21,70,39.8,True,4,480.2,0
ag-00896,2026-04-10T13:30:00,W-327,lecture,west,practice,83.5,68,27,464.4,0.483,10.5,21.6,54.6,556.3,44,36,51.5,False,1,662.0,0
ag-00897,2026-05-04T11:30:00,N-264,lecture,north,none,84.3,59,20,329.4,0.528,7.3,22.0,63.3,645.7,37,60,54.9,True,6,606.5,0
ag-00898,2026-04-23T16:35:00,W-476,lab,west,lecture,32.1,31,31,404.3,0.707,3.2,23.6,53.1,593.8,46,34,59.1,False,3,827.2,0
ag-00899,2026-03-06T14:30:00,W-410,lab,west,exam,37.4,28,32,362.1,0.873,4.6,21.8,75.2,571.2,32,56,61.7,False,1,606.4,0
ag-00900,2026-04-13T18:50:00,N-122,coworking,north,lab,72.6,65,56,405.3,0.411,5.5,22.9,75.8,814.0,2,81,65.2,False,7,1199.3,1
ag-00901,2026-04-12T15:50:00,S-256,lecture,south,lab,142.1,104,40,958.8,0.335,7.0,27.6,32.3,697.6,50,40,51.0,False,6,1072.0,0
ag-00902,2026-05-15T13:25:00,N-155,seminar,north,lab,70.1,58,35,297.1,0.342,10.0,22.2,52.8,552.6,3,89,63.6,True,5,707.9,0
ag-00903,2026-04-24T10:45:00,N-383,lecture,north,exam,82.2,77,91,861.7,0.636,13.3,25.1,66.4,857.5,29,57,71.9,False,5,1150.7,1
ag-00904,2026-05-03T18:15:00,N-311,lecture,north,none,74.5,71,14,678.3,0.736,12.4,25.9,54.5,380.0,0,78,48.6,True,6,496.1,0
ag-00905,2026-05-11T13:05:00,C-125,seminar,central,practice,32.6,25,13,112.4,0.2,13.6,24.1,56.3,610.1,48,44,56.2,True,1,638.0,0
ag-00906,2026-03-28T15:50:00,N-152,lecture,north,lab,88.3,91,57,913.6,0.501,18.0,23.6,70.9,804.9,65,42,59.9,False,5,1067.6,0
ag-00907,2026-03-11T11:55:00,W-445,lab,west,lab,18.2,19,16,232.2,0.693,11.9,23.9,75.2,410.1,37,53,57.2,False,7,371.9,0
ag-00908,2026-03-03T14:35:00,S-553,coworking,south,practice,62.5,56,41,278.1,0.43,1.6,25.2,42.4,741.0,54,32,50.1,False,5,997.6,0
ag-00909,2026-03-12T09:50:00,W-403,coworking,west,practice,64.9,59,55,412.0,0.392,2.2,25.5,59.6,817.0,46,22,62.7,False,7,1100.8,1
ag-00910,2026-04-25T09:30:00,S-334,lab,south,none,47.9,40,8,315.2,0.321,17.6,22.5,45.8,506.4,33,61,45.2,True,6,493.7,0
ag-00911,2026-03-05T11:45:00,E-566,lab,east,lab,21.8,18,11,149.1,0.763,5.2,24.9,65.9,592.5,79,14,57.1,False,6,783.8,0
ag-00912,2026-03-19T11:35:00,W-536,lecture,west,lecture,137.0,129,72,744.7,0.392,6.8,25.0,60.2,1066.9,41,35,60.9,False,4,1492.8,1
ag-00913,2026-02-28T08:30:00,C-503,lecture,central,lecture,86.6,87,74,450.4,0.295,6.0,23.6,53.9,946.2,41,48,68.1,False,6,1292.1,1
ag-00914,2026-04-30T13:25:00,E-118,seminar,east,none,27.6,28,1,342.9,0.653,12.8,24.4,62.1,380.0,0,90,48.2,False,2,341.0,0
ag-00915,2026-04-19T17:10:00,N-555,lecture,north,lecture,97.4,101,74,939.0,0.463,13.8,22.2,57.1,966.7,71,11,56.4,False,5,1219.1,1
ag-00916,2026-03-04T09:55:00,W-208,seminar,west,practice,54.4,48,37,291.3,0.451,8.2,24.8,68.8,734.9,70,24,53.4,False,3,871.0,0
ag-00917,2026-04-09T12:25:00,S-490,coworking,south,lab,70.1,60,31,340.3,0.442,15.6,22.5,55.2,655.5,16,67,53.8,False,4,906.0,0
ag-00918,2026-04-18T17:10:00,N-262,seminar,north,practice,89.9,64,38,598.6,0.415,11.3,22.3,65.8,691.1,26,61,62.0,False,1,889.0,0
ag-00919,2026-05-11T09:20:00,S-339,lecture,south,lecture,84.8,92,80,932.6,0.579,15.8,23.6,77.7,884.0,70,11,62.4,True,1,1150.8,1
ag-00920,2026-02-28T16:00:00,E-456,lecture,east,practice,99.8,86,76,882.6,0.56,2.8,24.7,63.9,935.6,64,22,59.7,False,7,1140.7,1
ag-00921,2026-02-19T15:50:00,W-142,seminar,west,practice,57.5,54,47,563.3,0.723,-3.6,25.7,45.4,636.1,52,37,62.1,False,4,740.1,0
ag-00922,2026-04-03T10:40:00,S-531,coworking,south,lab,81.8,63,46,337.2,0.128,-4.0,23.2,58.9,797.2,36,54,60.9,False,2,989.3,0
ag-00923,2026-04-18T17:15:00,S-378,lecture,south,none,140.1,125,33,1321.0,0.489,13.3,22.3,64.4,536.8,12,78,52.4,False,5,650.0,0
ag-00924,2026-02-18T17:30:00,N-504,lecture,north,lab,109.0,115,116,1069.7,0.619,4.6,23.6,60.5,1109.7,21,78,70.6,False,2,1733.8,1
ag-00925,2026-04-25T12:30:00,W-287,lecture,west,lab,88.6,62,62,556.6,0.429,14.4,23.0,59.3,796.5,72,13,52.9,False,7,1038.6,0
ag-00926,2026-03-23T16:05:00,C-383,coworking,central,lab,37.7,28,23,217.3,0.524,-1.7,22.3,58.7,593.2,0,73,60.5,False,7,745.4,0
ag-00927,2026-04-28T17:00:00,C-571,lecture,central,lecture,136.5,107,90,507.8,0.387,12.4,23.3,49.7,1115.3,74,12,74.0,False,5,1519.2,1
ag-00928,2026-05-06T18:35:00,E-348,lecture,east,practice,93.1,70,70,393.0,0.344,9.5,26.9,57.6,830.1,73,4,68.0,True,1,1119.1,1
ag-00929,2026-03-30T16:05:00,W-518,lecture,west,lecture,142.3,117,90,1093.6,0.493,3.0,25.1,63.0,1198.6,90,2,58.7,False,6,1400.0,1
ag-00930,2026-02-09T09:30:00,N-420,seminar,north,lecture,30.4,21,12,125.8,0.406,-8.9,22.0,56.6,491.9,0,90,59.5,False,4,622.3,0
ag-00931,2026-04-17T14:45:00,C-153,lecture,central,practice,153.3,119,80,1332.6,0.52,7.0,24.5,54.2,1056.3,43,59,55.0,False,1,1397.2,1
ag-00932,2026-02-27T11:05:00,E-429,seminar,east,none,80.0,60,13,489.3,0.694,3.9,21.4,57.6,527.7,57,35,42.1,False,3,523.6,0
ag-00933,2026-04-04T15:15:00,W-400,lab,west,lecture,29.1,22,19,283.1,0.863,1.1,25.1,62.4,501.5,68,15,69.5,False,3,529.2,0
ag-00934,2026-03-05T14:30:00,E-309,coworking,east,lecture,81.0,63,27,888.0,0.796,6.2,21.3,47.1,548.1,41,53,54.1,False,7,570.0,0
ag-00935,2026-02-19T17:45:00,E-500,lecture,east,none,106.7,113,31,897.7,0.367,10.1,22.4,53.5,654.8,42,52,49.8,False,3,764.1,0
ag-00936,2026-05-09T15:25:00,E-318,lab,east,lecture,23.7,25,18,199.7,0.762,17.8,23.5,40.6,571.1,28,65,59.8,True,5,670.9,0
ag-00937,2026-02-10T08:00:00,E-576,coworking,east,lecture,41.1,43,51,345.8,0.418,0.3,26.3,62.9,712.0,0,90,70.3,False,2,876.9,0
ag-00938,2026-02-20T12:05:00,W-298,lab,west,practice,36.3,36,19,522.9,0.886,-6.1,21.4,61.4,607.3,62,21,52.0,False,2,625.4,0
ag-00939,2026-04-17T11:05:00,N-265,seminar,north,practice,52.0,44,31,336.4,0.637,11.0,25.0,57.5,547.8,30,58,67.7,False,6,699.7,0
ag-00940,2026-03-22T12:15:00,E-129,lecture,east,lecture,83.3,64,33,559.1,0.337,11.4,24.7,59.1,644.8,29,65,59.6,False,3,810.3,0
ag-00941,2026-05-14T11:55:00,S-186,seminar,south,lab,55.9,58,56,528.6,0.463,18.7,23.3,49.1,880.5,51,38,72.4,True,5,1213.1,1
ag-00942,2026-04-28T16:15:00,E-408,lab,east,exam,29.5,27,29,156.4,0.608,10.0,22.8,65.9,643.2,2,84,55.7,False,3,812.6,0
ag-00943,2026-05-09T09:10:00,S-187,lecture,south,lab,143.1,120,99,790.4,0.111,12.9,21.3,64.3,1126.4,26,66,66.9,True,1,1587.6,1
ag-00944,2026-04-04T12:35:00,W-563,lab,west,lecture,57.5,43,24,508.7,0.645,7.5,25.6,64.1,457.5,31,73,57.5,False,2,517.0,0
ag-00945,2026-05-15T14:15:00,N-521,seminar,north,practice,55.9,50,44,611.7,0.756,12.8,24.9,74.4,617.3,2,85,62.4,True,6,725.4,0
ag-00946,2026-03-10T13:25:00,N-457,lecture,north,none,159.1,120,41,533.9,0.103,9.4,21.3,45.9,692.1,14,79,49.0,False,6,895.6,0
ag-00947,2026-04-11T15:30:00,W-319,coworking,west,practice,28.2,29,10,363.5,0.746,10.4,21.0,50.3,380.0,22,72,56.2,False,2,367.2,0
ag-00948,2026-02-25T12:10:00,W-228,lecture,west,none,104.9,77,2,431.4,0.413,0.3,22.4,42.3,502.8,55,31,47.4,False,5,493.8,0
ag-00949,2026-03-11T14:25:00,W-333,lab,west,lab,29.9,22,17,158.3,0.751,4.9,21.3,69.0,446.4,7,83,63.9,False,7,500.2,0
ag-00950,2026-02-21T09:35:00,C-231,lab,central,practice,46.1,40,21,394.7,0.749,5.9,22.0,45.3,599.6,42,45,47.2,False,7,723.1,0
ag-00951,2026-03-25T17:40:00,S-409,lab,south,lecture,47.6,37,33,342.2,0.863,12.2,23.2,70.8,663.2,16,70,62.0,False,2,916.5,0
ag-00952,2026-02-21T13:00:00,N-214,lecture,north,lab,76.8,68,37,444.7,0.484,-4.9,24.7,54.8,885.5,73,10,55.9,True,1,1094.6,0
ag-00953,2026-03-13T14:10:00,S-127,seminar,south,lecture,54.3,53,46,398.9,0.472,9.3,23.3,58.7,677.9,42,49,58.2,False,4,838.9,0
ag-00954,2026-04-01T16:10:00,E-332,lab,east,practice,20.8,22,16,119.1,0.515,5.9,24.7,70.5,455.6,71,31,60.5,False,5,638.9,0
ag-00955,2026-04-11T13:35:00,E-227,seminar,east,practice,54.9,46,17,275.5,0.576,3.8,25.5,46.4,497.9,47,53,59.7,False,4,508.1,0
ag-00956,2026-05-09T16:55:00,W-452,lecture,west,lecture,128.1,119,119,589.5,0.08,21.2,26.7,59.8,1378.2,0,82,69.9,True,6,2013.6,1
ag-00957,2026-05-16T08:25:00,N-151,coworking,north,lecture,71.5,67,64,667.2,0.8,21.7,23.4,78.8,773.6,22,76,72.4,True,3,1054.2,0
ag-00958,2026-04-30T18:55:00,C-169,seminar,central,practice,25.1,25,12,97.4,0.05,13.4,21.9,50.1,667.2,70,12,54.3,False,6,707.2,0
ag-00959,2026-05-19T12:05:00,C-258,coworking,central,practice,31.7,33,26,291.5,0.396,23.8,23.5,73.0,620.3,48,40,52.3,True,2,695.5,0
ag-00960,2026-02-24T08:15:00,W-466,lecture,west,practice,67.8,70,34,496.5,0.686,0.2,23.3,67.7,781.1,90,0,51.8,False,6,812.3,0
ag-00961,2026-03-25T14:25:00,N-350,lecture,north,practice,140.9,115,95,1115.9,0.575,5.5,24.5,63.1,1133.3,47,44,59.1,False,7,1377.9,1
ag-00962,2026-02-12T08:05:00,C-452,lab,central,lecture,33.1,35,31,384.0,0.602,1.3,24.8,76.4,558.9,30,45,58.0,False,3,698.2,0
ag-00963,2026-03-03T12:15:00,C-572,lab,central,practice,26.6,25,11,215.4,0.705,-7.1,21.9,54.8,424.5,71,25,52.0,False,7,528.0,0
ag-00964,2026-02-17T15:35:00,N-209,seminar,north,practice,78.2,60,68,657.7,0.519,-1.5,23.3,78.8,882.4,64,34,69.9,False,4,1110.0,1
ag-00965,2026-02-18T18:40:00,W-376,lecture,west,lecture,97.7,88,69,1043.2,0.712,12.2,24.6,49.5,837.4,90,8,51.1,False,6,1204.4,1
ag-00966,2026-02-22T16:30:00,W-577,seminar,west,practice,51.9,43,30,296.2,0.392,5.9,24.9,60.9,715.8,87,0,56.9,False,1,913.9,0
ag-00967,2026-04-20T16:05:00,W-556,seminar,west,exam,66.9,62,62,464.4,0.258,15.2,22.1,59.0,694.5,0,90,67.6,False,2,1003.5,0
ag-00968,2026-03-23T14:50:00,S-457,lecture,south,practice,87.7,74,60,405.9,0.303,4.1,22.6,40.0,845.1,46,40,59.9,False,6,1080.4,0
ag-00969,2026-05-04T17:50:00,W-162,seminar,west,lecture,79.7,60,62,415.2,0.345,17.1,26.1,49.9,748.3,0,90,66.6,True,7,1038.3,0
ag-00970,2026-05-12T14:30:00,C-547,lecture,central,practice,103.6,77,78,684.2,0.904,14.5,24.0,78.4,1085.7,35,43,73.7,True,1,1322.5,1
ag-00971,2026-04-24T15:30:00,C-370,lecture,central,practice,134.6,93,67,619.7,0.617,17.8,24.1,58.1,899.9,42,35,55.0,False,4,1263.2,1
ag-00972,2026-04-26T11:55:00,N-295,seminar,north,lecture,55.2,50,43,296.8,0.551,7.4,23.8,49.9,612.5,37,44,66.4,False,7,833.7,0
ag-00973,2026-04-13T15:40:00,C-367,coworking,central,exam,50.9,37,38,153.6,0.226,13.9,24.8,53.9,742.0,41,43,73.6,False,4,1007.2,0
ag-00974,2026-03-01T15:45:00,S-271,coworking,south,practice,50.7,36,23,168.6,0.309,2.1,23.1,49.0,572.8,43,47,61.1,False,3,743.2,0
ag-00975,2026-05-06T09:20:00,W-577,lecture,west,none,92.1,82,32,470.9,0.184,16.0,22.5,48.0,699.5,0,90,55.5,True,5,767.9,0
ag-00976,2026-04-17T09:05:00,N-251,lecture,north,lab,116.0,117,47,827.8,0.577,8.2,22.5,43.6,722.6,0,82,52.5,False,4,747.3,0
ag-00977,2026-03-04T13:10:00,W-537,coworking,west,lecture,39.1,41,41,398.9,0.587,8.2,24.7,71.0,818.2,56,25,69.9,True,5,1021.6,0
ag-00978,2026-02-23T17:50:00,W-118,seminar,west,lab,89.0,63,44,494.7,0.353,2.2,24.6,59.0,966.2,79,8,57.6,False,1,1212.8,1
ag-00979,2026-02-15T11:00:00,N-525,seminar,north,exam,38.3,42,30,361.5,0.33,-2.0,23.7,46.1,662.7,31,73,57.4,False,5,753.1,0
ag-00980,2026-05-19T17:45:00,N-291,seminar,north,none,27.6,30,13,337.7,0.84,12.4,21.9,59.9,517.3,60,26,55.6,True,3,536.5,0
ag-00981,2026-02-23T12:30:00,S-304,seminar,south,lab,32.6,24,12,169.7,0.355,0.3,25.6,31.5,430.1,43,50,63.5,False,5,531.9,0
ag-00982,2026-04-15T18:00:00,N-321,lecture,north,lecture,69.3,64,58,315.6,0.21,18.7,22.7,59.4,841.5,0,90,66.7,False,3,1162.8,1
ag-00983,2026-04-06T13:05:00,S-213,lab,south,practice,57.0,42,25,419.5,0.608,13.7,22.4,53.9,560.3,56,31,69.7,False,3,720.0,0
ag-00984,2026-04-18T09:05:00,N-568,lecture,north,none,117.4,97,2,774.0,0.583,24.5,21.7,46.6,399.7,27,53,45.8,False,2,410.1,0
ag-00985,2026-03-01T11:45:00,C-400,lab,central,exam,43.6,34,31,348.0,0.764,9.8,25.4,58.9,541.1,32,54,62.1,False,3,663.3,0
ag-00986,2026-04-11T17:20:00,S-394,seminar,south,lab,26.0,25,15,207.7,0.495,15.5,24.8,53.8,506.1,27,64,56.3,False,5,409.4,0
ag-00987,2026-04-28T16:10:00,S-567,coworking,south,lecture,47.2,35,21,200.0,0.342,18.4,25.7,49.1,601.9,32,68,58.1,False,5,781.5,0
ag-00988,2026-02-27T13:50:00,W-597,lab,west,none,24.5,21,0,193.1,0.615,0.9,20.4,39.8,413.2,50,42,47.4,True,1,527.8,0
ag-00989,2026-02-13T18:30:00,W-263,seminar,west,none,43.3,48,15,217.8,0.285,1.4,22.2,45.7,478.7,9,85,46.9,False,2,634.8,0
ag-00990,2026-04-29T18:55:00,C-292,lab,central,practice,42.5,33,24,172.0,0.393,22.7,23.4,65.4,540.4,22,55,53.0,True,7,633.0,0
ag-00991,2026-03-11T15:20:00,W-335,lecture,west,lecture,147.0,121,90,876.9,0.446,18.5,25.9,49.7,1030.2,27,47,49.4,False,5,1399.7,1
ag-00992,2026-04-20T09:15:00,C-335,seminar,central,lab,75.6,58,29,362.2,0.42,13.9,22.8,52.2,636.3,32,56,56.6,False,5,646.0,0
ag-00993,2026-02-23T10:35:00,E-160,seminar,east,none,29.8,30,11,158.0,0.306,-4.0,23.5,44.3,434.0,5,90,50.3,False,6,454.3,0
ag-00994,2026-03-17T08:45:00,S-282,seminar,south,lab,60.8,58,30,742.0,0.73,-1.2,25.0,58.0,566.1,51,39,49.3,False,5,653.1,0
ag-00995,2026-03-13T15:25:00,N-533,coworking,north,lecture,86.9,67,53,488.5,0.526,11.7,24.1,72.8,753.4,36,70,64.1,False,6,1016.0,0
ag-00996,2026-04-11T16:15:00,N-347,seminar,north,lecture,86.7,60,59,520.3,0.468,3.2,25.4,66.1,822.2,73,7,62.0,False,7,1010.3,0
ag-00997,2026-04-01T18:15:00,N-326,lab,north,exam,29.0,29,21,290.3,0.431,8.2,25.7,50.2,411.7,13,82,51.5,False,6,499.9,0
ag-00998,2026-02-14T13:35:00,W-312,seminar,west,lecture,38.8,34,22,276.3,0.595,0.1,24.8,44.4,709.9,57,23,55.0,False,7,931.5,0
ag-00999,2026-04-08T17:50:00,W-545,seminar,west,lab,65.3,50,36,192.3,0.198,5.0,25.7,56.7,692.1,36,35,58.8,False,2,965.9,0
ag-01000,2026-03-20T08:45:00,C-239,lecture,central,none,128.4,114,26,844.5,0.322,1.5,24.3,47.9,753.9,82,9,48.6,True,3,894.1,0
ag-01001,2026-03-09T09:30:00,E-505,seminar,east,practice,40.3,29,22,243.3,0.51,8.6,23.2,61.5,500.3,6,89,57.4,False,7,503.2,0
ag-01002,2026-04-11T13:45:00,C-398,coworking,central,lecture,22.4,21,23,138.5,0.381,9.3,25.8,70.9,553.4,26,52,61.8,False,3,602.9,0
ag-01003,2026-04-14T13:10:00,E-479,lab,east,exam,29.4,29,24,210.8,0.55,22.0,24.3,42.4,605.3,53,29,52.8,False,4,664.6,0
ag-01004,2026-02-09T08:15:00,S-326,lab,south,lecture,42.3,36,20,472.7,0.916,-1.0,23.5,51.1,440.2,33,47,49.2,False,1,604.1,0
ag-01005,2026-04-10T11:35:00,E-512,lab,east,exam,23.0,24,23,221.8,0.379,14.8,23.6,63.7,635.6,28,64,65.7,True,3,728.3,0
ag-01006,2026-02-09T08:30:00,C-518,lab,central,practice,47.7,41,30,318.3,0.705,0.2,23.3,56.7,583.3,33,63,59.8,False,6,699.1,0
ag-01007,2026-04-17T15:45:00,S-147,coworking,south,practice,60.3,42,35,331.2,0.727,16.6,22.7,63.9,790.7,90,0,66.8,False,7,867.7,0
ag-01008,2026-03-24T12:15:00,C-113,lab,central,practice,51.7,36,30,376.6,0.64,2.3,23.7,57.0,608.9,51,35,61.2,True,3,799.5,0
ag-01009,2026-02-10T08:30:00,C-500,seminar,central,practice,71.5,57,24,377.0,0.358,9.2,23.1,53.7,678.8,41,51,54.5,False,4,678.6,0
ag-01010,2026-04-05T13:00:00,W-456,lab,west,lecture,41.4,40,33,241.4,0.489,7.5,21.9,49.4,679.2,36,47,60.6,True,2,759.5,0
ag-01011,2026-04-15T10:50:00,N-396,seminar,north,lecture,51.4,52,43,290.0,0.389,5.3,24.1,68.6,759.1,54,31,58.5,False,3,1020.0,0
ag-01012,2026-03-20T15:20:00,C-217,lab,central,none,35.4,28,3,322.1,0.628,3.9,23.4,39.9,380.0,14,74,45.2,False,1,403.9,0
ag-01013,2026-03-26T15:35:00,N-193,lecture,north,practice,86.5,63,53,903.9,0.899,8.7,23.5,45.4,564.7,31,57,59.7,False,5,756.7,0
ag-01014,2026-02-27T17:15:00,W-316,seminar,west,lecture,66.7,48,37,453.0,0.708,12.8,22.3,80.0,682.1,33,47,59.0,False,1,767.6,0
ag-01015,2026-04-15T11:10:00,C-541,lecture,central,lecture,172.6,127,91,719.8,0.413,16.9,25.4,55.5,1157.1,90,0,64.6,False,6,1606.0,1
ag-01016,2026-03-08T10:30:00,W-112,seminar,west,practice,30.6,22,11,283.5,0.729,3.4,23.6,59.4,380.0,38,59,48.7,False,6,485.8,0
ag-01017,2026-02-21T15:20:00,E-363,lecture,east,lecture,146.1,127,102,1171.7,0.39,3.0,23.8,47.2,1303.7,37,40,70.4,False,3,1707.0,1
ag-01018,2026-02-27T17:15:00,S-527,seminar,south,none,69.4,54,12,413.6,0.433,-3.6,20.3,62.0,584.5,55,36,50.2,False,4,737.0,0
ag-01019,2026-02-25T15:10:00,N-500,coworking,north,lab,94.5,78,70,537.4,0.332,6.7,24.2,56.9,882.8,0,84,66.3,False,6,1086.0,0
ag-01020,2026-02-26T17:10:00,C-392,seminar,central,practice,66.8,50,40,467.4,0.371,-2.4,25.4,59.4,735.8,71,26,64.9,False,4,804.3,0
ag-01021,2026-02-09T16:50:00,W-154,seminar,west,none,38.4,35,2,142.1,0.169,-4.1,23.4,43.8,445.5,48,50,36.1,False,3,423.8,0
ag-01022,2026-03-08T13:15:00,W-429,lab,west,lecture,40.3,41,15,392.4,0.567,11.9,22.5,41.6,662.0,90,0,51.0,False,1,721.5,0
ag-01023,2026-03-31T16:05:00,C-287,seminar,central,practice,61.0,50,29,303.5,0.573,8.3,25.3,59.8,714.0,56,40,54.4,False,1,854.3,0
ag-01024,2026-04-15T13:40:00,N-285,lab,north,lecture,30.9,30,25,357.1,0.677,7.2,24.8,49.4,637.9,21,60,65.8,False,6,788.5,0
ag-01025,2026-02-19T08:25:00,S-155,lecture,south,lecture,110.3,79,67,624.0,0.636,-4.6,26.4,57.0,828.4,32,55,62.0,False,5,1089.7,1
ag-01026,2026-05-16T08:35:00,E-145,lecture,east,practice,138.2,111,97,715.6,0.293,22.6,25.4,67.2,932.6,17,69,55.5,True,5,1197.1,1
ag-01027,2026-05-16T18:35:00,S-268,coworking,south,exam,106.3,77,75,666.3,0.304,11.7,23.4,68.9,843.1,35,46,66.2,True,2,1108.6,1
ag-01028,2026-02-19T12:30:00,E-109,lab,east,none,39.2,30,10,402.5,0.731,-5.2,22.5,37.2,450.6,30,62,42.7,False,4,334.5,0
ag-01029,2026-04-14T10:00:00,W-415,seminar,west,lecture,61.2,43,30,420.9,0.604,12.5,24.2,48.7,589.6,0,82,52.3,False,6,782.8,0
ag-01030,2026-05-10T17:05:00,C-557,lab,central,practice,47.7,42,20,469.2,0.732,22.8,22.7,39.8,581.2,47,48,56.6,True,2,676.9,0
ag-01031,2026-02-25T16:25:00,W-199,lecture,west,lab,79.4,58,43,632.2,0.556,8.5,23.1,55.3,712.2,0,90,62.9,False,2,765.1,0
ag-01032,2026-03-14T11:10:00,W-493,lecture,west,exam,182.2,126,121,500.8,0.227,5.6,23.2,69.7,1390.6,53,53,69.3,False,3,2010.7,1
ag-01033,2026-05-16T18:50:00,E-593,seminar,east,practice,40.6,41,22,211.1,0.459,16.7,22.4,59.2,484.6,23,67,49.8,True,3,482.9,0
ag-01034,2026-04-16T14:15:00,C-440,coworking,central,lecture,31.9,28,20,140.8,0.455,10.6,24.6,57.4,737.7,80,17,55.1,False,2,849.0,0
ag-01035,2026-04-23T13:20:00,N-106,lecture,north,exam,71.5,62,65,411.7,0.349,9.7,21.9,56.0,804.4,43,41,61.5,False,7,1124.2,1
ag-01036,2026-04-27T18:35:00,S-469,coworking,south,lab,27.8,24,14,251.3,0.615,13.7,23.7,70.4,477.7,23,60,53.8,False,3,550.1,0
ag-01037,2026-02-27T16:10:00,S-146,seminar,south,lecture,38.3,39,34,214.8,0.53,3.3,23.4,58.1,500.7,0,90,64.8,False,3,760.8,0
ag-01038,2026-04-19T17:45:00,W-356,coworking,west,exam,66.2,53,49,599.6,0.564,17.7,23.7,64.2,728.5,37,61,54.3,False,5,910.4,0
ag-01039,2026-03-20T09:25:00,W-395,lab,west,lab,48.2,34,21,374.9,0.526,3.4,24.3,65.5,607.4,61,37,56.7,False,3,801.8,0
ag-01040,2026-02-15T16:35:00,N-144,lecture,north,exam,132.1,125,140,742.1,0.614,-5.6,23.3,58.8,1450.7,29,55,74.3,False,7,2061.7,1
ag-01041,2026-05-17T13:40:00,C-532,seminar,central,practice,52.3,46,19,238.3,0.286,22.1,25.1,53.8,573.2,48,46,59.9,True,6,649.1,0
ag-01042,2026-03-11T16:25:00,W-525,lecture,west,practice,124.5,96,55,825.5,0.639,6.3,23.7,43.6,878.1,29,58,56.4,False,4,1116.8,1
ag-01043,2026-03-07T09:15:00,W-564,lab,west,lecture,54.9,40,19,453.7,0.955,2.1,21.1,59.2,491.5,20,70,66.0,False,1,554.0,0
ag-01044,2026-03-26T15:05:00,N-270,lecture,north,lecture,144.2,103,116,1156.9,0.722,14.7,24.6,71.0,1132.9,35,59,70.5,True,6,1530.3,1
ag-01045,2026-04-16T10:10:00,C-566,seminar,central,lecture,35.2,27,16,179.7,0.19,14.2,22.3,61.6,530.1,11,75,56.8,False,5,617.2,0
ag-01046,2026-03-14T17:00:00,S-556,lecture,south,lecture,61.0,60,41,528.3,0.565,10.0,22.5,62.9,674.5,49,39,65.5,False,3,859.3,0
ag-01047,2026-03-30T09:40:00,W-554,lecture,west,practice,113.0,93,51,550.0,0.228,0.2,24.1,49.0,952.0,48,37,60.8,False,5,1119.1,1
ag-01048,2026-03-22T18:35:00,N-591,seminar,north,practice,25.6,27,16,301.4,0.674,13.5,20.9,65.2,599.1,90,0,62.0,False,6,627.1,0
ag-01049,2026-03-14T10:50:00,S-342,coworking,south,lab,72.6,62,28,735.7,0.762,5.4,25.5,47.8,634.8,81,18,53.1,True,7,829.6,0
ag-01050,2026-05-04T15:15:00,S-540,lecture,south,practice,112.4,84,60,366.9,0.199,18.9,24.0,60.6,880.0,48,25,44.2,True,1,1039.3,0
ag-01051,2026-03-11T15:00:00,C-309,lecture,central,lab,72.9,61,49,572.0,0.687,6.9,25.4,51.7,978.9,90,0,63.4,False,1,1291.0,1
ag-01052,2026-04-06T14:40:00,E-177,lecture,east,lecture,75.6,81,58,569.6,0.605,10.5,25.4,47.4,931.7,61,19,66.8,False,3,1135.5,1
ag-01053,2026-05-14T11:25:00,N-103,coworking,north,exam,96.3,73,86,497.4,0.763,29.6,25.1,68.7,933.8,50,45,65.3,True,7,1091.5,0
ag-01054,2026-04-15T15:15:00,S-514,seminar,south,lecture,43.4,37,35,175.2,0.185,17.4,24.1,73.0,690.4,59,45,67.5,False,4,896.4,0
ag-01055,2026-04-29T13:25:00,N-265,coworking,north,lecture,53.5,41,19,254.7,0.189,11.2,23.6,56.8,546.0,0,90,55.7,False,3,551.7,0
ag-01056,2026-05-10T12:35:00,C-361,seminar,central,lecture,82.6,58,22,374.9,0.356,17.7,23.5,53.9,698.2,78,11,51.3,True,5,612.6,0
ag-01057,2026-04-05T13:45:00,W-440,seminar,west,practice,64.7,63,58,334.7,0.394,13.0,25.5,60.0,705.1,0,87,61.4,False,1,926.3,0
ag-01058,2026-03-07T13:20:00,S-354,lecture,south,lecture,81.4,63,50,281.3,0.19,0.3,22.3,54.8,826.0,48,27,59.1,False,5,1045.4,0
ag-01059,2026-05-12T08:05:00,S-206,lecture,south,none,128.7,109,67,1102.7,0.587,14.3,24.2,59.1,880.2,63,36,56.2,True,3,1152.9,1
ag-01060,2026-05-16T10:50:00,C-590,seminar,central,exam,54.8,49,54,407.0,0.533,18.8,24.0,62.4,774.7,90,0,71.1,True,6,948.6,0
ag-01061,2026-04-19T18:05:00,N-320,seminar,north,none,28.9,27,5,261.6,0.429,14.3,23.6,40.2,418.7,28,63,57.5,False,2,382.7,0
ag-01062,2026-03-23T14:55:00,S-456,lab,south,practice,34.8,27,15,233.0,0.717,2.4,21.4,54.9,421.1,36,56,55.5,False,2,559.1,0
ag-01063,2026-04-01T16:45:00,N-514,seminar,north,practice,57.3,46,37,522.9,0.565,6.0,23.2,48.7,531.3,41,46,70.8,False,2,676.6,0
ag-01064,2026-02-23T17:20:00,E-477,lecture,east,lecture,97.5,72,67,303.5,0.098,13.0,22.6,56.3,944.1,45,48,61.5,True,5,1235.3,1
ag-01065,2026-03-10T16:15:00,W-231,seminar,west,none,44.3,40,19,222.7,0.267,3.3,22.7,38.5,695.7,50,46,57.3,False,7,768.7,0
ag-01066,2026-03-21T17:45:00,W-460,lab,west,exam,35.8,35,30,325.1,0.64,20.1,22.2,39.3,646.1,24,52,59.4,False,6,726.4,0
ag-01067,2026-03-27T18:45:00,C-158,seminar,central,practice,56.7,48,38,217.5,0.069,-3.7,26.7,57.9,837.6,82,14,57.4,False,3,1029.6,1
ag-01068,2026-02-12T18:15:00,C-264,lecture,central,practice,121.0,93,60,524.6,0.326,-11.0,21.3,65.6,854.3,36,53,51.1,False,1,1032.1,0
ag-01069,2026-04-17T10:55:00,E-560,lecture,east,lab,116.6,117,31,1029.9,0.635,5.8,23.7,52.2,616.8,37,53,52.7,False,1,742.7,0
ag-01070,2026-04-20T14:15:00,S-591,lab,south,exam,42.6,35,37,436.6,0.646,15.3,25.5,74.9,845.8,69,21,66.2,False,6,1077.8,1
ag-01071,2026-05-03T18:50:00,C-340,lecture,central,practice,71.1,57,66,248.3,0.242,9.9,26.8,67.3,788.2,21,70,70.7,True,5,1073.4,1
ag-01072,2026-03-21T11:40:00,S-306,lecture,south,lab,86.3,61,52,657.4,0.489,11.3,21.3,62.2,696.8,51,36,73.1,False,2,1070.2,0
ag-01073,2026-04-17T10:25:00,W-197,lecture,west,lecture,139.6,107,76,965.3,0.498,20.8,24.4,65.4,911.3,42,48,66.4,False,2,1108.2,1
ag-01074,2026-02-28T09:25:00,W-283,lecture,west,lecture,127.3,120,123,650.8,0.4,3.6,25.9,77.4,1249.1,42,61,67.4,False,3,2033.8,1
ag-01075,2026-05-11T08:00:00,S-560,lab,south,lecture,32.9,33,31,362.7,0.838,19.8,24.2,65.2,504.5,11,72,61.0,True,5,630.5,0
ag-01076,2026-05-15T17:50:00,W-339,lab,west,lecture,33.9,29,26,325.3,0.649,12.9,24.0,80.9,382.2,0,90,63.7,True,2,520.9,0
ag-01077,2026-03-15T14:50:00,C-158,lecture,central,none,88.3,91,35,710.3,0.251,6.4,23.0,54.0,657.8,21,77,44.1,False,4,767.3,0
ag-01078,2026-02-26T14:35:00,S-345,lab,south,lecture,32.9,29,22,393.9,1.0,11.3,23.9,48.2,583.0,41,63,58.7,False,2,718.4,0
ag-01079,2026-04-07T18:50:00,W-262,lecture,west,none,144.6,109,30,792.0,0.564,17.0,21.6,56.4,663.4,90,0,45.9,False,1,790.1,0
ag-01080,2026-04-28T18:15:00,C-580,lecture,central,practice,141.5,100,49,635.0,0.118,16.8,25.2,71.2,1043.5,90,5,52.0,False,4,1213.7,1
ag-01081,2026-03-16T15:10:00,N-314,seminar,north,lecture,49.7,47,37,298.2,0.467,0.4,25.7,55.8,603.2,33,65,71.4,False,6,869.2,0
ag-01082,2026-04-29T15:00:00,C-352,seminar,central,lecture,50.9,50,53,413.8,0.379,9.1,24.8,71.7,802.0,72,28,67.9,True,3,1106.6,1
ag-01083,2026-05-05T18:40:00,S-112,coworking,south,practice,82.1,62,41,409.2,0.367,9.4,24.4,62.1,690.1,37,50,70.5,True,3,883.9,0
ag-01084,2026-03-08T08:35:00,E-547,lab,east,exam,50.2,35,35,289.0,0.552,6.5,24.3,60.6,678.2,62,31,64.6,False,7,1078.0,0
ag-01085,2026-03-01T11:50:00,S-215,lecture,south,exam,109.3,107,97,492.5,0.159,8.1,27.6,64.1,1092.5,18,72,62.2,False,3,1397.6,1
ag-01086,2026-04-07T12:45:00,S-293,lab,south,practice,44.2,37,20,393.5,0.551,3.6,23.9,37.3,593.6,58,30,57.5,False,7,690.4,0
ag-01087,2026-04-16T16:50:00,C-298,seminar,central,practice,24.3,21,7,187.8,0.606,15.8,24.5,45.9,419.6,4,90,42.4,False,1,438.3,0
ag-01088,2026-05-14T09:00:00,N-500,seminar,north,practice,37.6,39,28,256.7,0.74,16.9,22.1,59.1,525.0,66,28,61.5,True,2,728.5,0
ag-01089,2026-04-11T15:00:00,C-527,lecture,central,lecture,124.6,112,107,1392.8,0.787,14.5,25.2,67.7,1084.9,24,60,74.8,False,3,1724.0,1
ag-01090,2026-04-12T13:50:00,W-486,lecture,west,none,69.9,64,26,532.7,0.415,3.7,21.9,42.5,501.0,42,47,58.3,True,4,620.1,0
ag-01091,2026-02-11T13:05:00,S-111,lab,south,none,49.4,41,15,404.3,0.77,10.0,21.3,57.0,427.4,7,88,42.9,False,2,511.5,0
ag-01092,2026-02-27T14:20:00,W-279,seminar,west,practice,46.4,42,22,352.8,0.805,8.6,21.1,58.5,468.3,34,48,55.1,False,7,492.0,0
ag-01093,2026-05-10T10:40:00,S-148,lecture,south,lecture,151.7,108,120,589.5,0.484,15.8,21.6,74.5,1171.4,67,27,54.7,True,6,1786.9,1
ag-01094,2026-04-21T11:20:00,E-511,seminar,east,lecture,55.3,51,38,307.1,0.389,26.8,22.1,59.7,722.2,52,42,55.4,False,3,831.2,0
ag-01095,2026-04-06T16:20:00,N-397,lecture,north,lecture,82.2,66,53,558.9,0.392,3.5,24.0,59.0,723.1,44,38,62.4,False,2,1064.8,0
ag-01096,2026-02-15T12:55:00,E-214,seminar,east,lecture,88.1,64,45,356.6,0.356,-2.6,22.4,68.4,877.7,43,65,61.0,False,2,1111.2,1
ag-01097,2026-04-22T08:20:00,S-156,lab,south,lecture,29.8,30,23,316.3,0.725,15.4,25.0,49.3,528.2,22,68,65.4,False,7,585.7,0
ag-01098,2026-02-19T13:55:00,C-384,lab,central,lecture,60.1,42,28,644.3,0.978,4.3,24.9,48.5,545.9,61,23,61.5,True,3,782.1,0
ag-01099,2026-05-10T18:55:00,C-442,lab,central,lecture,35.5,32,19,253.3,0.554,10.4,23.8,50.5,631.5,56,27,59.1,True,7,796.4,0
ag-01100,2026-04-25T12:35:00,C-271,lab,central,practice,34.4,27,14,285.2,0.715,17.3,23.6,53.1,602.1,90,0,59.8,False,3,606.0,0
ag-01101,2026-03-07T17:30:00,C-192,lecture,central,practice,82.5,72,45,562.0,0.449,1.2,22.4,47.5,656.3,17,81,66.3,False,1,795.8,0
ag-01102,2026-03-23T14:30:00,E-130,seminar,east,none,31.3,31,9,198.1,0.086,5.0,22.9,58.3,492.0,79,0,47.0,False,1,583.7,0
ag-01103,2026-02-24T13:55:00,W-320,seminar,west,lecture,55.2,47,24,168.2,0.166,4.4,23.4,62.9,779.8,53,47,48.1,True,5,992.2,0
ag-01104,2026-02-21T17:30:00,N-130,coworking,north,lecture,26.4,20,18,92.8,0.084,7.6,25.3,69.3,579.4,45,48,58.0,False,7,692.7,0
ag-01105,2026-04-19T18:55:00,C-403,seminar,central,lecture,75.5,58,41,858.7,0.891,11.8,23.3,57.7,619.1,0,78,60.4,True,1,657.0,0
ag-01106,2026-03-22T17:15:00,N-107,lecture,north,exam,104.4,110,112,814.4,0.572,7.8,24.2,62.1,1079.5,11,71,63.9,True,1,1528.0,1
ag-01107,2026-02-20T13:10:00,N-151,seminar,north,practice,88.2,64,51,746.7,0.591,1.0,24.6,70.6,755.9,29,68,60.3,False,2,822.3,0
ag-01108,2026-03-22T13:45:00,C-101,lecture,central,lecture,70.3,57,33,461.5,0.693,5.7,22.6,54.0,670.6,26,64,62.6,False,6,782.4,0
ag-01109,2026-04-18T17:10:00,E-498,coworking,east,lecture,77.7,61,50,461.5,0.635,10.8,24.0,48.8,761.2,10,86,57.7,False,3,905.3,0
ag-01110,2026-03-08T13:35:00,E-408,lecture,east,lecture,106.2,90,57,956.3,0.555,9.9,24.9,75.7,646.3,1,90,52.4,False,6,880.6,0
ag-01111,2026-02-10T14:10:00,S-486,lab,south,practice,32.7,26,18,215.4,0.515,-12.0,21.1,63.6,638.0,45,39,63.4,False,4,682.6,0
ag-01112,2026-05-09T12:15:00,N-401,lecture,north,none,119.1,95,26,576.7,0.354,15.5,24.2,43.0,677.7,81,1,48.7,True,2,747.4,0
ag-01113,2026-04-11T12:40:00,N-475,lecture,north,lecture,67.4,62,24,347.7,0.494,12.6,23.0,43.7,626.4,46,41,53.2,False,5,799.3,0
ag-01114,2026-05-13T14:35:00,W-477,lecture,west,none,127.6,124,36,778.2,0.386,15.8,22.3,53.3,659.6,57,23,50.9,True,2,758.5,0
ag-01115,2026-03-07T16:20:00,E-407,lecture,east,practice,140.5,110,67,777.6,0.295,0.7,21.4,46.6,902.3,45,45,52.8,False,5,1108.6,1
ag-01116,2026-05-11T16:15:00,C-463,lab,central,lecture,34.8,37,31,267.2,0.297,8.5,25.0,51.2,641.7,51,33,50.2,True,7,780.8,0
ag-01117,2026-05-07T16:10:00,N-273,lab,north,lab,35.0,37,19,444.6,0.776,13.3,24.5,66.4,586.0,17,75,65.3,True,2,623.1,0
ag-01118,2026-04-30T15:25:00,E-576,lecture,east,practice,90.8,64,46,712.9,0.764,15.0,20.5,48.0,714.0,41,57,57.6,False,6,792.3,0
ag-01119,2026-04-29T09:55:00,S-559,lab,south,practice,19.3,19,13,175.3,0.886,6.0,22.8,71.4,605.6,90,0,54.3,False,4,634.9,0
ag-01120,2026-02-27T18:40:00,N-107,seminar,north,none,52.8,57,1,300.0,0.05,-3.8,24.1,49.3,481.4,49,40,41.1,False,2,480.8,0
ag-01121,2026-04-04T13:50:00,C-412,seminar,central,exam,36.5,26,22,271.1,0.479,10.7,25.6,56.0,588.3,48,61,62.4,False,5,632.3,0
ag-01122,2026-03-25T14:50:00,S-148,lecture,south,none,91.6,87,17,483.0,0.38,12.1,23.5,36.3,550.6,43,39,48.3,False,1,599.2,0
ag-01123,2026-04-11T09:30:00,C-248,lab,central,practice,34.4,29,28,299.2,0.769,4.2,26.0,76.7,456.6,69,27,74.4,True,4,635.1,0
ag-01124,2026-05-02T11:55:00,E-372,lab,east,practice,31.0,28,13,175.6,0.665,17.1,21.9,51.6,495.4,35,58,49.8,True,4,517.2,0
ag-01125,2026-02-21T14:45:00,E-381,lecture,east,practice,119.1,105,32,688.5,0.496,-0.3,21.6,58.5,602.6,82,23,45.8,False,6,894.6,0
ag-01126,2026-05-04T12:05:00,C-481,lecture,central,lecture,72.6,59,35,309.6,0.444,13.3,25.5,47.6,664.7,64,36,54.2,True,5,881.4,0
ag-01127,2026-04-27T16:00:00,E-330,seminar,east,lecture,62.4,48,37,406.2,0.388,16.8,25.1,53.4,635.8,22,67,64.6,False,6,911.8,0
ag-01128,2026-05-09T13:55:00,W-249,seminar,west,practice,33.5,36,32,203.7,0.522,23.4,22.5,78.5,659.9,56,30,64.0,True,7,708.9,0
ag-01129,2026-04-24T08:40:00,E-239,lab,east,lecture,37.3,32,33,191.7,0.5,3.9,24.3,61.2,614.3,32,54,69.1,False,5,916.7,0
ag-01130,2026-04-12T16:30:00,N-211,seminar,north,lecture,29.9,21,15,206.2,0.472,6.6,22.9,48.0,414.0,19,72,62.9,True,6,444.4,0
ag-01131,2026-05-02T08:00:00,C-180,lab,central,lecture,27.4,25,22,281.2,0.947,15.5,24.5,57.8,525.8,4,90,68.4,True,3,537.8,0
ag-01132,2026-04-08T17:30:00,E-547,lab,east,lecture,29.5,29,21,375.0,0.819,8.8,22.6,52.5,462.7,20,77,59.7,False,4,483.5,0
ag-01133,2026-04-25T12:35:00,N-533,lecture,north,lecture,60.9,61,34,761.2,0.814,12.5,23.8,61.8,639.9,29,48,57.8,False,3,674.1,0
ag-01134,2026-02-23T15:55:00,N-368,seminar,north,lab,54.6,47,33,383.7,0.571,4.3,24.3,64.3,602.6,22,56,56.3,False,7,872.9,0
ag-01135,2026-03-19T09:00:00,E-433,lab,east,exam,26.9,23,16,107.0,0.29,8.6,24.1,53.7,740.8,74,16,51.7,False,5,819.9,0
ag-01136,2026-04-08T10:40:00,S-205,lab,south,none,31.5,22,4,275.1,0.748,6.2,19.7,49.3,436.9,38,57,51.0,False,5,390.6,0
ag-01137,2026-05-09T12:40:00,S-253,lab,south,none,34.3,37,2,425.0,0.555,14.6,21.7,44.1,471.7,22,70,39.5,True,2,273.8,0
ag-01138,2026-04-30T18:15:00,N-178,lab,north,lab,54.4,43,31,286.0,0.587,16.4,23.4,57.4,694.9,13,77,53.4,False,7,817.1,0
ag-01139,2026-04-15T08:45:00,S-171,coworking,south,exam,49.0,41,41,373.5,0.319,6.1,25.5,56.0,761.4,16,70,62.1,False,4,1000.2,0
ag-01140,2026-04-30T10:55:00,E-187,lecture,east,none,123.5,90,27,1063.7,0.82,14.3,22.4,23.3,541.3,55,36,51.5,False,1,603.0,0
ag-01141,2026-03-16T10:35:00,W-471,seminar,west,practice,52.4,48,26,257.7,0.315,7.8,22.8,57.2,476.4,16,90,61.3,True,1,559.1,0
ag-01142,2026-05-10T09:35:00,S-220,seminar,south,none,41.5,32,16,252.5,0.352,13.9,21.4,51.6,533.7,33,57,53.9,True,5,533.3,0
ag-01143,2026-04-21T08:05:00,W-546,seminar,west,none,28.4,29,12,219.7,0.221,12.4,21.6,60.7,394.5,7,89,45.3,False,1,509.4,0
ag-01144,2026-03-31T13:25:00,W-558,lab,west,practice,40.9,30,16,286.3,0.74,10.9,24.0,61.5,568.2,35,63,52.2,False,5,603.6,0
ag-01145,2026-03-19T17:00:00,E-591,lecture,east,lab,99.6,74,31,812.2,0.782,4.0,23.3,50.3,547.2,41,44,52.1,False,1,673.6,0
ag-01146,2026-04-01T08:20:00,S-105,seminar,south,lab,71.3,54,30,381.7,0.282,1.5,24.2,51.9,483.2,0,90,43.3,False,2,768.2,0
ag-01147,2026-04-09T10:15:00,C-408,seminar,central,practice,40.5,31,14,271.5,0.628,16.3,23.3,48.1,458.9,0,90,63.1,False,3,455.5,0
ag-01148,2026-02-17T15:50:00,W-547,lecture,west,lecture,84.6,64,46,333.6,0.252,-1.1,22.4,75.6,858.4,27,65,52.0,False,7,1037.7,0
ag-01149,2026-05-07T16:25:00,E-229,lecture,east,lab,101.0,85,75,511.6,0.606,11.8,24.4,54.5,796.0,27,73,73.5,True,2,1159.1,1
ag-01150,2026-02-25T14:35:00,S-385,coworking,south,practice,36.7,27,21,298.9,0.717,9.0,22.2,64.8,494.7,72,14,57.5,False,5,531.8,0
ag-01151,2026-05-18T11:10:00,C-537,seminar,central,lab,75.7,54,46,697.2,0.706,6.6,26.6,63.2,755.5,34,63,63.5,True,3,936.4,0
ag-01152,2026-04-17T17:50:00,N-415,lecture,north,practice,127.1,129,128,938.6,0.426,12.6,25.2,62.9,1315.0,40,42,67.2,False,2,2080.0,1
ag-01153,2026-02-27T08:45:00,W-318,lab,west,practice,35.6,31,15,352.5,1.0,11.5,22.1,32.4,462.2,81,12,42.8,True,4,437.5,0
ag-01154,2026-05-05T08:25:00,S-279,lab,south,exam,35.1,26,26,338.9,0.858,9.1,21.4,56.7,505.3,53,49,62.8,True,1,657.7,0
ag-01155,2026-03-16T08:35:00,N-192,lecture,north,practice,69.5,77,51,511.0,0.608,3.4,22.7,58.3,659.7,2,81,53.3,False,6,944.4,0
ag-01156,2026-03-15T17:30:00,E-171,lecture,east,lab,88.3,65,44,743.9,0.821,3.5,22.5,65.1,562.6,39,49,56.8,False,2,738.0,0
ag-01157,2026-04-25T17:00:00,W-441,lecture,west,practice,78.4,55,33,484.6,0.485,11.8,26.7,62.4,656.6,41,51,57.2,False,6,824.0,0
ag-01158,2026-04-19T15:25:00,N-360,seminar,north,practice,23.5,21,18,111.0,0.281,12.1,23.0,63.2,525.0,40,38,57.7,False,1,564.3,0
ag-01159,2026-03-11T18:20:00,C-326,lecture,central,lecture,112.8,95,51,748.7,0.483,9.6,22.5,54.3,799.5,51,35,52.8,False,2,856.7,0
ag-01160,2026-04-02T10:40:00,N-364,coworking,north,lab,63.9,46,35,308.2,0.646,7.8,26.4,64.7,501.2,13,90,62.4,False,3,717.4,0
ag-01161,2026-05-09T13:55:00,E-543,lecture,east,exam,115.9,105,108,753.6,0.164,26.4,25.3,66.8,1306.4,8,90,64.4,True,7,1746.7,1
ag-01162,2026-04-25T09:15:00,C-138,seminar,central,practice,54.2,51,41,298.7,0.396,12.0,24.2,58.9,765.9,14,79,53.5,False,7,975.5,0
ag-01163,2026-02-10T15:20:00,C-534,seminar,central,lecture,64.6,57,41,448.4,0.504,2.5,23.3,50.7,775.1,32,43,61.3,False,7,921.8,0
ag-01164,2026-04-24T18:55:00,E-263,lab,east,exam,52.7,39,46,306.2,0.906,1.9,20.6,65.7,800.1,65,25,74.2,False,1,1001.2,0
ag-01165,2026-05-11T09:25:00,N-342,coworking,north,none,20.3,22,11,127.7,0.229,19.9,22.1,49.6,652.7,69,35,54.5,True,3,680.3,0
ag-01166,2026-03-01T12:25:00,E-124,coworking,east,practice,52.7,44,28,245.1,0.142,4.6,23.9,63.9,709.3,44,41,52.4,False,7,819.5,0
ag-01167,2026-03-22T14:00:00,W-271,lecture,west,none,113.0,118,67,1009.4,0.407,7.4,24.1,49.8,846.0,24,60,54.2,True,3,1172.4,1
ag-01168,2026-03-21T11:30:00,C-189,lecture,central,exam,130.9,98,102,712.4,0.57,9.5,22.4,66.8,1241.1,54,31,62.7,False,3,1695.8,1
ag-01169,2026-03-22T15:05:00,W-211,lecture,west,practice,64.6,57,39,339.2,0.604,3.5,25.0,54.3,769.7,90,5,54.7,True,3,847.7,0
ag-01170,2026-04-29T18:50:00,S-260,coworking,south,lecture,57.4,58,53,373.1,0.548,14.4,25.7,74.2,839.6,35,44,72.2,False,1,1027.7,1
ag-01171,2026-03-13T18:15:00,N-162,seminar,north,practice,60.7,50,33,244.3,0.197,-0.4,24.4,57.5,850.0,66,20,59.4,False,2,988.4,0
ag-01172,2026-05-09T16:50:00,E-352,coworking,east,practice,37.5,37,21,405.7,0.573,15.2,24.6,64.4,564.4,22,70,49.2,True,3,571.9,0
ag-01173,2026-05-07T11:40:00,S-312,lab,south,practice,44.4,31,19,305.2,0.977,9.4,23.2,55.6,616.8,53,34,58.9,True,2,648.1,0
ag-01174,2026-04-04T15:15:00,E-366,lab,east,none,19.0,18,5,223.3,0.818,14.4,23.5,58.4,380.0,31,45,48.3,False,2,401.2,0
ag-01175,2026-04-13T16:50:00,C-440,seminar,central,lecture,55.2,57,38,309.7,0.357,9.6,24.4,54.6,693.4,32,70,63.4,False,3,922.6,0
ag-01176,2026-04-30T09:00:00,S-310,lecture,south,lab,137.2,101,98,1022.1,0.598,17.0,25.0,49.6,883.3,39,57,72.7,False,4,1404.7,1
ag-01177,2026-02-27T15:00:00,S-258,lab,south,lab,48.1,37,17,250.6,0.366,8.8,22.7,61.7,496.2,16,61,49.7,False,6,483.8,0
ag-01178,2026-05-03T11:30:00,N-566,seminar,north,exam,83.5,60,60,329.1,0.446,11.1,26.6,72.9,826.1,64,33,68.4,True,2,1124.4,1
ag-01179,2026-03-20T08:00:00,E-481,lecture,east,lecture,140.7,126,105,1063.6,0.953,7.6,23.7,61.9,1145.3,43,47,55.5,False,5,1536.7,1
ag-01180,2026-03-21T10:05:00,N-589,seminar,north,none,64.4,53,26,402.7,0.542,7.5,22.2,45.3,496.3,6,90,54.2,False,1,586.7,0
ag-01181,2026-05-17T08:00:00,S-423,lab,south,practice,28.2,24,18,120.0,0.366,6.7,25.5,65.4,609.4,70,19,63.8,True,5,731.1,0
ag-01182,2026-02-26T13:05:00,W-132,lab,west,lab,40.0,28,24,227.1,0.828,2.6,22.5,71.8,548.6,50,45,59.3,False,4,644.2,0
ag-01183,2026-03-02T13:40:00,W-445,lecture,west,practice,81.0,79,30,546.4,0.728,8.1,20.3,41.9,601.1,72,20,48.0,False,5,748.6,0
ag-01184,2026-04-03T14:25:00,E-530,seminar,east,none,67.7,61,15,562.6,0.503,5.5,21.8,41.7,559.1,64,18,49.7,False,6,744.0,0
ag-01185,2026-02-25T10:25:00,W-576,seminar,west,none,48.8,38,12,392.9,0.695,10.5,22.8,47.6,380.0,0,86,49.6,False,4,455.8,0
ag-01186,2026-03-07T18:30:00,S-362,seminar,south,lab,25.2,20,16,198.7,0.724,7.1,23.3,45.4,543.7,0,89,59.4,False,6,697.6,0
ag-01187,2026-04-15T10:30:00,N-587,seminar,north,lecture,71.2,51,27,341.7,0.412,8.1,21.1,45.2,478.6,24,74,48.5,False,7,550.6,0
ag-01188,2026-04-06T17:35:00,N-219,seminar,north,exam,80.2,64,56,337.0,0.385,14.1,23.6,59.6,773.5,58,40,55.4,False,3,1108.7,1
ag-01189,2026-03-08T15:25:00,E-459,coworking,east,practice,36.6,39,34,177.8,0.136,10.2,24.1,58.1,685.1,78,3,56.5,False,1,810.9,0
ag-01190,2026-05-06T16:15:00,E-150,seminar,east,lab,88.2,63,53,567.9,0.704,17.6,23.8,49.6,767.9,52,39,55.0,True,3,1011.2,0
ag-01191,2026-02-22T13:10:00,E-105,lecture,east,practice,155.5,111,94,1158.6,0.737,7.4,23.8,56.0,836.8,51,33,55.8,False,5,1321.5,1
ag-01192,2026-02-24T09:10:00,W-206,coworking,west,lecture,29.0,32,29,183.7,0.106,0.8,25.8,55.0,717.3,41,49,64.0,True,6,748.9,0
ag-01193,2026-03-04T10:10:00,C-364,seminar,central,lab,67.7,57,40,433.0,0.188,7.1,23.2,72.1,703.2,41,42,54.0,False,1,853.7,0
ag-01194,2026-05-08T14:15:00,E-136,lab,east,lecture,41.2,30,31,309.1,0.764,11.1,27.1,65.7,486.3,26,64,62.8,True,2,550.3,0
ag-01195,2026-03-01T09:05:00,W-167,seminar,west,lecture,35.1,27,16,204.9,0.496,4.9,25.3,57.7,707.5,55,23,75.0,False,6,832.2,0
ag-01196,2026-03-08T08:30:00,E-421,lab,east,practice,35.7,27,29,181.7,0.607,1.0,22.7,81.9,657.2,50,38,78.7,False,3,639.8,0
ag-01197,2026-04-01T18:05:00,S-281,lecture,south,exam,138.0,99,74,998.6,0.607,5.8,24.2,52.0,814.1,49,34,50.8,False,5,1094.1,0
ag-01198,2026-05-08T14:15:00,C-416,lab,central,practice,24.7,18,9,127.2,0.643,8.2,21.9,48.8,380.0,40,43,43.4,True,3,426.8,0
ag-01199,2026-03-05T15:30:00,W-150,lecture,west,lecture,83.8,58,49,539.5,0.552,2.3,27.2,64.5,660.3,0,89,64.2,False,1,858.0,0
ag-01200,2026-03-06T10:05:00,S-140,lecture,south,lab,104.0,84,64,464.0,0.189,12.1,22.6,48.4,798.0,46,36,55.0,False,6,1104.8,1
ag-01201,2026-04-20T17:45:00,N-250,seminar,north,lecture,43.1,30,22,135.0,0.29,14.0,24.2,75.0,608.9,27,64,57.0,False,6,731.8,0
ag-01202,2026-04-26T08:45:00,W-235,seminar,west,lecture,36.7,37,26,190.9,0.275,13.4,22.6,62.8,683.5,86,12,60.0,False,6,753.9,0
ag-01203,2026-04-13T10:15:00,S-511,seminar,south,lab,37.9,29,25,224.6,0.493,4.7,24.2,61.4,539.7,15,78,67.7,False,2,641.8,0
ag-01204,2026-03-16T09:00:00,N-177,seminar,north,lecture,44.4,35,30,223.0,0.515,3.1,23.6,60.7,528.9,21,68,65.0,False,4,679.3,0
ag-01205,2026-04-08T15:55:00,C-497,lecture,central,lecture,99.5,84,43,940.6,0.597,10.8,25.0,52.4,596.1,15,63,56.6,False,7,638.6,0
ag-01206,2026-05-05T15:50:00,S-171,coworking,south,practice,51.5,36,25,198.7,0.393,19.4,23.8,56.5,602.3,35,50,54.1,True,2,797.3,0
ag-01207,2026-04-10T12:00:00,S-537,lecture,south,practice,131.7,125,68,1470.8,0.608,19.2,25.5,56.0,709.1,69,23,53.3,False,7,1104.1,1
ag-01208,2026-03-26T11:45:00,S-246,lecture,south,practice,108.5,119,99,1122.0,0.569,7.0,24.4,57.4,1100.0,30,52,62.7,False,7,1519.1,1
ag-01209,2026-03-27T11:40:00,N-187,lecture,north,lecture,73.1,71,57,450.6,0.493,11.0,23.5,62.9,766.1,35,59,63.6,False,4,1060.5,0
ag-01210,2026-05-11T12:20:00,E-240,lab,east,lab,27.9,27,24,261.6,0.48,20.3,24.5,57.3,586.7,39,56,74.8,True,1,712.5,0
ag-01211,2026-03-12T16:05:00,S-117,lecture,south,practice,71.0,64,57,387.5,0.066,7.5,24.7,61.8,976.0,89,0,60.2,False,5,1138.0,1
ag-01212,2026-03-14T09:00:00,E-536,lecture,east,practice,57.5,59,39,481.6,0.7,3.2,22.2,68.5,724.6,90,0,50.9,False,7,944.7,0
ag-01213,2026-04-07T12:50:00,E-532,lab,east,none,40.2,30,2,208.3,0.607,14.8,20.8,39.4,476.5,78,14,46.5,False,5,433.9,0
ag-01214,2026-05-13T15:40:00,E-319,lecture,east,none,85.0,70,20,937.1,0.891,21.7,22.7,68.8,526.9,36,62,46.9,True,2,545.5,0
ag-01215,2026-03-14T13:35:00,W-444,seminar,west,none,73.3,57,26,407.9,0.313,3.3,22.7,54.4,587.8,15,78,42.8,False,7,761.4,0
ag-01216,2026-05-06T16:00:00,S-462,seminar,south,practice,53.0,54,44,522.9,0.483,20.1,23.5,61.6,722.3,48,41,62.4,True,7,890.8,0
ag-01217,2026-04-10T10:10:00,E-403,lab,east,lecture,31.4,33,14,384.2,0.896,25.5,22.0,55.1,486.3,76,24,58.0,False,3,670.2,0
ag-01218,2026-03-28T14:50:00,S-138,lab,south,none,18.2,18,5,157.7,0.645,10.7,21.4,54.7,477.0,48,36,49.9,False,1,477.9,0
ag-01219,2026-04-23T11:45:00,N-395,seminar,north,lecture,68.9,51,41,476.3,0.792,15.5,23.0,48.1,569.5,57,43,60.5,False,4,794.3,0
ag-01220,2026-04-11T09:40:00,S-493,lecture,south,practice,69.4,72,32,583.4,0.348,11.9,22.0,44.7,582.8,27,78,51.9,False,5,639.7,0
ag-01221,2026-03-08T18:25:00,W-158,seminar,west,practice,33.0,27,17,254.5,0.56,4.6,22.2,61.7,446.2,21,58,49.1,False,4,502.0,0
ag-01222,2026-04-01T18:55:00,W-582,lecture,west,lecture,147.5,105,92,707.2,0.443,17.1,25.9,49.1,1096.0,6,90,62.0,False,4,1690.3,1
ag-01223,2026-03-29T13:35:00,C-580,lab,central,practice,26.4,25,13,258.5,0.462,4.0,21.4,50.0,397.3,17,70,49.2,False,4,349.3,0
ag-01224,2026-03-23T13:15:00,N-591,lab,north,none,35.2,34,6,263.3,0.69,15.7,21.5,49.4,492.1,39,59,59.3,False,7,570.5,0
ag-01225,2026-02-16T16:00:00,C-566,seminar,central,lecture,50.0,38,23,344.5,0.334,2.0,24.2,69.0,717.9,67,15,64.3,False,3,850.9,0
ag-01226,2026-04-16T14:15:00,S-394,lecture,south,lab,159.8,118,99,846.7,0.326,17.1,24.6,45.4,963.4,34,59,58.0,False,3,1323.6,1
ag-01227,2026-04-07T13:25:00,N-512,lecture,north,practice,95.5,66,37,660.5,0.522,0.5,23.3,50.6,625.3,60,43,54.1,True,3,722.0,0
ag-01228,2026-03-04T14:25:00,C-498,seminar,central,practice,41.4,46,23,370.4,0.456,0.7,23.6,43.8,526.7,45,42,49.1,False,3,647.2,0
ag-01229,2026-02-21T16:20:00,N-258,seminar,north,none,75.1,56,19,617.8,0.545,12.1,23.7,47.7,586.6,67,22,48.6,False,7,765.2,0
ag-01230,2026-04-14T16:20:00,E-483,lab,east,none,23.6,26,4,235.3,0.495,9.8,21.4,39.9,380.0,35,57,52.9,False,3,428.7,0
ag-01231,2026-03-14T16:50:00,E-247,seminar,east,practice,64.8,62,34,528.6,0.413,2.7,22.9,61.7,559.5,52,37,51.4,True,5,610.3,0
ag-01232,2026-05-14T14:45:00,S-248,seminar,south,lecture,80.4,58,60,488.1,0.469,15.9,22.8,60.2,907.8,70,13,68.7,True,7,1120.1,1
ag-01233,2026-03-31T08:00:00,W-581,lecture,west,none,73.8,69,8,836.2,0.72,6.9,20.1,58.5,380.0,47,48,39.2,False,2,413.8,0
ag-01234,2026-04-04T11:20:00,E-324,lecture,east,lab,177.2,123,91,668.6,0.2,3.6,24.2,51.5,1172.4,26,69,62.5,False,6,1493.1,1
ag-01235,2026-04-21T10:50:00,N-517,seminar,north,lab,78.9,60,38,503.7,0.57,11.7,23.0,53.7,611.7,0,90,54.2,False,2,590.0,0
ag-01236,2026-03-09T13:35:00,W-356,seminar,west,lecture,41.5,29,30,276.4,0.381,-2.3,22.9,58.5,630.3,40,36,65.0,False,3,706.5,0
ag-01237,2026-04-05T11:25:00,W-577,lab,west,practice,39.5,42,22,431.3,0.632,9.2,23.1,46.7,637.5,55,38,51.0,False,1,772.8,0
ag-01238,2026-03-13T18:40:00,S-264,seminar,south,practice,43.0,35,34,258.8,0.274,5.4,24.9,63.1,700.0,12,78,61.6,False,6,879.0,0
ag-01239,2026-04-29T12:35:00,N-241,lecture,north,lecture,109.4,106,30,576.6,0.472,19.8,20.9,48.8,752.1,49,35,50.8,False,1,804.0,0
ag-01240,2026-04-21T14:20:00,E-557,lecture,east,practice,110.8,115,80,1211.0,0.464,16.3,23.1,67.0,1069.8,48,42,58.1,False,7,1357.4,1
ag-01241,2026-02-13T18:55:00,S-217,lecture,south,lecture,150.1,106,76,580.4,0.066,-7.1,24.1,58.5,1082.5,62,29,66.3,False,4,1351.3,1
ag-01242,2026-02-21T16:05:00,C-287,seminar,central,lecture,66.7,49,39,404.0,0.51,6.6,23.3,59.8,533.8,15,68,48.7,False,6,714.4,0
ag-01243,2026-04-22T17:00:00,E-131,lecture,east,lecture,88.7,62,49,367.7,0.592,8.4,22.3,55.3,780.4,70,13,56.5,False,6,1119.7,1
ag-01244,2026-03-05T11:05:00,E-245,coworking,east,practice,61.5,67,39,381.9,0.355,1.2,23.1,54.4,920.3,80,14,49.5,False,6,1154.4,1
ag-01245,2026-05-13T14:05:00,C-160,coworking,central,none,61.1,61,22,781.9,0.725,15.8,21.9,60.7,551.2,9,75,49.9,True,4,621.8,0
ag-01246,2026-02-21T13:25:00,C-193,lab,central,lab,53.4,43,19,358.7,0.526,9.7,22.8,60.0,476.9,22,71,48.5,False,7,571.2,0
ag-01247,2026-02-15T18:50:00,N-577,seminar,north,practice,37.8,32,18,218.1,0.29,2.4,23.6,55.1,627.8,21,72,52.4,False,7,754.6,0
ag-01248,2026-02-24T15:20:00,S-279,lecture,south,lecture,86.3,81,55,1050.0,0.891,1.0,19.7,50.7,603.5,0,84,52.5,False,5,833.1,0
ag-01249,2026-03-14T09:30:00,S-464,lab,south,lab,41.6,34,16,315.8,0.97,4.7,21.9,46.3,472.6,9,87,55.3,False,7,469.9,0
ag-01250,2026-03-17T09:10:00,W-356,coworking,west,none,37.9,36,17,353.1,0.533,1.3,21.5,46.4,525.3,33,52,48.4,False,3,606.5,0
ag-01251,2026-05-12T18:00:00,S-235,lecture,south,none,71.8,66,29,383.4,0.261,18.4,22.7,46.8,584.3,24,60,47.4,True,3,766.3,0
ag-01252,2026-02-10T16:40:00,C-482,coworking,central,practice,49.7,46,32,294.1,0.617,7.7,22.6,45.5,585.4,0,90,59.8,False,4,708.4,0
ag-01253,2026-03-14T15:25:00,S-321,seminar,south,none,29.8,27,2,172.3,0.532,8.7,22.6,49.1,397.4,39,57,48.2,False,3,494.4,0
ag-01254,2026-04-02T10:15:00,C-304,lab,central,practice,34.3,25,22,306.7,0.818,7.8,22.0,67.2,524.8,90,0,56.9,False,4,622.5,0
ag-01255,2026-04-27T09:00:00,E-352,seminar,east,none,30.4,25,0,328.6,0.737,12.7,20.2,48.4,451.3,39,52,50.9,False,1,402.7,0
ag-01256,2026-05-04T08:10:00,S-240,lecture,south,practice,154.7,121,112,1611.0,0.857,8.8,25.9,69.5,910.4,0,90,60.2,True,6,1323.3,1
ag-01257,2026-03-29T12:55:00,C-247,lecture,central,lecture,138.5,113,127,834.1,0.815,16.0,23.7,61.6,1186.5,44,34,62.1,False,1,1822.4,1
ag-01258,2026-03-30T12:15:00,C-243,coworking,central,practice,100.4,77,59,509.7,0.695,5.3,22.5,64.8,781.9,61,49,54.0,False,4,1054.4,0
ag-01259,2026-02-15T08:55:00,N-460,seminar,north,lab,39.4,28,17,301.1,0.572,-5.3,21.8,55.4,637.2,62,22,46.2,False,3,812.3,0
ag-01260,2026-04-12T18:00:00,C-391,seminar,central,lecture,35.1,30,33,295.4,0.498,6.9,26.1,66.8,639.7,61,33,75.5,True,1,761.8,0
ag-01261,2026-02-10T11:30:00,S-457,coworking,south,practice,37.4,36,16,222.9,0.223,0.6,22.9,51.4,656.4,48,38,58.6,False,7,767.3,0
ag-01262,2026-02-21T12:05:00,C-528,lab,central,practice,27.7,25,9,226.4,0.45,-0.7,24.0,73.9,493.0,50,31,48.2,True,7,559.0,0
ag-01263,2026-04-14T16:10:00,E-163,lecture,east,exam,96.1,96,89,897.3,0.399,3.1,24.4,50.0,920.4,9,86,64.4,False,1,1368.7,1
ag-01264,2026-04-28T16:05:00,N-553,lecture,north,practice,122.6,128,97,1273.9,0.636,7.4,22.3,64.1,1293.4,80,15,59.5,False,5,1892.9,1
ag-01265,2026-02-19T16:45:00,C-240,lecture,central,practice,108.7,116,101,1076.4,0.634,-0.2,24.4,54.8,1092.3,57,37,71.2,False,4,1513.9,1
ag-01266,2026-02-15T12:15:00,N-213,seminar,north,lab,37.0,32,25,363.3,0.566,3.8,23.9,64.1,680.3,90,1,61.2,False,1,800.0,0
ag-01267,2026-04-03T15:05:00,W-252,seminar,west,lecture,59.4,54,52,553.2,0.706,14.2,26.2,65.8,818.0,63,29,67.9,False,1,946.8,0
ag-01268,2026-03-23T11:50:00,C-595,seminar,central,lecture,22.5,20,20,162.3,0.395,15.3,23.1,71.2,601.6,30,59,62.1,False,7,658.3,0
ag-01269,2026-03-11T18:50:00,C-465,lecture,central,lab,65.8,62,44,695.2,0.61,3.6,23.0,57.5,704.9,2,90,59.3,False,5,805.1,0
ag-01270,2026-04-29T13:20:00,E-311,lab,east,lecture,34.8,34,16,304.8,0.375,12.9,19.7,49.9,750.7,75,10,48.5,False,3,727.3,0
ag-01271,2026-03-16T15:00:00,W-130,seminar,west,practice,71.1,57,30,471.0,0.383,8.6,23.7,52.7,587.8,46,51,48.0,False,7,780.4,0
ag-01272,2026-05-13T15:10:00,S-230,coworking,south,practice,76.7,69,69,502.8,0.648,17.3,25.2,73.5,893.6,37,53,68.5,True,7,1273.3,1
ag-01273,2026-03-12T10:05:00,N-115,lecture,north,lecture,107.1,102,40,740.7,0.444,-2.4,23.3,44.0,690.1,52,30,55.4,False,1,992.7,0
ag-01274,2026-03-26T10:10:00,E-565,seminar,east,lecture,51.0,51,36,315.4,0.594,13.2,22.1,54.5,764.2,60,20,61.1,False,5,874.5,0
ag-01275,2026-04-13T17:25:00,E-170,lecture,east,exam,138.4,119,99,1065.7,0.304,7.8,25.3,65.7,1029.8,15,70,59.9,False,4,1529.8,1
ag-01276,2026-05-13T16:05:00,E-582,lab,east,lecture,29.5,29,28,138.5,0.253,16.6,26.0,63.3,651.2,55,28,61.7,True,7,791.3,0
ag-01277,2026-04-10T08:20:00,W-364,coworking,west,lecture,68.7,61,23,438.1,0.492,13.7,24.8,53.6,515.6,63,23,53.3,False,1,580.6,0
ag-01278,2026-04-22T09:10:00,S-328,lecture,south,practice,58.2,57,39,697.0,0.751,25.3,23.1,65.7,637.4,14,69,58.3,False,7,873.7,0
ag-01279,2026-02-25T08:15:00,C-409,coworking,central,none,58.5,49,7,347.4,0.221,10.2,25.7,57.6,535.0,49,27,49.4,False,1,586.3,0
ag-01280,2026-03-19T08:45:00,W-568,coworking,west,exam,55.3,46,35,341.5,0.598,7.4,25.4,55.2,619.6,64,37,67.3,False,7,767.3,0
ag-01281,2026-05-05T13:35:00,N-496,lecture,north,practice,112.4,86,43,699.1,0.535,16.6,25.1,67.9,818.5,88,0,54.5,True,3,1024.0,0
ag-01282,2026-04-08T18:50:00,E-363,coworking,east,practice,32.2,28,16,289.5,0.613,10.7,22.7,32.6,387.1,58,38,55.7,False,3,529.1,0
ag-01283,2026-05-16T08:40:00,W-250,coworking,west,none,42.1,33,19,131.2,0.089,1.1,24.9,63.0,546.4,0,89,63.8,True,3,614.1,0
ag-01284,2026-04-25T13:00:00,E-359,seminar,east,practice,55.2,56,29,335.8,0.452,15.4,23.1,39.1,657.2,41,42,61.0,True,2,710.4,0
ag-01285,2026-04-20T16:25:00,S-325,lecture,south,exam,72.5,69,65,672.0,0.854,13.4,23.0,78.5,752.0,58,39,69.5,False,4,1032.6,0
ag-01286,2026-05-18T12:45:00,C-527,seminar,central,practice,31.2,32,19,191.3,0.334,8.3,24.5,51.8,566.1,44,45,55.8,True,5,599.6,0
ag-01287,2026-04-22T14:10:00,S-300,lecture,south,exam,54.9,57,44,311.6,0.51,8.2,22.3,63.3,655.9,32,61,68.6,False,1,838.4,0
ag-01288,2026-04-06T18:55:00,W-486,lecture,west,lecture,88.6,65,51,425.1,0.291,11.4,24.5,67.2,712.4,40,61,59.7,False,5,964.3,0
ag-01289,2026-03-20T09:15:00,W-407,lab,west,practice,38.6,31,16,220.8,0.796,2.0,23.5,56.7,547.5,33,40,65.9,False,1,577.2,0
ag-01290,2026-02-11T17:25:00,E-337,coworking,east,practice,53.4,53,32,624.6,0.665,-5.3,22.4,48.4,633.7,74,2,64.8,False,7,733.6,0
ag-01291,2026-03-27T17:10:00,N-490,coworking,north,practice,49.2,41,33,207.5,0.072,13.6,23.4,56.0,747.3,24,75,51.3,False,1,792.2,0
ag-01292,2026-03-31T10:35:00,S-263,lecture,south,lab,118.2,129,82,779.5,0.296,11.5,25.0,46.9,862.4,20,76,60.6,False,4,1160.5,1
ag-01293,2026-04-23T12:35:00,S-207,lecture,south,lecture,101.8,79,72,516.0,0.435,10.9,22.3,59.2,947.3,54,24,66.8,False,4,1287.7,1
ag-01294,2026-04-25T16:35:00,C-403,lecture,central,lecture,102.2,93,71,495.2,0.124,13.2,25.2,59.2,969.3,23,62,60.5,False,5,1443.6,1
ag-01295,2026-04-13T17:45:00,N-554,coworking,north,lab,74.6,61,65,628.9,0.52,14.5,25.3,61.3,792.9,19,64,68.2,False,2,1174.0,1
ag-01296,2026-04-22T09:55:00,S-316,seminar,south,practice,45.0,33,31,198.6,0.356,8.1,23.8,70.1,796.7,18,72,66.9,False,5,867.3,0
ag-01297,2026-04-22T15:40:00,W-134,coworking,west,lecture,102.7,74,48,383.9,0.388,16.9,21.8,62.4,862.0,45,50,57.9,False,4,1083.5,0
ag-01298,2026-04-19T17:15:00,S-343,lab,south,lab,23.5,20,14,112.1,0.518,16.7,21.7,51.2,432.4,4,90,60.6,False,1,466.7,0
ag-01299,2026-03-21T18:25:00,S-495,lecture,south,lecture,93.4,73,36,537.9,0.719,2.9,22.1,57.4,718.7,90,0,59.4,False,5,779.9,0
ag-01300,2026-04-14T10:00:00,C-260,coworking,central,lab,36.0,35,30,304.5,0.453,10.0,23.7,76.2,544.3,29,65,63.6,False,3,679.8,0
ag-01301,2026-04-16T15:30:00,S-449,lecture,south,lecture,118.5,104,100,533.9,0.371,14.4,25.2,55.2,1102.2,56,38,63.2,False,1,1517.0,1
ag-01302,2026-02-16T11:40:00,C-366,lecture,central,lecture,63.4,69,73,536.5,0.686,0.1,23.1,70.3,732.9,26,70,69.8,False,6,1199.4,1
ag-01303,2026-04-24T14:35:00,N-333,seminar,north,none,25.9,20,2,130.8,0.161,22.0,23.8,53.0,449.3,51,43,44.5,False,6,362.9,0
ag-01304,2026-03-02T10:30:00,N-229,seminar,north,practice,34.0,24,17,175.9,0.797,1.2,23.1,65.2,623.2,90,0,61.8,False,7,722.2,0
ag-01305,2026-04-20T18:40:00,S-208,seminar,south,lecture,44.3,46,45,516.8,0.699,9.6,23.0,64.0,504.7,3,86,61.3,False,6,690.2,0
ag-01306,2026-04-22T11:00:00,W-545,seminar,west,practice,36.8,32,24,259.6,0.679,1.5,25.3,54.1,710.2,87,12,58.6,True,4,763.0,0
ag-01307,2026-04-26T08:10:00,N-126,lab,north,lab,56.8,44,22,304.6,0.502,8.6,22.1,48.5,614.7,2,84,56.0,False,3,607.5,0
ag-01308,2026-03-12T10:30:00,E-107,seminar,east,lecture,45.2,36,38,284.8,0.268,7.0,24.5,71.0,707.5,58,32,69.9,False,7,822.3,0
ag-01309,2026-03-24T14:00:00,S-167,lecture,south,lecture,98.7,74,33,697.9,0.498,2.3,21.7,60.9,674.4,64,43,50.7,False,7,760.2,0
ag-01310,2026-02-21T11:00:00,S-234,lecture,south,exam,132.2,107,103,1372.9,0.786,-4.2,22.1,60.5,1170.9,61,23,67.4,False,1,1558.5,1
ag-01311,2026-04-14T15:00:00,W-350,seminar,west,none,24.9,24,9,169.3,0.817,17.7,22.3,50.4,488.9,71,20,43.4,True,5,671.1,0
ag-01312,2026-04-18T12:00:00,S-147,lab,south,lecture,40.0,42,29,386.7,0.389,10.5,21.6,59.0,554.9,61,25,57.7,False,3,699.6,0
ag-01313,2026-02-18T17:25:00,S-356,lab,south,lecture,60.8,43,25,494.0,0.581,9.0,22.1,46.5,487.7,42,42,61.5,True,1,596.3,0
ag-01314,2026-03-24T10:55:00,N-252,seminar,north,lecture,81.8,63,47,286.5,0.303,6.7,24.8,66.5,943.3,78,3,66.6,False,2,1070.2,0
ag-01315,2026-05-08T17:10:00,S-475,lab,south,lecture,47.8,41,23,470.1,0.831,5.7,22.2,52.4,534.0,6,90,63.4,True,4,562.0,0
ag-01316,2026-03-13T16:45:00,W-341,lecture,west,practice,88.3,66,49,368.8,0.376,10.1,21.8,66.7,717.0,35,61,62.6,False,3,933.1,0
ag-01317,2026-03-27T14:55:00,S-461,seminar,south,lecture,59.3,54,35,504.8,0.391,17.0,24.2,49.7,615.4,28,52,55.8,False,5,725.2,0
ag-01318,2026-04-11T16:10:00,N-409,lab,north,practice,59.5,43,17,420.5,0.518,8.4,21.1,53.7,579.2,90,0,48.9,False,6,639.7,0
ag-01319,2026-05-05T15:15:00,E-537,lab,east,lecture,34.4,32,23,251.4,0.28,23.4,24.5,43.0,573.3,37,68,58.3,True,5,570.6,0
ag-01320,2026-04-23T14:25:00,W-119,lab,west,exam,36.4,32,32,244.4,0.589,16.4,25.6,50.6,640.2,29,48,67.5,False,2,722.4,0
ag-01321,2026-04-16T17:55:00,W-539,seminar,west,lecture,30.7,26,21,300.5,0.745,13.4,24.1,52.0,466.7,0,88,51.8,False,1,461.9,0
ag-01322,2026-04-27T16:10:00,N-544,lecture,north,lecture,82.4,69,63,316.1,0.147,17.0,25.6,65.0,974.9,48,45,62.8,False,7,1338.1,1
ag-01323,2026-05-15T11:40:00,S-386,lab,south,practice,45.0,44,32,500.6,0.888,16.8,24.0,54.0,808.9,43,40,66.9,True,3,912.2,0
ag-01324,2026-02-25T10:40:00,N-340,lecture,north,exam,103.1,77,65,664.4,0.274,0.0,23.6,58.9,923.2,88,0,70.3,False,6,1268.0,1
ag-01325,2026-03-13T09:15:00,S-334,lecture,south,none,164.0,114,38,1055.4,0.41,12.7,20.4,50.8,617.9,37,37,55.2,False,7,655.6,0
ag-01326,2026-03-16T13:45:00,C-189,coworking,central,practice,36.2,36,28,156.7,0.318,6.6,24.0,68.3,599.2,23,60,55.7,False,5,780.7,0
ag-01327,2026-02-22T11:30:00,N-236,lab,north,practice,53.1,39,27,414.8,0.595,12.4,22.9,68.2,492.4,25,53,50.5,False,6,614.2,0
ag-01328,2026-04-01T18:10:00,S-431,lab,south,practice,31.3,31,23,377.6,0.701,22.1,23.8,48.7,571.7,37,53,63.8,False,4,501.4,0
ag-01329,2026-05-19T13:10:00,E-506,lab,east,practice,30.7,32,22,314.2,0.487,18.3,25.8,54.3,510.3,16,79,54.8,True,5,651.3,0
ag-01330,2026-05-19T16:45:00,S-177,coworking,south,lab,30.1,25,22,337.5,0.843,23.0,23.9,54.8,485.1,26,54,68.1,True,1,596.7,0
ag-01331,2026-02-22T10:20:00,E-533,seminar,east,practice,45.7,38,31,192.1,0.233,13.5,23.7,56.9,830.2,54,31,62.6,False,7,1078.8,0
ag-01332,2026-04-17T13:45:00,N-170,coworking,north,practice,66.4,51,29,332.7,0.586,8.1,23.4,49.9,732.4,77,12,61.4,False,3,908.2,0
ag-01333,2026-03-04T17:35:00,C-383,lecture,central,lab,109.4,82,53,546.9,0.437,8.8,22.0,50.3,703.8,16,53,57.1,False,2,963.5,0
ag-01334,2026-04-03T10:35:00,S-108,lab,south,lecture,59.2,43,39,374.9,0.489,8.4,24.5,56.5,687.3,34,57,58.9,False,7,758.3,0
ag-01335,2026-04-09T13:15:00,E-188,lecture,east,practice,79.8,72,28,629.5,0.53,6.4,26.4,56.9,623.9,34,65,50.6,False,3,805.0,0
ag-01336,2026-05-07T16:45:00,N-230,lecture,north,lecture,102.5,75,67,552.4,0.397,19.2,24.1,50.7,805.7,1,86,64.1,True,1,1100.1,1
ag-01337,2026-04-29T10:30:00,W-590,coworking,west,none,83.9,78,13,424.6,0.461,14.0,21.9,45.9,472.6,44,45,47.2,True,2,549.6,0
ag-01338,2026-03-25T11:45:00,S-512,lecture,south,lecture,136.3,114,45,1282.2,0.72,10.1,21.7,55.2,732.4,50,28,53.3,False,6,930.1,0
ag-01339,2026-02-10T11:35:00,N-331,lecture,north,lab,139.7,113,83,891.1,0.517,-6.6,24.7,65.8,1232.5,57,31,62.6,False,1,1656.7,1
ag-01340,2026-03-30T09:25:00,W-416,seminar,west,lab,20.8,23,10,144.9,0.14,8.9,20.0,60.1,605.9,54,38,46.8,False,6,593.7,0
ag-01341,2026-02-25T17:30:00,N-284,seminar,north,exam,37.6,37,35,198.0,0.287,11.7,25.0,67.4,713.5,70,25,60.5,False,4,978.5,0
ag-01342,2026-03-27T08:30:00,W-310,seminar,west,lecture,53.3,53,36,389.8,0.234,12.3,22.5,64.0,683.9,1,90,56.1,False,2,729.6,0
ag-01343,2026-04-04T16:25:00,E-253,seminar,east,none,45.7,33,13,233.0,0.477,11.5,22.9,51.6,662.3,49,41,53.0,False,4,806.5,0
ag-01344,2026-04-28T12:20:00,E-206,lecture,east,lecture,159.2,111,74,1321.1,0.756,10.9,24.3,53.3,912.8,54,29,54.1,False,4,1184.0,1
ag-01345,2026-02-20T14:45:00,C-438,lecture,central,lab,127.6,119,85,793.5,0.592,3.5,22.8,50.4,847.0,17,67,57.2,False,5,1180.7,1
ag-01346,2026-05-12T09:25:00,C-503,seminar,central,practice,67.9,54,42,361.8,0.397,18.3,23.1,70.7,756.9,41,61,54.1,True,1,950.3,0
ag-01347,2026-05-10T11:45:00,W-122,lecture,west,practice,93.5,75,71,513.9,0.211,12.2,24.2,64.7,1011.2,56,30,72.7,True,6,1233.8,1
ag-01348,2026-02-22T13:05:00,W-237,coworking,west,lecture,49.6,35,22,184.1,0.287,11.1,25.2,51.8,729.8,83,0,69.6,False,3,764.6,0
ag-01349,2026-02-09T15:35:00,W-433,seminar,west,lab,29.5,24,18,111.2,0.371,-1.8,27.2,53.0,544.5,62,42,55.4,False,3,581.8,0
ag-01350,2026-02-09T10:30:00,C-189,lecture,central,exam,180.1,126,110,672.4,0.346,2.7,24.5,49.0,1275.3,10,83,66.3,False,4,1805.5,1
ag-01351,2026-03-03T13:30:00,N-253,lecture,north,practice,106.6,82,23,419.3,0.321,-0.0,22.6,51.4,610.5,65,33,53.0,False,7,771.5,0
ag-01352,2026-05-19T09:20:00,N-398,seminar,north,practice,67.7,58,58,427.1,0.734,7.7,22.0,64.2,754.7,25,62,63.9,True,4,817.7,0
ag-01353,2026-03-27T11:45:00,C-187,lecture,central,none,80.7,64,29,578.8,0.435,0.7,23.6,42.1,734.9,90,0,53.1,False,5,760.7,0
ag-01354,2026-03-13T10:10:00,S-349,lecture,south,lecture,91.0,85,60,409.2,0.05,-2.4,25.0,55.4,941.9,60,21,56.7,False,1,1415.1,1
ag-01355,2026-03-13T11:30:00,W-496,seminar,west,lab,30.2,25,19,242.2,0.516,-5.5,23.6,58.4,498.1,38,39,55.0,False,7,655.5,0
ag-01356,2026-03-19T11:35:00,W-289,lecture,west,exam,108.1,97,86,786.0,0.584,10.6,23.6,58.1,1073.0,75,23,72.0,True,3,1354.5,1
ag-01357,2026-03-21T18:45:00,N-557,lab,north,lab,17.8,19,13,114.6,0.467,12.6,25.4,53.1,547.1,56,22,57.4,False,2,606.9,0
ag-01358,2026-02-15T18:20:00,N-530,lecture,north,none,96.9,84,15,896.2,0.607,-5.4,22.8,41.6,587.7,61,18,44.2,True,5,658.3,0
ag-01359,2026-03-26T10:15:00,E-196,lecture,east,exam,143.5,116,106,642.4,0.425,4.4,25.2,49.0,975.6,36,45,56.9,False,3,1553.0,1
ag-01360,2026-04-04T09:40:00,C-317,coworking,central,lecture,26.4,21,17,152.1,0.352,8.8,23.1,65.6,661.6,90,0,53.3,False,5,731.5,0
ag-01361,2026-03-21T15:40:00,E-332,seminar,east,lab,77.0,54,50,272.2,0.313,10.5,25.3,62.1,806.8,70,5,65.5,False,6,1080.5,0
ag-01362,2026-04-27T14:05:00,C-160,lab,central,practice,44.3,33,19,220.7,0.52,9.4,25.0,66.1,517.7,26,67,57.3,False,6,587.4,0
ag-01363,2026-05-17T18:35:00,C-463,lab,central,practice,28.6,20,18,180.3,0.344,20.0,26.4,43.1,618.9,43,32,59.5,True,6,482.9,0
ag-01364,2026-04-10T11:25:00,E-445,lab,east,lab,39.8,44,28,321.7,0.787,8.7,24.6,64.3,480.2,62,35,62.4,True,2,598.0,0
ag-01365,2026-02-20T15:05:00,E-402,lecture,east,lecture,159.9,117,109,816.6,0.161,-4.5,24.4,61.0,1413.0,63,13,66.1,False,6,2138.6,1
ag-01366,2026-03-22T11:05:00,C-439,lab,central,practice,30.1,22,15,165.3,0.68,14.0,21.4,54.4,603.9,51,39,65.5,False,5,694.3,0
ag-01367,2026-05-16T13:40:00,N-456,lab,north,practice,54.7,38,32,376.8,1.0,16.3,24.9,57.4,520.5,24,63,65.0,True,5,644.7,0
ag-01368,2026-03-06T12:10:00,W-556,lecture,west,practice,123.3,97,62,423.2,0.12,1.7,22.9,48.6,821.0,50,43,49.0,True,1,1117.4,1
ag-01369,2026-04-16T13:35:00,E-394,coworking,east,practice,32.0,26,14,329.9,0.792,10.8,22.7,59.7,673.2,90,10,64.6,False,3,733.3,0
ag-01370,2026-04-28T15:40:00,E-327,seminar,east,practice,45.4,32,27,271.7,0.559,13.3,22.1,63.7,470.2,79,11,66.8,False,2,792.5,0
ag-01371,2026-02-21T10:45:00,C-353,coworking,central,practice,97.4,77,65,795.9,0.682,6.3,24.4,61.8,808.1,22,79,53.6,False,5,1004.3,0
ag-01372,2026-05-18T13:50:00,W-579,lecture,west,lab,87.6,64,47,480.2,0.274,24.5,25.8,67.9,711.3,11,78,53.7,True,3,764.5,0
ag-01373,2026-05-07T10:05:00,S-174,seminar,south,practice,49.5,46,46,538.1,0.584,17.9,24.6,65.0,761.5,55,30,73.3,True,7,912.6,0
ag-01374,2026-03-14T09:00:00,C-350,lab,central,lecture,16.5,18,17,147.3,1.0,4.3,24.2,60.1,592.2,48,53,68.5,False,2,841.0,0
ag-01375,2026-03-25T12:30:00,C-104,seminar,central,lecture,34.2,29,19,214.5,0.252,-0.4,24.2,56.1,549.5,31,59,57.2,True,5,659.6,0
ag-01376,2026-05-09T17:40:00,C-578,lecture,central,none,79.3,69,21,377.2,0.162,12.8,23.1,35.6,660.3,51,31,48.5,True,4,699.2,0
ag-01377,2026-03-08T12:30:00,S-358,seminar,south,practice,44.5,47,23,360.3,0.816,4.1,23.1,53.8,484.8,30,60,52.3,False,4,866.3,0
ag-01378,2026-04-07T13:20:00,E-265,lecture,east,lecture,102.2,101,62,693.0,0.583,9.3,20.8,37.2,774.0,59,40,47.3,False,1,1064.6,0
ag-01379,2026-04-29T10:20:00,N-540,seminar,north,practice,63.6,47,31,269.9,0.536,14.1,23.2,57.6,576.9,84,12,57.8,False,3,695.4,0
ag-01380,2026-03-16T17:20:00,E-192,lecture,east,lab,111.2,83,60,692.6,0.414,7.9,25.4,52.2,836.9,63,20,56.8,False,5,1113.2,1
ag-01381,2026-04-28T13:00:00,N-560,lab,north,none,23.6,26,1,332.7,0.913,18.5,22.7,46.4,380.0,57,29,35.9,False,5,456.6,0
ag-01382,2026-05-19T10:15:00,W-167,lab,west,lecture,46.7,41,43,623.4,0.912,18.2,23.5,70.1,640.7,42,30,59.0,True,5,745.8,0
ag-01383,2026-05-18T10:30:00,E-583,seminar,east,lecture,61.6,43,37,288.7,0.42,16.2,23.3,49.1,723.1,59,23,74.7,True,7,803.3,0
ag-01384,2026-02-14T15:55:00,S-442,seminar,south,lab,48.7,46,41,293.7,0.64,2.0,24.1,61.9,658.3,63,18,66.8,False,3,877.2,0
ag-01385,2026-03-03T15:30:00,N-292,seminar,north,exam,74.3,54,52,402.5,0.776,-2.1,24.8,50.5,889.0,44,28,63.7,False,5,1134.5,1
ag-01386,2026-03-25T18:05:00,E-402,lab,east,practice,55.8,42,28,439.8,0.782,6.5,25.5,47.1,457.1,32,71,57.0,False,2,578.2,0
ag-01387,2026-03-09T18:50:00,S-168,seminar,south,none,40.7,34,6,400.0,0.803,3.1,21.8,54.2,462.2,71,17,46.1,False,6,364.1,0
ag-01388,2026-03-02T10:55:00,S-146,seminar,south,lecture,52.4,40,36,263.2,0.657,0.3,25.3,63.8,729.9,47,37,66.0,False,5,916.5,0
ag-01389,2026-03-28T14:15:00,C-245,lecture,central,exam,108.6,75,77,769.0,0.673,8.5,24.1,70.2,970.4,46,51,68.5,True,1,1286.3,1
ag-01390,2026-05-12T17:10:00,N-148,seminar,north,none,42.8,44,3,330.0,0.168,24.7,21.3,63.3,492.4,0,90,44.4,True,6,454.1,0
ag-01391,2026-03-25T11:45:00,N-452,lecture,north,lecture,119.8,121,131,992.8,0.764,8.5,24.4,66.2,1023.7,0,90,71.6,False,1,1376.4,1
ag-01392,2026-04-14T16:40:00,S-340,lab,south,lab,57.4,40,25,449.8,0.585,0.6,25.2,65.4,557.7,25,65,63.6,False,2,535.5,0
ag-01393,2026-04-14T15:40:00,S-499,seminar,south,lab,29.3,27,20,247.8,0.481,19.0,22.9,65.0,641.7,12,77,58.1,False,3,810.4,0
ag-01394,2026-04-22T18:25:00,N-516,seminar,north,none,76.1,60,23,502.6,0.354,15.0,19.3,57.0,434.3,45,47,57.7,False,5,541.2,0
ag-01395,2026-02-28T17:05:00,C-418,lecture,central,lab,115.7,108,79,536.8,0.151,4.1,21.2,41.2,1005.1,19,60,54.6,False,7,1336.2,1
ag-01396,2026-03-04T12:15:00,E-343,coworking,east,lecture,48.2,46,21,268.7,0.138,0.1,21.0,56.7,599.8,35,58,54.3,False,3,685.2,0
ag-01397,2026-03-10T08:05:00,S-489,lecture,south,lecture,161.3,128,72,886.0,0.17,5.2,21.5,60.5,1032.8,82,12,51.6,False,4,1397.0,1
ag-01398,2026-04-29T16:45:00,N-540,seminar,north,lab,66.8,53,43,269.3,0.213,22.3,23.9,75.3,787.3,12,87,63.6,False,7,1048.9,0
ag-01399,2026-03-23T13:40:00,N-350,lecture,north,practice,153.6,124,77,747.2,0.622,3.0,24.7,60.3,860.0,28,66,56.8,False,1,1159.8,1
ag-01400,2026-02-24T18:15:00,W-186,lecture,west,practice,79.2,77,51,696.2,0.395,-4.7,24.2,49.9,933.7,52,32,61.2,False,5,1255.5,1
ag-01401,2026-05-12T08:05:00,S-293,seminar,south,practice,44.3,39,28,276.7,0.318,21.5,23.7,52.9,662.2,31,59,55.6,True,5,878.8,0
ag-01402,2026-03-24T13:55:00,N-462,lecture,north,practice,78.5,70,26,544.3,0.3,13.9,22.0,51.3,510.6,0,86,56.4,False,4,544.6,0
ag-01403,2026-02-16T17:20:00,N-402,seminar,north,practice,55.0,41,28,288.3,0.454,5.7,23.6,54.6,693.2,49,29,60.6,False,4,798.1,0
ag-01404,2026-04-23T09:35:00,E-503,lecture,east,practice,62.3,58,33,472.2,0.784,19.7,21.6,56.3,711.1,71,15,56.5,False,6,867.6,0
ag-01405,2026-03-28T14:45:00,E-457,coworking,east,practice,91.3,63,50,244.1,0.198,12.9,24.5,73.5,700.4,59,19,57.9,False,6,929.7,0
ag-01406,2026-03-30T13:05:00,W-490,lecture,west,exam,153.5,112,56,1170.9,0.688,5.4,23.9,43.4,802.6,50,34,52.3,False,1,1096.8,0
ag-01407,2026-04-19T08:00:00,S-277,seminar,south,practice,44.9,47,30,235.4,0.233,5.2,24.2,47.0,706.6,62,7,64.6,False,5,767.1,0
ag-01408,2026-04-18T08:55:00,W-168,lab,west,lecture,45.8,36,38,219.7,0.451,18.0,24.5,62.1,831.3,62,28,70.2,False,6,881.7,0
ag-01409,2026-02-16T08:35:00,N-199,lecture,north,none,165.9,127,54,795.3,0.497,10.8,24.1,57.2,777.8,40,53,49.1,False,6,1042.2,0
ag-01410,2026-04-11T15:40:00,S-276,lab,south,lab,39.0,43,21,359.3,0.636,7.7,25.0,60.0,488.9,33,50,59.1,False,4,673.3,0
ag-01411,2026-02-11T15:30:00,W-237,lecture,west,none,124.4,91,23,421.0,0.132,-1.3,25.4,59.8,504.1,39,57,49.4,False,2,677.0,0
ag-01412,2026-03-18T11:10:00,E-571,coworking,east,lab,67.7,65,37,203.9,0.077,8.6,22.9,52.6,747.5,58,32,56.8,True,1,910.7,0
ag-01413,2026-04-03T13:30:00,N-109,lab,north,practice,34.8,35,19,176.1,0.428,13.2,23.4,49.8,567.3,48,49,60.5,False,1,709.8,0
ag-01414,2026-04-03T08:00:00,S-244,lab,south,lab,39.7,44,28,320.1,0.398,4.7,25.4,62.9,557.5,17,77,54.9,False,1,703.5,0
ag-01415,2026-05-02T08:25:00,C-128,lab,central,practice,46.3,42,37,367.3,0.383,15.4,23.5,57.7,716.5,49,36,61.0,True,6,852.0,0
ag-01416,2026-04-07T16:35:00,E-217,seminar,east,practice,48.4,53,38,340.5,0.734,7.4,23.1,59.1,591.7,20,65,52.3,False,1,858.5,0
ag-01417,2026-04-20T11:30:00,W-147,lab,west,lab,43.6,40,28,450.8,0.677,2.3,24.9,46.8,477.1,16,82,62.2,False,5,549.0,0
ag-01418,2026-04-02T16:20:00,S-427,lab,south,none,20.9,20,2,158.1,0.464,17.3,21.6,63.7,380.0,42,43,57.0,False,6,449.6,0
ag-01419,2026-04-04T15:15:00,W-590,seminar,west,exam,63.6,64,58,380.0,0.233,-2.3,24.4,51.3,694.7,38,57,63.4,False,7,915.6,0
ag-01420,2026-03-16T08:20:00,C-539,lab,central,practice,32.6,29,23,305.1,0.489,1.8,23.6,62.9,508.5,0,83,58.4,False,7,701.1,0
ag-01421,2026-05-03T10:00:00,W-298,lab,west,lecture,43.5,32,38,228.9,0.276,18.1,26.5,61.8,630.1,16,83,65.8,True,5,937.6,0
ag-01422,2026-05-13T14:45:00,E-482,seminar,east,practice,33.5,26,18,172.4,0.62,14.5,20.1,48.4,380.0,8,65,61.9,True,1,471.6,0
ag-01423,2026-04-04T12:55:00,E-167,seminar,east,lab,63.0,49,35,398.9,0.259,11.4,23.8,59.0,774.1,59,41,62.8,False,1,915.6,0
ag-01424,2026-02-13T18:55:00,W-446,lab,west,exam,35.5,38,32,340.7,0.374,-1.6,24.9,47.7,655.9,46,44,71.5,False,2,856.2,0
ag-01425,2026-03-05T13:25:00,W-264,seminar,west,exam,45.2,47,36,400.1,0.436,1.6,24.6,54.6,696.7,39,48,60.8,False,3,896.0,0
ag-01426,2026-02-26T08:20:00,W-496,lecture,west,none,142.6,114,5,633.9,0.278,-2.4,22.9,40.5,529.8,36,56,43.6,False,4,531.7,0
ag-01427,2026-05-07T12:20:00,C-199,coworking,central,lecture,64.2,46,44,418.0,0.41,13.2,24.3,58.0,806.4,58,39,56.2,True,5,968.4,0
ag-01428,2026-04-15T11:55:00,W-320,lecture,west,none,110.5,122,2,756.9,0.23,4.4,21.5,49.5,408.9,24,68,37.7,False,4,269.8,0
ag-01429,2026-02-25T16:25:00,E-319,lecture,east,practice,141.4,112,72,627.4,0.496,-0.7,21.3,61.7,861.9,33,46,61.8,False,2,1095.3,0
ag-01430,2026-03-17T18:10:00,S-572,coworking,south,lecture,40.8,37,19,312.8,0.665,2.5,22.0,59.0,387.3,22,59,54.0,False,5,407.7,0
ag-01431,2026-02-16T12:50:00,W-261,coworking,west,none,31.5,27,3,162.9,0.28,1.7,23.3,48.2,383.8,32,62,49.8,False,1,408.9,0
ag-01432,2026-03-18T10:55:00,E-533,seminar,east,lecture,37.1,26,22,201.6,0.711,2.5,24.1,45.8,480.4,53,37,69.3,False,5,634.2,0
ag-01433,2026-03-16T14:15:00,E-473,lab,east,lecture,37.1,41,19,287.0,0.738,8.7,19.8,44.1,728.6,87,3,54.0,False,5,713.0,0
ag-01434,2026-03-22T15:15:00,N-116,lab,north,none,34.0,37,4,441.2,0.749,3.9,22.0,52.6,466.1,44,61,49.2,False,5,539.8,0
ag-01435,2026-04-27T15:35:00,W-386,seminar,west,lecture,46.5,40,38,331.7,0.382,20.5,25.3,57.9,758.2,61,39,70.5,False,4,990.4,0
ag-01436,2026-04-10T14:20:00,S-585,lecture,south,lecture,86.2,91,56,841.7,0.437,8.7,25.2,69.7,754.3,20,70,62.0,False,4,1012.4,0
ag-01437,2026-04-26T13:45:00,W-179,lecture,west,exam,108.7,117,90,684.1,0.615,21.1,25.1,71.5,1158.6,42,59,67.0,False,3,1599.7,1
ag-01438,2026-04-28T12:05:00,N-127,lecture,north,lecture,108.4,118,94,1270.3,0.515,7.4,23.6,65.6,918.0,48,42,56.0,False,7,1150.1,1
ag-01439,2026-03-03T09:00:00,W-584,lab,west,exam,19.8,19,18,171.3,0.388,1.7,23.4,61.8,446.3,39,55,53.6,False,7,556.8,0
ag-01440,2026-02-12T14:05:00,S-244,lab,south,lecture,41.2,40,19,437.7,0.584,2.5,21.9,48.7,447.7,37,53,55.9,False,2,451.9,0
ag-01441,2026-03-29T09:20:00,S-138,lecture,south,none,143.9,108,28,1020.8,0.448,6.7,22.9,51.4,657.6,0,88,53.4,False,1,749.2,0
ag-01442,2026-02-17T15:15:00,C-160,lecture,central,lab,56.6,60,49,671.8,0.593,1.7,25.9,49.1,620.5,20,66,60.1,False,3,899.5,0
ag-01443,2026-05-03T08:00:00,N-295,lecture,north,lab,95.9,69,65,542.8,0.261,15.6,24.1,61.6,772.6,6,82,70.1,True,3,1014.2,0
ag-01444,2026-04-27T15:25:00,N-559,lab,north,practice,53.1,38,38,252.4,0.269,11.7,23.6,63.3,718.7,66,21,70.4,False,7,1030.3,0
ag-01445,2026-02-19T17:00:00,S-305,lecture,south,lecture,116.5,81,71,429.0,0.386,-7.2,22.2,64.6,898.6,21,52,56.1,False,3,1197.3,1
ag-01446,2026-04-20T18:30:00,N-443,lecture,north,lecture,136.6,102,68,568.6,0.178,18.6,24.0,64.7,1019.7,34,49,60.5,False,6,1154.4,1
ag-01447,2026-04-13T17:20:00,N-351,coworking,north,practice,94.3,70,54,696.6,0.439,18.9,21.5,52.0,751.6,27,70,61.1,False,7,1002.3,0
ag-01448,2026-02-19T18:45:00,E-226,lab,east,none,50.9,43,13,357.0,0.365,-0.8,25.0,49.2,459.1,27,51,47.1,False,2,498.1,0
ag-01449,2026-05-07T13:05:00,N-101,lab,north,none,21.7,20,5,149.9,0.488,16.3,23.7,43.8,501.9,50,37,45.6,True,3,601.5,0
ag-01450,2026-03-06T12:40:00,N-585,lecture,north,exam,140.3,120,53,680.9,0.261,9.0,24.1,47.3,667.5,61,24,51.6,False,4,810.4,0
ag-01451,2026-05-17T15:45:00,S-593,seminar,south,lecture,32.7,30,20,262.4,0.331,17.0,26.7,60.1,545.2,60,48,59.4,True,4,724.2,0
ag-01452,2026-04-09T16:15:00,W-262,lecture,west,lecture,98.0,100,94,824.5,0.375,10.0,22.8,58.5,1256.6,81,6,62.3,False,5,1672.0,1
ag-01453,2026-03-08T11:30:00,W-177,seminar,west,none,41.4,44,5,279.6,0.273,-4.0,23.2,55.8,591.5,75,0,48.5,False,2,662.3,0
ag-01454,2026-04-15T13:10:00,S-149,seminar,south,practice,45.8,37,22,284.2,0.565,8.1,21.4,50.5,472.3,17,68,47.9,True,6,479.2,0
ag-01455,2026-02-25T17:05:00,W-416,seminar,west,lecture,65.0,57,40,438.4,0.389,2.7,22.8,60.8,763.3,43,58,61.5,False,3,974.9,0
ag-01456,2026-03-12T10:30:00,S-470,lecture,south,lab,99.7,94,48,904.8,0.567,11.4,24.5,55.0,722.9,30,60,54.2,False,5,879.0,0
ag-01457,2026-05-12T08:20:00,S-201,lecture,south,lecture,104.3,87,61,936.5,0.676,27.6,22.6,56.4,882.5,32,47,52.6,True,1,1157.9,1
ag-01458,2026-03-26T16:55:00,W-233,lab,west,practice,33.6,25,20,252.7,0.442,9.3,25.6,51.3,514.0,0,86,61.1,False,4,609.7,0
ag-01459,2026-02-14T14:20:00,N-360,lab,north,lab,50.2,38,26,479.5,0.722,-0.9,26.0,65.3,597.1,38,48,61.9,False,1,719.9,0
ag-01460,2026-02-12T17:30:00,N-439,seminar,north,practice,27.6,28,21,214.2,0.528,2.7,23.7,46.7,563.7,34,55,60.9,False,6,639.2,0
ag-01461,2026-05-16T16:05:00,C-503,seminar,central,lab,41.5,46,22,520.4,0.56,18.5,24.1,61.7,571.3,33,74,55.6,True,2,551.7,0
ag-01462,2026-03-20T14:10:00,E-221,seminar,east,lab,67.3,57,47,430.7,0.403,4.2,25.1,55.7,661.6,11,77,60.5,False,2,914.8,0
ag-01463,2026-05-15T12:20:00,E-200,lab,east,lecture,37.2,35,17,183.0,0.428,21.5,25.4,44.4,475.6,13,79,55.8,True,7,494.9,0
ag-01464,2026-02-15T12:30:00,S-494,seminar,south,none,77.1,56,7,505.3,0.448,7.4,23.3,35.7,398.3,19,66,46.9,False,1,494.7,0
ag-01465,2026-04-30T17:00:00,S-351,seminar,south,lecture,46.6,50,46,456.9,0.337,11.1,27.7,59.8,723.8,62,17,58.9,True,7,945.4,0
ag-01466,2026-04-12T09:10:00,S-489,lecture,south,lab,148.0,106,91,524.5,0.195,5.5,26.2,63.2,1057.1,0,79,60.8,False,1,1598.7,1
ag-01467,2026-02-24T08:25:00,N-372,lecture,north,lab,97.7,108,92,835.1,0.403,-2.8,23.5,56.9,1181.8,79,0,74.3,False,3,1613.7,1
ag-01468,2026-05-02T16:30:00,N-284,seminar,north,lab,73.3,63,52,411.8,0.269,6.7,22.5,60.3,926.0,53,27,65.1,True,4,1220.6,1
ag-01469,2026-05-14T09:25:00,N-263,lecture,north,lecture,126.4,117,103,896.2,0.738,7.6,21.7,41.3,1163.1,20,75,61.7,True,1,1492.3,1
ag-01470,2026-04-28T13:00:00,C-397,seminar,central,none,55.7,39,2,426.5,0.5,14.3,21.7,55.0,429.3,43,48,51.5,False,2,454.0,0
ag-01471,2026-04-13T10:05:00,C-150,lab,central,lecture,47.8,37,29,276.2,0.501,15.9,24.2,50.1,822.9,66,8,43.7,True,4,897.5,0
ag-01472,2026-04-24T17:05:00,N-504,seminar,north,none,35.7,35,9,211.0,0.301,8.6,23.3,37.4,542.1,72,25,48.2,False,5,658.7,0
ag-01473,2026-03-09T08:45:00,N-469,seminar,north,practice,37.9,27,18,163.5,0.242,6.6,22.1,62.7,551.9,90,2,57.4,False,1,658.0,0
ag-01474,2026-04-17T17:05:00,N-515,seminar,north,lecture,55.0,41,31,297.2,0.508,17.4,23.1,50.9,590.7,36,54,53.1,False,6,688.9,0
ag-01475,2026-03-19T14:25:00,W-564,lab,west,lecture,50.2,42,39,244.8,0.434,4.3,23.6,63.9,574.7,9,76,59.8,False,7,701.5,0
ag-01476,2026-05-19T14:40:00,S-115,lecture,south,none,75.1,75,21,739.6,0.497,16.7,22.3,51.1,458.5,16,80,47.4,True,3,536.7,0
ag-01477,2026-05-11T15:30:00,N-403,lab,north,practice,54.3,39,29,244.4,0.538,15.4,23.8,58.7,716.6,51,38,73.1,True,2,938.0,0
ag-01478,2026-05-10T12:15:00,W-140,lab,west,none,38.0,41,1,395.3,0.418,9.6,21.0,63.9,380.0,7,71,46.9,True,6,289.5,0
ag-01479,2026-02-22T10:45:00,S-203,seminar,south,lecture,28.3,29,22,219.4,0.477,1.9,23.2,63.2,651.2,30,57,65.8,True,6,787.4,0
ag-01480,2026-05-01T10:30:00,W-408,seminar,west,exam,53.5,42,33,162.5,0.179,7.7,23.4,64.8,660.4,84,3,57.0,True,3,833.6,0
ag-01481,2026-05-11T11:15:00,W-429,seminar,west,lab,65.4,53,28,453.6,0.294,12.4,22.7,70.6,643.9,58,33,55.8,True,6,781.4,0
ag-01482,2026-04-26T12:55:00,N-167,lab,north,lecture,28.6,31,20,265.5,0.536,6.1,25.6,66.5,545.9,80,9,53.8,False,5,654.6,0
ag-01483,2026-04-17T08:05:00,S-357,seminar,south,lecture,23.3,23,13,106.3,0.319,6.1,19.4,56.0,593.9,59,29,59.1,False,7,663.8,0
ag-01484,2026-05-05T09:30:00,W-108,seminar,west,lecture,45.4,35,30,310.2,0.45,9.1,23.0,59.4,616.2,1,81,66.9,True,1,719.6,0
ag-01485,2026-04-27T08:30:00,S-377,lecture,south,practice,88.5,73,33,325.8,0.272,13.3,22.4,56.9,636.3,28,47,46.4,False,1,744.0,0
ag-01486,2026-04-20T10:10:00,C-299,lecture,central,lab,105.1,75,53,561.2,0.189,22.7,23.3,64.5,751.3,44,42,57.7,False,1,1011.4,0
ag-01487,2026-03-24T12:35:00,N-510,coworking,north,practice,36.5,31,20,210.8,0.368,10.1,23.5,55.1,498.1,0,75,59.8,False,3,645.7,0
ag-01488,2026-04-06T12:20:00,W-112,lecture,west,lecture,97.9,71,28,561.1,0.243,9.4,22.6,52.3,604.3,74,0,58.4,False,3,728.3,0
ag-01489,2026-05-14T12:40:00,W-384,seminar,west,practice,55.6,42,24,387.1,0.396,12.2,24.7,49.5,615.4,70,21,49.2,True,1,772.7,0
ag-01490,2026-04-17T18:50:00,E-410,coworking,east,lecture,37.7,31,29,220.7,0.216,19.4,25.3,55.6,722.4,62,14,62.5,True,1,896.4,0
ag-01491,2026-04-28T12:35:00,W-514,lecture,west,lecture,105.1,109,63,579.3,0.138,10.5,25.6,59.3,979.9,26,62,53.5,True,6,1333.6,1
ag-01492,2026-02-22T16:00:00,E-317,seminar,east,lab,77.2,63,51,364.0,0.343,7.4,24.0,66.7,718.6,0,90,62.6,False,6,1012.1,0
ag-01493,2026-04-05T18:05:00,W-331,seminar,west,lecture,59.1,42,39,341.8,0.308,9.0,25.9,55.4,768.3,67,14,66.5,False,6,952.9,0
ag-01494,2026-05-02T18:20:00,E-166,coworking,east,lecture,26.2,25,18,197.8,0.415,15.6,24.5,59.3,459.5,0,82,63.6,True,3,398.9,0
ag-01495,2026-03-05T13:05:00,S-267,lab,south,practice,24.4,21,14,183.2,0.511,7.4,23.3,52.8,494.0,26,65,52.3,False,2,613.2,0
ag-01496,2026-04-22T08:35:00,W-448,seminar,west,lecture,43.9,44,36,288.7,0.343,16.6,25.5,67.8,691.6,68,11,57.6,False,4,854.3,0
ag-01497,2026-04-14T13:55:00,W-583,lab,west,lecture,20.7,19,13,200.8,0.53,-0.7,22.6,46.3,380.0,24,77,55.0,False,3,325.2,0
ag-01498,2026-04-21T14:30:00,E-559,lab,east,lecture,47.4,44,47,421.2,0.684,12.1,25.1,59.1,777.8,28,66,71.3,False,6,961.3,0
ag-01499,2026-05-12T17:55:00,S-544,lecture,south,exam,94.4,72,64,685.5,0.375,14.3,25.0,53.4,900.0,90,0,60.0,True,1,1121.1,1
ag-01500,2026-02-26T12:10:00,N-589,lecture,north,lecture,68.9,76,75,458.4,0.231,1.2,23.7,79.5,989.9,23,76,71.4,True,2,1258.4,1
ag-01501,2026-04-02T15:40:00,W-406,lecture,west,lecture,129.8,97,51,703.3,0.258,13.0,22.9,47.7,908.4,63,30,54.0,False,7,1049.6,0
ag-01502,2026-04-27T13:45:00,C-115,lab,central,practice,43.1,30,16,286.4,0.767,18.0,22.1,33.9,400.4,46,42,62.1,False,6,589.8,0
ag-01503,2026-02-16T11:55:00,W-454,seminar,west,lab,19.9,22,15,235.2,0.704,1.6,25.0,69.7,380.0,9,81,57.7,False,3,456.1,0
ag-01504,2026-02-19T15:10:00,E-357,lecture,east,lab,68.4,60,44,469.3,0.242,2.8,25.3,57.1,763.1,68,21,60.3,False,7,1004.2,0
ag-01505,2026-05-11T10:30:00,W-568,lecture,west,lab,130.4,113,119,1090.5,0.661,19.0,24.2,62.0,992.2,57,40,74.1,True,2,1425.8,1
ag-01506,2026-05-19T10:40:00,S-485,lecture,south,exam,86.1,80,94,734.6,0.793,11.0,24.7,81.3,1137.3,47,42,74.9,True,5,1461.5,1
ag-01507,2026-04-25T17:30:00,C-246,lab,central,none,34.5,37,11,365.0,0.496,5.8,24.1,55.0,549.3,77,25,47.5,False,2,583.0,0
ag-01508,2026-03-25T10:10:00,S-136,seminar,south,practice,60.1,55,43,247.8,0.192,15.7,23.6,68.2,690.0,49,30,60.2,True,1,858.2,0
ag-01509,2026-03-22T11:40:00,S-234,seminar,south,lecture,76.9,59,45,295.9,0.266,5.0,24.5,78.9,889.4,60,40,63.1,True,4,1050.5,0
ag-01510,2026-05-05T10:55:00,S-102,seminar,south,lecture,34.4,33,24,219.1,0.396,8.8,22.7,52.0,595.6,49,36,58.7,True,4,747.1,0
ag-01511,2026-05-04T08:45:00,S-271,lab,south,lab,43.4,39,36,269.9,0.374,17.1,22.0,69.6,590.7,24,72,65.8,True,4,687.2,0
ag-01512,2026-04-07T16:30:00,W-428,coworking,west,practice,96.9,68,36,689.6,0.569,5.1,21.7,45.6,745.1,66,28,53.9,False,4,948.8,0
ag-01513,2026-03-27T13:10:00,E-292,lecture,east,lecture,117.6,86,64,538.4,0.503,0.9,21.9,53.0,997.4,29,60,60.1,False,2,1394.8,1
ag-01514,2026-05-02T12:40:00,N-495,lab,north,practice,36.6,38,43,300.4,0.759,12.9,25.8,51.9,627.5,25,68,79.1,True,3,821.6,0
ag-01515,2026-03-05T15:20:00,S-125,lecture,south,lecture,122.8,113,76,769.6,0.298,4.4,21.7,65.1,903.0,35,45,52.5,False,4,1203.6,1
ag-01516,2026-04-28T18:05:00,S-220,coworking,south,none,82.8,68,27,622.9,0.522,14.0,21.4,56.8,578.0,37,56,57.0,False,5,709.6,0
ag-01517,2026-05-09T18:05:00,N-325,seminar,north,exam,75.6,59,59,528.8,0.757,12.5,23.6,58.1,634.0,21,63,74.7,True,7,827.6,0
ag-01518,2026-04-29T12:50:00,E-241,lecture,east,lab,88.9,68,47,420.7,0.05,13.8,25.6,51.4,735.3,35,43,58.3,True,1,963.1,0
ag-01519,2026-05-08T12:25:00,C-450,lab,central,practice,38.7,27,16,363.7,0.761,14.8,23.5,59.5,496.5,29,70,51.1,True,2,588.0,0
ag-01520,2026-03-02T13:55:00,N-230,seminar,north,practice,62.4,63,25,344.2,0.541,-0.2,22.7,50.2,512.5,43,34,46.7,False,3,653.2,0
ag-01521,2026-03-06T17:45:00,W-557,lab,west,lab,41.9,44,30,423.6,0.61,9.2,24.2,65.3,556.0,25,51,67.7,False,5,699.5,0
ag-01522,2026-05-10T12:40:00,C-204,lecture,central,lecture,87.1,63,43,336.1,0.29,16.5,23.5,49.9,661.2,25,70,64.8,True,3,932.8,0
ag-01523,2026-03-16T08:40:00,S-512,lab,south,lab,24.8,20,15,245.2,0.689,1.4,30.7,63.8,585.5,77,11,62.8,False,1,527.4,0
ag-01524,2026-04-08T14:20:00,E-218,coworking,east,lecture,82.2,66,61,509.4,0.587,0.3,27.1,61.3,833.0,56,11,72.0,False,4,1049.0,1
ag-01525,2026-04-22T15:30:00,C-229,lecture,central,none,85.1,94,33,807.1,0.492,7.7,25.0,51.1,499.7,0,89,40.6,False,3,593.6,0
ag-01526,2026-02-18T17:50:00,W-189,seminar,west,none,20.7,22,9,161.9,0.518,3.0,24.3,48.6,594.9,74,12,53.2,False,6,632.5,0
ag-01527,2026-02-14T14:30:00,S-148,coworking,south,practice,77.9,69,47,431.7,0.636,2.8,24.2,59.5,683.0,36,61,50.4,False,1,903.5,0
ag-01528,2026-05-12T18:40:00,S-124,seminar,south,lecture,47.1,49,38,309.5,0.428,6.9,24.1,58.8,756.8,74,14,60.1,True,3,974.0,0
ag-01529,2026-03-16T08:35:00,C-529,seminar,central,none,83.8,64,15,770.3,0.96,6.6,24.0,55.9,382.7,0,90,46.3,False,4,512.0,0
ag-01530,2026-05-07T18:30:00,E-232,lab,east,lecture,37.8,35,38,344.6,0.656,18.4,23.6,60.7,578.3,39,59,68.7,True,7,795.7,0
ag-01531,2026-05-03T10:00:00,C-579,lecture,central,exam,83.3,80,94,484.0,0.39,19.0,24.1,76.4,1014.7,85,7,66.2,True,6,1395.3,1
ag-01532,2026-03-24T18:05:00,C-341,seminar,central,lecture,60.3,63,41,342.4,0.204,1.8,22.5,51.4,799.8,51,27,54.8,False,6,923.8,0
ag-01533,2026-04-03T16:30:00,E-555,lecture,east,lecture,88.1,68,47,555.4,0.253,6.8,21.1,59.6,789.8,27,54,57.3,False,6,915.1,0
ag-01534,2026-04-22T12:20:00,S-384,seminar,south,lecture,28.9,25,16,167.8,0.173,12.0,23.5,61.3,511.2,21,72,61.0,False,5,474.6,0
ag-01535,2026-04-22T15:30:00,W-204,coworking,west,practice,73.6,75,37,427.9,0.435,13.0,20.4,54.2,714.2,57,47,59.9,False,4,830.9,0
ag-01536,2026-03-26T10:30:00,E-584,lab,east,exam,42.0,36,31,186.6,0.341,1.3,25.3,57.0,742.7,76,8,69.2,False,3,845.7,0
ag-01537,2026-05-07T10:45:00,W-110,lecture,west,none,104.3,108,40,412.4,0.05,13.7,23.9,36.0,725.6,0,88,53.6,True,5,908.7,0
ag-01538,2026-04-20T09:55:00,C-111,coworking,central,practice,41.2,45,12,539.0,0.606,8.5,21.8,42.0,549.3,71,30,55.7,False,6,613.2,0
ag-01539,2026-04-04T08:10:00,N-471,lecture,north,lab,102.2,87,42,850.6,0.459,12.2,20.9,52.2,614.1,19,63,54.6,False,1,851.4,0
ag-01540,2026-02-14T08:10:00,E-244,seminar,east,practice,23.6,26,13,300.4,0.682,0.6,22.2,51.2,567.6,74,24,56.1,False,4,548.6,0
ag-01541,2026-02-26T08:45:00,W-499,seminar,west,practice,49.7,45,31,475.6,0.566,2.6,20.7,66.1,601.5,48,48,51.2,False,5,718.0,0
ag-01542,2026-03-21T09:55:00,N-570,seminar,north,practice,50.0,38,30,329.1,0.285,8.5,24.4,58.5,549.3,28,60,65.6,False,7,636.8,0
ag-01543,2026-03-31T15:50:00,N-254,seminar,north,exam,28.4,22,22,153.2,0.317,-8.1,23.8,51.3,641.9,76,5,73.2,False,5,728.1,0
ag-01544,2026-03-11T17:05:00,N-190,lab,north,lecture,26.1,24,15,201.2,0.32,7.8,24.0,60.0,467.0,4,82,51.8,False,5,475.0,0
ag-01545,2026-04-16T13:25:00,E-249,coworking,east,exam,71.9,63,56,362.4,0.166,10.6,24.2,57.8,834.4,60,25,67.9,False,2,1077.8,0
ag-01546,2026-02-27T10:05:00,W-560,lab,west,lab,29.4,22,15,229.3,0.83,0.7,25.3,52.3,446.3,32,58,63.3,False,1,440.7,0
ag-01547,2026-02-14T16:25:00,N-542,lab,north,lecture,35.8,36,36,511.0,0.854,4.8,24.3,55.8,701.7,90,0,70.7,True,5,876.6,0
ag-01548,2026-04-20T10:30:00,C-310,seminar,central,lecture,54.0,54,50,377.1,0.432,14.4,25.2,69.1,817.0,44,43,65.7,False,5,968.3,0
ag-01549,2026-05-09T14:55:00,E-200,lab,east,lecture,43.5,31,32,185.4,0.231,8.5,24.6,67.6,717.0,55,34,70.7,True,3,892.2,0
ag-01550,2026-04-23T10:20:00,W-319,lecture,west,none,138.2,122,51,792.6,0.084,20.4,23.1,48.2,852.0,72,23,51.0,False,5,1092.7,0
ag-01551,2026-02-17T13:05:00,C-309,lecture,central,exam,105.8,109,106,650.0,0.107,0.2,25.4,61.5,1174.7,48,46,69.8,False,1,1594.9,1
ag-01552,2026-02-19T18:15:00,N-377,lecture,north,exam,113.7,111,71,447.8,0.253,-0.9,26.8,53.5,823.6,35,58,56.2,False,7,1048.7,0
ag-01553,2026-04-09T12:45:00,S-372,lecture,south,practice,118.9,106,64,1377.8,0.757,6.6,24.4,67.5,775.4,46,35,64.6,False,6,1052.4,0
ag-01554,2026-03-12T10:15:00,E-318,coworking,east,lecture,50.6,35,19,285.1,0.272,7.9,23.2,37.4,627.2,44,60,57.7,False,6,734.9,0
ag-01555,2026-05-05T14:45:00,E-414,lecture,east,lecture,146.9,102,98,1333.7,0.74,20.2,25.5,50.1,1160.9,29,66,64.7,True,6,1531.9,1
ag-01556,2026-03-24T09:20:00,E-201,lab,east,lecture,22.9,18,17,167.9,0.669,8.3,25.9,72.4,676.1,70,26,76.3,False,5,804.2,0
ag-01557,2026-03-06T09:25:00,W-541,lab,west,lab,47.1,43,44,335.0,0.633,5.2,19.5,55.7,603.0,60,22,69.1,False,7,752.0,0
ag-01558,2026-03-03T08:15:00,E-194,seminar,east,none,35.6,39,9,266.4,0.384,2.7,22.9,52.5,483.8,36,47,50.2,False,1,652.4,0
ag-01559,2026-03-07T12:35:00,E-468,lab,east,practice,46.8,42,30,289.3,0.306,-1.7,23.3,60.6,735.6,40,40,63.3,False,2,1058.7,0
ag-01560,2026-03-30T12:25:00,W-145,lab,west,none,39.5,30,4,249.7,0.694,7.2,19.7,43.8,390.4,16,63,52.0,False,6,415.2,0
ag-01561,2026-03-25T08:35:00,S-330,seminar,south,none,62.1,51,18,576.0,0.54,8.5,23.7,40.0,411.1,58,32,58.0,False,3,489.9,0
ag-01562,2026-03-22T12:00:00,S-356,lecture,south,none,149.1,104,2,890.2,0.339,2.3,24.2,47.7,439.9,79,23,39.7,False,5,507.5,0
ag-01563,2026-04-10T12:50:00,C-324,lecture,central,lecture,80.9,57,60,479.5,0.381,9.8,23.4,56.8,802.2,36,51,64.4,False,4,1135.1,1
ag-01564,2026-03-14T13:15:00,W-567,lecture,west,lecture,133.1,94,69,787.3,0.312,12.9,23.6,56.1,897.4,65,27,59.4,False,2,1112.9,1
ag-01565,2026-04-18T17:25:00,E-392,coworking,east,lab,63.7,63,36,402.1,0.353,3.3,24.6,64.0,779.4,90,0,40.5,False,1,909.4,0
ag-01566,2026-03-30T16:35:00,C-522,lecture,central,lecture,148.3,115,82,613.1,0.415,12.0,25.6,50.1,833.4,46,34,60.8,False,7,1149.0,1
ag-01567,2026-03-28T13:40:00,E-470,lecture,east,lecture,116.1,81,54,289.8,0.161,10.0,21.9,64.6,778.1,9,90,62.2,False,3,1054.9,0
ag-01568,2026-04-29T10:25:00,C-546,coworking,central,lecture,33.2,24,20,179.1,0.215,20.4,21.9,56.9,535.9,12,72,73.4,False,7,633.7,0
ag-01569,2026-04-12T16:25:00,N-284,lecture,north,none,118.8,95,21,800.1,0.345,10.5,22.1,63.9,514.3,2,88,49.6,False,1,571.8,0
ag-01570,2026-04-25T13:45:00,S-167,seminar,south,practice,46.8,42,19,416.5,0.419,11.8,21.7,63.3,489.3,0,90,54.9,False,7,460.2,0
ag-01571,2026-03-06T14:25:00,N-215,lab,north,lab,34.2,31,24,338.0,0.678,7.7,21.7,59.9,625.0,28,55,57.9,False,2,662.9,0
ag-01572,2026-04-26T18:10:00,W-531,coworking,west,practice,66.2,57,26,443.4,0.455,9.2,21.7,53.7,685.2,83,8,53.6,False,4,841.6,0
ag-01573,2026-03-25T18:55:00,W-483,lecture,west,exam,110.1,98,81,705.2,0.358,-0.9,25.1,53.2,1066.0,54,24,63.2,False,7,1236.9,1
ag-01574,2026-03-09T08:10:00,C-541,lecture,central,lecture,96.1,90,54,902.3,0.462,6.4,23.9,67.1,830.3,42,49,63.4,False,1,1056.8,0
ag-01575,2026-03-14T08:25:00,W-256,lecture,west,lecture,90.1,88,66,734.9,0.71,5.3,21.6,48.5,813.7,45,46,60.4,False,5,1116.9,1
ag-01576,2026-04-26T09:40:00,W-197,lecture,west,lab,90.4,72,41,629.2,0.341,14.1,24.6,59.8,850.6,51,39,54.5,False,3,989.7,0
ag-01577,2026-05-04T17:05:00,W-570,seminar,west,lecture,23.9,22,23,152.5,0.672,19.8,25.7,59.3,631.6,78,16,68.3,True,7,722.8,0
ag-01578,2026-02-19T09:35:00,E-464,lecture,east,lecture,70.0,69,59,411.0,0.421,9.5,22.5,55.0,817.8,60,38,63.3,False,4,1137.7,1
ag-01579,2026-03-11T12:50:00,N-389,lab,north,lab,48.0,44,34,274.7,0.561,-1.3,23.6,50.3,574.1,20,68,68.0,False,3,770.5,0
ag-01580,2026-03-16T08:35:00,N-567,seminar,north,practice,47.3,49,33,337.8,0.497,2.3,19.2,68.3,749.1,86,9,54.2,False,2,932.7,0
ag-01581,2026-04-18T15:25:00,N-166,lecture,north,lecture,100.8,85,77,637.3,0.503,16.9,24.2,59.1,811.6,80,6,61.4,False,6,931.6,0
ag-01582,2026-05-12T14:30:00,S-503,coworking,south,lecture,75.0,72,48,749.5,0.839,14.9,23.0,62.9,723.2,68,22,57.2,True,2,1052.3,0
ag-01583,2026-05-07T10:00:00,N-119,lecture,north,lecture,75.8,84,77,607.8,0.525,17.1,24.6,48.6,886.2,50,39,66.7,True,4,1367.9,1
ag-01584,2026-04-19T14:55:00,C-216,coworking,central,lecture,50.8,41,27,395.8,0.664,12.8,25.9,62.2,428.5,11,90,57.8,True,6,465.3,0
ag-01585,2026-03-26T10:35:00,W-584,lecture,west,practice,93.0,93,83,808.5,0.698,13.8,25.3,76.5,952.6,20,62,66.2,False,7,1338.1,1
ag-01586,2026-02-28T13:30:00,C-414,seminar,central,lecture,24.5,24,15,165.0,0.217,7.8,23.3,53.6,611.2,34,64,54.3,False,2,723.9,0
ag-01587,2026-05-08T13:15:00,C-187,lecture,central,practice,84.4,75,57,600.2,0.316,16.0,23.0,69.4,824.7,42,59,67.6,True,7,996.0,0
ag-01588,2026-03-23T13:35:00,C-362,lecture,central,lab,92.8,86,60,831.8,0.436,13.1,24.4,61.1,913.0,32,55,61.6,False,1,1223.8,1
ag-01589,2026-03-14T11:40:00,C-141,lecture,central,none,100.7,96,20,501.2,0.232,0.6,22.8,59.9,606.3,50,43,49.7,True,6,838.3,0
ag-01590,2026-04-02T10:20:00,N-260,lab,north,lecture,28.2,25,28,246.1,0.59,2.8,25.6,64.2,475.7,27,56,78.8,True,4,535.5,0
ag-01591,2026-03-06T16:45:00,W-104,seminar,west,none,32.2,25,6,172.5,0.435,2.7,22.2,46.8,538.8,80,12,40.8,False,4,677.4,0
ag-01592,2026-03-01T12:10:00,W-472,lab,west,lecture,36.0,26,22,167.4,0.419,0.8,24.5,57.8,520.1,33,68,62.9,False,5,669.4,0
ag-01593,2026-04-15T10:45:00,S-522,lecture,south,lecture,101.5,71,39,349.8,0.267,7.9,24.0,60.0,715.5,9,76,46.2,False,4,729.6,0
ag-01594,2026-05-04T15:15:00,N-247,seminar,north,exam,70.7,56,62,299.8,0.151,18.0,25.4,62.3,759.9,20,67,73.1,True,6,1034.8,0
ag-01595,2026-03-08T09:45:00,E-319,lab,east,practice,34.2,36,30,292.6,0.566,7.1,25.3,43.9,537.0,20,69,64.6,False,6,735.0,0
ag-01596,2026-04-11T15:30:00,C-577,lab,central,exam,34.1,25,20,225.8,0.855,8.5,23.7,52.5,488.3,37,38,49.7,False,6,596.3,0
ag-01597,2026-05-04T09:40:00,S-211,lecture,south,lecture,72.9,72,55,530.8,0.39,16.5,24.6,69.3,774.1,41,51,58.7,True,1,1056.9,0
ag-01598,2026-05-11T12:50:00,N-223,lecture,north,practice,97.4,88,43,870.0,0.737,14.4,23.8,50.3,900.1,78,22,58.7,True,3,1029.6,0
ag-01599,2026-04-24T13:30:00,C-198,lecture,central,none,151.4,120,2,990.4,0.272,11.7,21.0,39.0,413.0,12,90,41.5,True,7,453.6,0
ag-01600,2026-05-18T13:05:00,S-562,coworking,south,lecture,66.7,70,44,558.6,0.581,13.3,25.9,52.0,814.2,15,73,61.9,True,3,973.6,0
ag-01601,2026-03-13T11:25:00,N-501,lecture,north,practice,79.8,75,46,421.5,0.193,7.4,25.8,48.1,854.0,8,70,60.3,False,1,973.2,0
ag-01602,2026-04-20T15:45:00,E-191,seminar,east,exam,57.9,57,67,696.9,0.761,16.5,27.8,71.6,996.3,51,48,74.2,False,7,1306.8,1
ag-01603,2026-02-19T08:20:00,W-181,lecture,west,none,85.2,65,1,558.6,0.538,2.5,22.5,40.7,401.4,68,14,45.6,False,4,236.0,0
ag-01604,2026-04-23T17:30:00,N-423,seminar,north,practice,41.3,39,36,272.8,0.277,12.3,22.2,52.3,763.6,47,38,62.3,False,7,894.8,0
ag-01605,2026-03-03T10:55:00,N-406,seminar,north,lecture,50.8,45,37,269.6,0.545,10.3,25.4,64.1,694.3,39,59,64.6,False,6,839.0,0
ag-01606,2026-05-13T10:55:00,S-125,lab,south,lecture,51.8,41,38,444.9,0.584,20.9,23.1,55.1,632.2,43,52,67.0,True,6,766.7,0
ag-01607,2026-03-06T16:20:00,W-298,lab,west,lab,34.7,26,19,233.8,0.457,-5.0,24.9,61.5,550.8,46,34,55.9,False,4,769.2,0
ag-01608,2026-02-28T11:20:00,W-109,seminar,west,lecture,25.0,24,19,258.9,0.532,8.3,24.7,56.8,643.8,49,54,58.3,False,1,669.1,0
ag-01609,2026-02-09T11:15:00,E-400,seminar,east,lab,35.4,31,20,360.9,0.899,-0.9,26.4,58.1,433.0,69,23,63.9,False,4,563.3,0
ag-01610,2026-04-18T13:30:00,E-455,seminar,east,practice,43.4,44,26,428.0,0.455,16.6,20.3,57.7,526.6,38,35,50.4,False,1,545.7,0
ag-01611,2026-05-02T17:00:00,C-355,lecture,central,exam,78.8,79,63,837.3,0.556,13.5,23.0,53.9,703.5,29,65,63.2,True,7,962.3,0
ag-01612,2026-02-27T11:20:00,W-175,lab,west,exam,18.6,18,20,163.1,0.514,-2.3,22.5,52.5,600.6,90,0,69.0,False,1,647.4,0
ag-01613,2026-02-20T12:35:00,W-427,lab,west,exam,46.7,37,32,254.4,0.404,5.4,24.0,55.1,780.8,65,40,64.4,False,3,985.9,0
ag-01614,2026-03-17T18:50:00,S-354,seminar,south,none,40.7,41,7,335.3,0.754,3.2,23.0,44.0,442.1,28,64,54.1,False,2,588.8,0
ag-01615,2026-05-05T14:55:00,N-162,seminar,north,practice,67.6,57,46,576.2,0.541,12.1,24.5,55.4,723.6,38,40,61.8,True,2,1028.8,0
ag-01616,2026-04-01T16:30:00,E-159,seminar,east,lecture,31.9,25,20,270.8,0.686,12.9,25.1,59.2,505.1,45,42,61.0,False,3,540.6,0
ag-01617,2026-05-11T08:45:00,E-127,lecture,east,practice,111.3,83,67,623.4,0.44,16.7,22.7,57.4,921.8,35,56,63.6,True,2,1385.6,1
ag-01618,2026-04-18T13:40:00,W-234,seminar,west,lab,35.4,39,30,223.7,0.33,4.5,23.6,58.8,686.1,42,58,66.5,False,2,878.0,0
ag-01619,2026-02-17T13:15:00,N-384,seminar,north,none,38.1,35,11,220.0,0.057,8.5,24.2,48.6,592.0,57,19,52.6,False,1,758.3,0
ag-01620,2026-04-15T09:10:00,W-187,lecture,west,lab,104.7,78,42,623.6,0.289,11.3,24.7,54.1,833.7,71,24,47.2,False,6,993.6,0
ag-01621,2026-04-27T08:15:00,E-241,seminar,east,lecture,35.5,29,22,124.8,0.114,14.4,25.9,55.5,738.6,58,44,53.8,False,2,979.4,0
ag-01622,2026-03-01T15:45:00,C-121,seminar,central,lecture,56.5,59,65,450.2,0.256,8.9,26.0,67.2,903.4,41,41,71.9,False,7,1126.1,1
ag-01623,2026-04-28T16:10:00,S-481,seminar,south,lecture,41.5,31,18,159.2,0.156,24.0,26.0,56.1,567.2,45,50,57.8,False,2,681.1,0
ag-01624,2026-02-09T09:40:00,S-137,seminar,south,lecture,33.3,23,16,113.0,0.287,-2.9,23.6,55.7,465.6,55,35,60.6,False,3,529.3,0
ag-01625,2026-02-20T18:30:00,N-133,seminar,north,practice,88.3,63,35,381.8,0.3,6.6,24.1,43.5,681.2,38,57,55.0,False,6,694.7,0
ag-01626,2026-04-21T17:35:00,S-488,lab,south,lab,53.5,40,28,301.0,0.941,14.8,23.6,57.3,661.4,81,25,59.3,False,6,822.4,0
ag-01627,2026-05-11T12:50:00,E-391,coworking,east,lab,28.7,20,16,140.4,0.186,9.6,23.0,60.8,558.4,10,90,58.9,True,2,677.8,0
ag-01628,2026-03-10T14:05:00,C-508,coworking,central,lecture,30.4,22,16,159.0,0.371,7.8,22.1,62.4,484.5,1,66,69.9,False,2,553.2,0
ag-01629,2026-03-19T13:40:00,S-200,lab,south,lecture,57.4,40,31,327.7,0.386,7.4,21.8,59.2,709.7,36,62,57.7,False,1,733.4,0
ag-01630,2026-05-13T08:05:00,E-462,lab,east,lab,38.2,34,24,398.2,0.89,14.0,26.2,52.5,562.2,54,36,56.2,True,2,567.1,0
ag-01631,2026-04-28T14:35:00,N-224,lecture,north,practice,146.4,125,78,678.0,0.388,11.3,24.7,53.4,1066.0,45,45,59.3,False,5,1527.2,1
ag-01632,2026-03-05T10:35:00,S-180,seminar,south,lecture,50.1,39,31,409.2,0.575,-0.0,22.0,42.3,656.8,62,35,51.3,False,4,888.4,0
ag-01633,2026-03-17T17:55:00,E-544,lab,east,practice,43.3,31,11,246.2,0.363,7.3,25.2,44.4,440.4,39,38,55.4,False,7,466.7,0
ag-01634,2026-03-10T18:00:00,E-559,lecture,east,practice,96.2,67,40,326.1,0.18,-4.9,22.4,67.8,766.9,55,42,54.9,False,5,1066.0,0
ag-01635,2026-05-02T17:30:00,E-565,lecture,east,none,127.0,90,31,736.3,0.385,10.0,23.7,70.3,554.7,60,39,55.4,True,1,760.5,0
ag-01636,2026-03-12T10:40:00,C-378,lecture,central,lecture,162.1,119,83,1006.3,0.487,7.4,22.3,47.6,1003.6,13,78,62.4,False,3,1409.1,1
ag-01637,2026-04-25T16:05:00,C-206,lecture,central,lecture,85.9,71,48,679.7,0.635,18.1,20.3,53.1,810.3,20,62,56.2,False,2,1026.3,0
ag-01638,2026-02-23T10:40:00,C-290,lab,central,lecture,32.8,23,19,186.4,0.623,8.1,22.2,67.7,539.5,41,31,55.1,False,2,651.4,0
ag-01639,2026-04-04T18:15:00,N-431,lecture,north,lecture,126.1,98,82,1096.0,0.593,9.2,24.7,77.6,1010.8,65,28,55.5,False,7,1377.6,1
ag-01640,2026-05-06T11:10:00,W-411,lecture,west,practice,104.0,113,84,722.7,0.726,11.6,23.5,66.3,1031.8,90,8,57.7,True,4,1318.0,1
ag-01641,2026-04-01T13:25:00,C-127,lab,central,lecture,36.7,36,23,280.8,0.376,9.9,23.7,41.5,635.7,20,73,64.8,False,2,788.9,0
ag-01642,2026-04-03T09:25:00,E-204,lecture,east,lecture,99.5,108,100,831.9,0.212,11.1,24.1,59.3,933.4,13,82,65.9,False,1,1207.9,1
ag-01643,2026-03-03T13:45:00,N-483,lab,north,lecture,31.6,23,12,155.4,0.742,5.6,20.4,48.2,620.1,39,54,55.5,False,1,608.0,0
ag-01644,2026-03-26T08:45:00,C-302,lecture,central,lab,133.9,118,110,832.9,0.646,3.0,24.2,61.1,1167.0,36,53,64.7,False,5,1557.0,1
ag-01645,2026-03-01T08:20:00,C-314,seminar,central,practice,42.6,40,23,472.2,0.749,4.1,22.0,64.6,604.0,49,36,51.3,False,5,836.2,0
ag-01646,2026-04-10T12:05:00,C-299,lecture,central,practice,124.5,128,63,718.1,0.423,5.9,25.2,42.2,1071.5,24,61,55.0,False,3,1366.6,1
ag-01647,2026-03-21T16:20:00,S-308,lab,south,practice,40.8,38,28,310.9,0.413,11.7,25.5,68.7,594.2,53,29,64.4,False,6,794.9,0
ag-01648,2026-04-08T08:35:00,N-381,lecture,north,lecture,91.3,89,55,478.4,0.226,7.3,23.2,52.4,707.4,69,20,64.8,False,6,958.9,0
ag-01649,2026-04-18T18:05:00,C-178,lecture,central,lecture,80.8,65,55,420.7,0.271,23.2,24.4,56.2,949.4,26,69,58.5,False,7,1148.4,1
ag-01650,2026-05-16T18:55:00,E-248,lecture,east,lab,184.2,129,87,1386.2,0.487,9.3,24.0,58.1,957.2,34,52,54.2,True,4,1264.7,1
ag-01651,2026-02-17T15:55:00,E-278,seminar,east,lecture,41.1,35,15,391.5,0.663,4.9,21.8,52.4,440.6,39,56,66.0,False,2,492.3,0
ag-01652,2026-03-01T13:45:00,C-563,seminar,central,lecture,37.5,34,27,251.4,0.385,11.5,24.0,62.7,739.0,54,43,60.1,False,5,979.1,0
ag-01653,2026-04-09T14:30:00,E-571,lab,east,practice,21.1,20,18,220.6,0.861,14.6,25.2,58.5,417.3,41,62,56.7,False,1,625.5,0
ag-01654,2026-04-16T09:30:00,C-389,lecture,central,practice,157.3,125,54,1249.9,0.415,18.5,22.7,49.2,782.4,38,72,55.2,False,1,867.3,0
ag-01655,2026-04-04T18:25:00,S-565,lecture,south,practice,67.5,61,41,724.7,0.802,8.5,24.3,41.5,521.9,43,52,57.4,False,1,698.5,0
ag-01656,2026-04-12T11:00:00,C-219,lecture,central,practice,60.0,66,40,722.1,0.54,5.0,24.2,62.5,717.3,68,13,51.9,False,2,807.3,0
ag-01657,2026-02-10T10:35:00,S-176,seminar,south,exam,73.8,63,54,413.1,0.492,9.1,25.2,63.4,862.4,8,78,65.7,False,5,1140.0,1
ag-01658,2026-04-20T16:05:00,S-174,lab,south,lecture,38.0,33,22,265.5,0.577,18.2,21.4,54.8,542.1,27,65,60.0,False,6,554.9,0
ag-01659,2026-05-19T16:05:00,C-404,lab,central,none,46.8,44,18,604.5,0.821,27.6,22.3,64.6,507.7,12,87,49.5,True,1,634.5,0
ag-01660,2026-04-20T16:50:00,N-206,lecture,north,practice,93.7,65,33,879.5,0.751,7.8,24.2,62.4,691.5,61,44,59.3,False,2,860.3,0
ag-01661,2026-04-14T18:35:00,E-208,seminar,east,lecture,19.9,20,20,115.6,0.495,21.5,23.9,77.3,522.1,24,64,73.9,False,5,619.7,0
ag-01662,2026-05-09T12:30:00,W-418,seminar,west,lecture,45.7,50,45,426.7,0.373,21.2,25.0,60.4,721.4,41,49,66.5,True,4,797.5,0
ag-01663,2026-05-16T12:15:00,N-589,seminar,north,lab,39.7,33,26,310.3,0.389,13.4,23.6,66.6,551.8,90,7,47.4,True,5,649.1,0
ag-01664,2026-03-23T14:30:00,W-577,lecture,west,lab,170.7,122,54,730.0,0.214,15.8,22.5,61.6,867.6,52,36,55.4,False,1,1214.0,1
ag-01665,2026-02-10T16:10:00,E-123,lecture,east,practice,133.4,103,57,721.4,0.315,2.8,23.1,47.8,844.3,39,55,55.6,False,4,1092.6,0
ag-01666,2026-05-07T14:05:00,W-188,lab,west,lab,30.5,27,15,337.1,0.655,13.3,22.5,54.9,511.5,51,28,58.3,True,6,563.0,0
ag-01667,2026-04-03T14:25:00,S-564,lecture,south,practice,80.9,78,47,385.2,0.255,6.7,25.3,42.7,796.3,20,70,53.4,False,1,1008.2,0
ag-01668,2026-05-07T12:30:00,N-159,coworking,north,lecture,61.0,53,39,331.6,0.639,11.1,22.5,46.8,708.4,82,0,63.3,True,7,889.7,0
ag-01669,2026-03-04T08:05:00,E-515,coworking,east,lab,89.0,63,43,338.5,0.246,-0.5,25.2,60.9,688.9,38,49,57.5,False,5,1075.9,0
ag-01670,2026-03-03T18:35:00,W-252,coworking,west,lecture,84.5,61,57,345.9,0.395,-0.0,25.1,50.0,815.8,53,31,64.6,False,6,954.4,0
ag-01671,2026-03-16T15:10:00,C-286,lecture,central,lecture,79.3,72,61,436.6,0.278,-1.1,22.1,54.0,739.8,1,90,66.4,False,4,970.9,0
ag-01672,2026-05-08T12:00:00,N-325,seminar,north,practice,59.8,57,54,344.2,0.129,11.5,25.2,80.8,775.3,63,28,60.1,True,3,1046.6,0
ag-01673,2026-05-17T18:45:00,S-144,seminar,south,none,51.3,37,15,368.8,0.871,22.6,22.5,55.8,451.9,3,90,50.4,True,2,424.1,0
ag-01674,2026-03-09T09:15:00,W-284,seminar,west,lecture,34.2,32,20,359.6,0.851,6.6,24.8,42.5,531.8,80,14,55.9,False,3,662.4,0
ag-01675,2026-02-22T15:15:00,C-309,lecture,central,lecture,151.8,105,69,654.1,0.524,11.5,24.8,67.0,768.1,6,82,57.0,False,7,1151.3,1
ag-01676,2026-04-10T16:10:00,E-586,seminar,east,lab,40.2,40,33,463.0,0.563,11.3,25.1,56.5,623.3,0,89,63.3,True,7,712.8,0
ag-01677,2026-02-16T09:05:00,C-346,seminar,central,lecture,20.8,23,14,117.8,0.281,8.5,21.0,63.7,607.7,87,0,54.3,False,3,644.5,0
ag-01678,2026-03-06T17:50:00,W-397,seminar,west,lecture,20.0,20,9,176.2,0.72,11.7,23.2,52.4,579.4,52,57,51.7,False,1,604.4,0
ag-01679,2026-04-29T14:20:00,E-577,coworking,east,practice,57.6,49,44,342.1,0.262,24.1,27.0,68.3,813.8,73,20,61.4,False,1,1104.8,1
ag-01680,2026-04-24T13:10:00,S-188,seminar,south,practice,81.6,61,18,361.2,0.165,15.1,23.4,63.9,540.5,67,14,46.3,False,7,621.3,0
ag-01681,2026-05-16T18:40:00,N-571,lecture,north,practice,82.9,78,43,479.3,0.107,22.0,23.1,48.4,802.4,33,52,52.3,True,4,912.4,0
ag-01682,2026-03-29T15:55:00,N-141,lecture,north,practice,57.3,58,50,326.9,0.382,16.5,21.3,51.0,907.9,59,36,70.9,True,2,1050.4,0
ag-01683,2026-04-25T11:35:00,W-376,lecture,west,none,67.5,56,16,337.5,0.274,16.1,23.6,42.4,508.1,12,90,53.7,False,4,493.2,0
ag-01684,2026-04-24T15:45:00,W-341,coworking,west,none,64.0,52,22,279.6,0.423,22.1,23.1,51.2,692.2,57,25,56.7,False,7,748.0,0
ag-01685,2026-04-17T13:35:00,N-409,seminar,north,lab,63.4,53,22,674.5,0.881,12.5,23.5,52.1,405.2,12,63,48.3,False,2,501.5,0
ag-01686,2026-02-12T18:10:00,N-316,seminar,north,lecture,28.5,26,18,184.1,0.199,2.7,23.6,40.1,769.6,55,42,64.3,False,7,959.1,0
ag-01687,2026-04-07T18:00:00,S-201,coworking,south,practice,74.2,67,69,613.5,0.636,8.6,24.4,68.4,785.4,47,55,60.0,False,2,1064.5,0
ag-01688,2026-03-17T16:00:00,W-175,lab,west,lecture,35.9,27,22,174.7,0.473,16.1,22.8,68.6,596.1,58,25,61.2,True,3,683.8,0
ag-01689,2026-04-16T12:05:00,S-500,seminar,south,lecture,59.4,50,24,316.4,0.284,8.7,24.3,64.1,621.5,7,90,49.4,False,3,703.5,0
ag-01690,2026-02-27T10:40:00,S-512,coworking,south,practice,43.4,33,14,199.2,0.199,-5.3,22.6,69.0,501.9,15,74,40.7,False,1,500.4,0
ag-01691,2026-03-04T13:40:00,N-358,lecture,north,lab,131.9,125,112,841.9,0.214,3.0,26.0,65.3,1410.0,69,30,66.4,False,4,2025.6,1
ag-01692,2026-03-19T08:45:00,S-575,seminar,south,lab,65.6,46,29,269.7,0.128,4.4,25.3,50.7,679.2,6,82,59.5,False,6,681.7,0
ag-01693,2026-02-14T09:35:00,C-462,lab,central,lab,28.0,29,22,314.5,0.853,1.4,21.3,71.1,507.6,72,18,66.2,False,3,642.1,0
ag-01694,2026-02-22T18:55:00,N-487,lecture,north,lecture,124.1,109,81,1041.6,0.433,-3.6,24.2,61.2,821.6,33,51,62.6,False,1,1018.6,0
ag-01695,2026-05-06T08:30:00,W-382,lecture,west,lecture,140.1,113,93,577.4,0.386,18.8,21.0,65.2,1109.5,10,75,69.0,True,7,1482.1,1
ag-01696,2026-02-24T13:10:00,N-507,lecture,north,lab,104.5,92,44,749.8,0.331,6.1,24.7,43.7,656.3,52,39,55.5,False,1,902.5,0
ag-01697,2026-02-14T18:35:00,E-582,seminar,east,lecture,39.2,30,31,240.3,0.435,5.0,23.5,78.6,762.0,90,0,67.3,False,6,804.6,0
ag-01698,2026-02-17T16:10:00,S-196,seminar,south,practice,48.4,44,26,388.6,0.479,4.7,20.4,46.9,533.5,29,70,49.3,False,7,506.6,0
ag-01699,2026-04-02T10:10:00,E-301,lab,east,lab,45.4,32,19,342.5,0.483,2.2,24.3,51.7,517.1,37,57,61.1,False,7,610.1,0
ag-01700,2026-04-27T10:35:00,C-215,coworking,central,lecture,52.8,56,43,524.8,0.463,15.7,23.6,55.4,748.4,28,63,66.6,False,2,956.1,0
ag-01701,2026-04-05T11:10:00,N-593,lab,north,lecture,35.2,27,22,308.2,0.952,7.2,24.6,64.7,537.3,62,31,65.4,False,4,686.4,0
ag-01702,2026-05-13T12:00:00,S-116,lab,south,lecture,50.1,35,22,497.3,0.888,14.3,23.0,50.7,565.4,76,5,61.1,True,6,683.6,0
ag-01703,2026-02-14T12:35:00,C-319,lecture,central,lab,133.5,127,115,751.2,0.308,0.7,22.6,67.8,1447.8,56,17,63.5,False,6,2061.6,1
ag-01704,2026-04-22T17:45:00,E-570,lab,east,lecture,22.2,24,20,283.8,0.867,7.0,25.0,45.9,575.2,42,46,53.4,True,4,635.7,0
ag-01705,2026-02-20T10:35:00,C-500,lecture,central,lab,76.3,73,36,326.4,0.285,-6.1,23.1,50.1,747.7,47,44,55.3,False,6,903.1,0
ag-01706,2026-05-02T16:45:00,S-183,seminar,south,lab,54.2,44,23,346.8,0.23,17.2,22.1,57.3,627.9,21,69,57.4,True,4,780.7,0
ag-01707,2026-03-29T12:30:00,N-585,lab,north,lecture,18.4,18,6,168.7,1.0,1.5,21.6,55.5,380.0,27,60,51.8,False,7,425.5,0
ag-01708,2026-04-08T14:25:00,C-428,seminar,central,lecture,88.7,62,42,859.1,0.771,5.4,22.2,53.6,668.8,26,65,62.3,False,4,801.6,0
ag-01709,2026-05-12T18:40:00,C-199,seminar,central,none,26.9,27,4,133.4,0.244,25.0,23.1,43.3,487.2,51,31,45.8,True,6,432.6,0
ag-01710,2026-03-04T08:05:00,N-419,seminar,north,practice,58.7,61,48,422.1,0.32,-3.0,26.8,59.3,843.3,53,30,67.8,False,6,957.4,0
ag-01711,2026-03-18T18:55:00,C-435,lab,central,exam,40.7,41,44,321.1,0.356,5.2,24.2,63.3,647.1,22,70,54.0,True,3,906.2,0
ag-01712,2026-05-08T15:35:00,E-462,seminar,east,practice,30.0,33,26,311.8,0.578,14.0,22.3,58.0,578.3,28,56,57.6,True,4,646.5,0
ag-01713,2026-05-02T10:30:00,E-530,seminar,east,none,41.1,37,5,238.7,0.515,20.9,21.7,42.6,477.6,54,26,39.9,True,7,532.5,0
ag-01714,2026-03-08T09:20:00,W-468,seminar,west,practice,43.0,37,25,245.4,0.35,14.5,23.6,40.9,647.9,38,50,60.6,False,2,722.2,0
ag-01715,2026-04-16T08:50:00,E-435,coworking,east,practice,33.8,27,15,316.3,0.807,5.6,22.0,45.1,602.2,67,15,62.4,False,5,635.6,0
ag-01716,2026-02-23T18:05:00,S-319,lab,south,practice,51.0,42,37,402.2,0.487,6.2,24.0,53.4,737.3,37,61,72.7,False,3,917.2,0
ag-01717,2026-05-10T13:35:00,C-210,seminar,central,none,78.5,63,26,458.6,0.46,15.9,22.6,65.8,463.8,0,90,45.2,True,6,574.3,0
ag-01718,2026-03-28T17:00:00,W-287,seminar,west,lecture,38.0,36,26,208.5,0.368,2.5,26.0,33.2,747.8,80,3,61.2,False,2,876.3,0
ag-01719,2026-05-18T12:05:00,E-105,lecture,east,practice,60.8,63,34,528.5,0.38,19.0,22.0,61.9,632.2,18,75,52.9,True,2,734.0,0
ag-01720,2026-04-17T10:40:00,S-123,lab,south,none,31.3,29,3,130.9,0.266,10.5,21.6,46.4,384.5,61,28,45.2,False,5,473.7,0
ag-01721,2026-05-14T08:35:00,C-584,lecture,central,exam,71.2,60,54,735.0,0.668,3.1,22.9,67.0,727.2,53,33,67.2,True,7,977.5,0
ag-01722,2026-03-05T14:15:00,W-544,seminar,west,none,43.5,38,9,262.0,0.158,4.6,21.9,49.5,580.6,90,7,44.6,True,1,598.0,0
ag-01723,2026-05-14T16:00:00,C-271,lab,central,lecture,26.1,27,31,213.4,0.789,22.4,24.7,71.5,639.9,30,77,70.5,True,6,699.0,0
ag-01724,2026-04-30T15:40:00,C-211,lab,central,lecture,58.9,42,35,420.2,0.472,15.0,24.2,72.0,756.0,56,35,62.6,False,3,865.0,0
ag-01725,2026-05-10T13:40:00,E-343,lab,east,lab,35.1,26,12,241.4,0.672,13.5,23.0,44.9,382.0,28,62,54.1,True,2,344.6,0
ag-01726,2026-03-10T08:00:00,N-301,lecture,north,lecture,174.2,126,92,1408.5,0.546,1.5,22.6,50.8,1174.4,34,63,64.9,False,1,1632.7,1
ag-01727,2026-05-10T11:10:00,N-369,lab,north,none,32.4,23,9,297.9,0.776,12.2,24.2,63.2,542.7,81,20,52.9,True,3,792.5,0
ag-01728,2026-03-25T16:30:00,N-112,lecture,north,lecture,79.7,63,45,600.5,0.725,10.7,22.8,70.4,735.8,47,52,62.0,False,2,863.1,0
ag-01729,2026-03-29T15:35:00,N-188,seminar,north,none,29.9,26,5,176.4,0.291,11.4,24.6,41.1,577.9,52,56,38.4,False,5,627.0,0
ag-01730,2026-05-08T18:00:00,N-223,lab,north,exam,56.6,43,39,305.9,0.436,10.6,22.5,62.0,620.2,36,65,74.6,True,7,873.2,0
ag-01731,2026-03-04T14:40:00,N-296,lecture,north,exam,143.5,122,111,1097.2,0.399,7.8,25.6,64.2,1128.3,29,54,71.4,False,5,1654.5,1
ag-01732,2026-02-20T12:10:00,C-300,coworking,central,practice,58.1,41,3,456.9,0.639,1.8,21.6,41.2,381.6,44,38,39.1,False,6,277.7,0
ag-01733,2026-04-28T13:35:00,N-177,seminar,north,lab,57.4,42,35,341.5,0.353,14.0,20.5,72.4,778.3,54,29,62.8,False,6,956.3,0
ag-01734,2026-02-25T16:00:00,S-318,seminar,south,none,56.2,46,25,378.9,0.841,1.7,22.2,61.1,563.1,26,67,54.9,False,7,560.6,0
ag-01735,2026-02-25T15:40:00,S-518,lab,south,lecture,22.2,18,15,122.1,0.727,-4.0,22.8,67.7,517.5,42,46,61.7,False,1,483.7,0
ag-01736,2026-05-01T16:55:00,E-541,seminar,east,lecture,24.0,20,21,257.3,0.814,7.7,27.5,59.6,580.5,67,28,60.3,True,6,778.9,0
ag-01737,2026-02-14T09:35:00,N-167,seminar,north,lab,55.6,47,39,501.7,0.724,3.6,26.4,61.3,823.0,49,36,60.9,False,7,1020.4,1
ag-01738,2026-05-07T16:50:00,W-413,lab,west,lecture,21.3,21,19,95.5,0.251,15.1,24.2,70.9,637.9,49,38,60.9,True,2,743.8,0
ag-01739,2026-04-02T18:50:00,S-298,lab,south,lab,29.1,26,19,143.3,0.502,12.9,26.6,64.0,523.1,35,49,61.9,False,4,507.2,0
ag-01740,2026-05-02T12:55:00,N-128,lab,north,practice,40.9,37,11,279.4,0.364,23.9,24.0,48.1,530.3,30,54,51.4,True,7,578.5,0
ag-01741,2026-05-14T10:40:00,S-470,seminar,south,lecture,40.1,44,30,252.7,0.498,23.0,23.1,54.4,753.1,50,30,57.3,True,4,750.8,0
ag-01742,2026-02-15T15:55:00,S-566,lecture,south,practice,117.9,103,66,687.7,0.239,5.7,23.2,52.1,808.2,19,87,65.1,False,5,1207.1,1
ag-01743,2026-03-02T17:20:00,S-323,lab,south,lecture,32.2,30,31,187.2,0.641,-7.1,24.9,56.9,647.7,32,52,71.6,False,6,782.8,0
ag-01744,2026-02-25T09:00:00,W-419,lecture,west,lecture,89.2,85,89,725.6,0.292,-0.0,25.4,54.6,952.5,65,26,67.0,True,1,1432.7,1
ag-01745,2026-04-26T10:05:00,N-103,coworking,north,lecture,73.5,73,59,598.5,0.485,14.0,22.9,57.4,888.1,46,52,66.9,True,5,1165.9,1
ag-01746,2026-05-10T09:10:00,E-192,seminar,east,practice,57.8,42,28,269.7,0.232,6.6,23.0,54.2,534.0,24,86,49.8,True,7,692.8,0
ag-01747,2026-04-23T09:25:00,N-267,lecture,north,practice,132.3,126,90,1160.3,0.894,11.6,23.8,51.6,1050.0,32,51,57.5,True,7,1581.9,1
ag-01748,2026-04-25T16:35:00,N-114,lecture,north,lecture,105.6,90,76,938.7,0.765,4.0,25.2,54.2,779.4,21,66,61.3,False,6,940.1,0
ag-01749,2026-03-30T11:50:00,W-300,lecture,west,practice,111.7,79,55,749.7,0.499,0.1,22.9,70.3,846.9,68,35,58.6,False,2,1052.3,0
ag-01750,2026-05-03T11:30:00,C-174,lecture,central,lab,69.8,63,64,838.0,0.752,20.9,22.4,75.4,763.3,20,75,80.3,True,2,1080.1,0
ag-01751,2026-04-28T16:50:00,S-213,lab,south,none,27.5,22,0,167.8,0.686,9.5,22.4,39.6,400.5,50,42,43.1,False,1,421.4,0
ag-01752,2026-04-17T13:20:00,N-170,coworking,north,none,33.8,35,1,264.2,0.516,11.4,23.0,47.2,380.0,9,85,40.9,False,4,327.2,0
ag-01753,2026-02-25T17:20:00,W-337,seminar,west,lab,53.5,50,39,557.1,0.806,0.1,21.3,54.1,677.6,42,43,62.3,False,2,874.3,0
ag-01754,2026-04-28T18:35:00,W-525,lecture,west,lecture,102.5,85,71,576.1,0.227,4.7,22.8,67.0,928.3,22,73,55.7,False,7,1294.2,1
ag-01755,2026-03-10T09:55:00,W-422,lecture,west,lab,110.6,78,56,667.6,0.308,-2.4,23.7,57.4,861.2,29,53,51.7,False,2,1093.5,0
ag-01756,2026-04-16T15:55:00,N-382,lecture,north,none,96.5,97,19,574.3,0.224,12.4,23.1,63.8,503.3,19,70,45.1,False,6,573.3,0
ag-01757,2026-05-13T13:15:00,W-393,seminar,west,practice,63.1,48,40,288.9,0.354,10.9,20.9,55.2,813.6,52,27,70.8,True,5,980.3,0
ag-01758,2026-02-13T15:40:00,N-160,seminar,north,lecture,71.1,58,45,397.3,0.715,10.5,23.5,54.4,718.4,49,42,58.9,False,1,902.0,0
ag-01759,2026-05-10T17:15:00,C-182,seminar,central,practice,70.4,53,26,480.5,0.355,24.0,26.0,51.5,697.0,56,30,59.1,True,4,787.8,0
ag-01760,2026-02-14T15:25:00,C-435,lecture,central,practice,80.5,58,32,621.8,0.583,6.2,22.7,59.3,675.1,47,53,45.2,False,3,662.5,0
ag-01761,2026-03-09T15:15:00,C-550,lecture,central,none,160.6,118,42,633.5,0.224,-0.5,22.6,44.1,666.9,56,32,54.8,False,7,739.9,0
ag-01762,2026-02-27T12:15:00,S-538,lecture,south,lab,67.6,60,22,437.1,0.303,4.6,21.2,48.4,676.9,90,11,55.5,False,1,834.6,0
ag-01763,2026-04-04T15:50:00,W-173,coworking,west,exam,64.4,65,48,458.7,0.713,13.8,24.3,57.4,722.0,60,21,61.0,False,3,1119.4,1
ag-01764,2026-03-16T10:25:00,E-180,lecture,east,exam,120.8,115,93,525.9,0.32,10.8,23.5,74.1,921.3,19,69,60.0,False,2,1358.5,1
ag-01765,2026-04-07T10:55:00,C-352,seminar,central,practice,48.6,38,31,258.2,0.396,10.1,22.3,65.6,695.6,65,18,62.5,False,2,925.1,0
ag-01766,2026-02-27T16:35:00,S-486,lecture,south,practice,94.9,74,53,707.3,0.491,5.8,25.1,50.3,725.9,60,28,62.8,False,4,864.2,0
ag-01767,2026-05-03T10:40:00,N-171,lecture,north,practice,76.9,79,61,648.5,0.719,12.1,21.4,67.4,785.9,28,70,68.2,True,2,1069.7,0
ag-01768,2026-04-16T16:05:00,W-182,lecture,west,exam,115.3,125,140,1466.2,0.659,18.7,26.5,66.4,1599.4,66,15,78.2,False,1,1934.1,1
ag-01769,2026-03-31T12:10:00,W-312,seminar,west,lab,41.9,35,22,431.9,0.671,15.4,22.1,39.6,503.2,38,49,62.6,False,4,577.3,0
ag-01770,2026-03-03T12:15:00,C-233,coworking,central,practice,65.6,49,35,384.4,0.789,4.4,24.6,57.6,643.3,25,64,57.1,False,3,840.9,0
ag-01771,2026-05-13T18:15:00,W-270,lab,west,exam,24.6,19,16,170.8,0.731,11.8,25.3,62.3,618.6,62,17,63.1,True,3,762.8,0
ag-01772,2026-05-17T11:05:00,E-302,coworking,east,practice,86.4,69,58,616.4,0.575,18.1,23.0,59.3,816.8,15,85,56.0,True,4,1063.0,0
ag-01773,2026-04-13T10:30:00,E-188,seminar,east,practice,35.2,30,20,279.5,0.587,2.2,22.3,50.0,457.5,25,69,58.1,False,7,539.9,0
ag-01774,2026-05-12T09:30:00,W-105,lecture,west,practice,125.3,105,69,678.5,0.519,10.4,22.2,56.8,854.2,42,41,60.4,True,6,1216.5,1
ag-01775,2026-03-25T15:05:00,E-478,seminar,east,lecture,37.4,41,31,345.6,0.304,10.7,24.1,51.1,641.9,51,37,64.1,False,7,809.9,0
ag-01776,2026-05-02T15:45:00,C-524,seminar,central,lecture,52.2,45,41,575.7,0.919,19.1,22.4,69.5,620.1,57,37,60.8,True,3,786.4,0
ag-01777,2026-03-24T10:45:00,W-250,lab,west,lecture,48.3,38,26,220.3,0.528,15.3,21.9,62.5,514.5,9,76,52.4,False,6,555.0,0
ag-01778,2026-04-12T09:00:00,S-261,coworking,south,lab,54.0,43,32,239.3,0.532,7.0,23.2,52.8,734.6,70,24,48.6,False,3,827.6,0
ag-01779,2026-04-05T14:05:00,C-216,lab,central,lecture,33.8,29,30,188.3,0.284,11.6,23.4,50.8,736.2,66,14,61.6,False,1,930.2,0
ag-01780,2026-03-03T12:10:00,W-592,lecture,west,exam,106.3,92,65,475.8,0.383,8.7,22.6,39.6,762.8,32,74,53.9,False,4,1050.9,0
ag-01781,2026-04-29T15:40:00,W-557,lab,west,exam,18.5,18,15,129.6,0.516,12.9,24.2,58.8,558.7,77,8,55.0,False,4,579.4,0
ag-01782,2026-03-01T08:50:00,E-576,lab,east,lab,25.2,19,12,179.6,0.927,-3.6,25.5,49.5,509.8,35,58,67.7,False,1,517.1,0
ag-01783,2026-04-10T18:30:00,C-396,lecture,central,lecture,104.8,112,58,824.7,0.587,12.9,23.3,57.8,867.5,54,30,50.7,False,1,1051.9,0
ag-01784,2026-04-17T15:40:00,S-477,lab,south,none,35.0,35,6,216.8,0.262,14.8,22.3,50.2,557.1,67,23,51.4,False,4,654.1,0
ag-01785,2026-03-14T12:15:00,W-352,lecture,west,practice,135.9,123,98,1725.5,0.896,20.0,22.1,47.4,1055.5,0,81,62.0,False,6,1386.4,1
ag-01786,2026-05-14T09:50:00,S-487,coworking,south,none,53.7,53,5,236.3,0.108,16.8,23.1,32.9,637.1,46,45,48.8,True,1,775.9,0
ag-01787,2026-03-11T13:00:00,N-189,lecture,north,lecture,93.4,88,69,648.6,0.26,8.1,23.5,53.9,990.1,48,47,64.9,False,4,1247.8,1
ag-01788,2026-02-17T15:35:00,C-155,seminar,central,lecture,45.4,36,25,292.9,0.36,2.1,23.3,49.2,519.7,31,68,62.7,False,6,622.3,0
ag-01789,2026-03-16T09:15:00,E-429,seminar,east,exam,38.2,27,25,222.8,0.337,0.2,22.5,64.9,809.3,57,36,66.7,False,7,957.2,0
ag-01790,2026-03-29T18:45:00,E-588,lab,east,lecture,36.9,26,20,212.1,0.63,8.4,21.5,62.2,519.4,42,49,66.0,False,7,622.1,0
ag-01791,2026-02-19T15:00:00,S-200,lecture,south,lab,97.1,84,67,463.0,0.306,-6.7,28.5,54.4,969.2,58,43,62.7,False,7,1214.9,1
ag-01792,2026-04-10T08:50:00,N-588,lecture,north,lab,70.8,63,35,526.8,0.539,16.8,23.9,53.6,576.0,45,42,47.2,False,1,820.9,0
ag-01793,2026-05-10T09:35:00,C-214,lecture,central,none,78.1,76,22,501.6,0.36,13.1,24.6,36.8,586.8,58,31,46.8,True,1,712.1,0
ag-01794,2026-02-25T11:45:00,S-370,lecture,south,exam,69.1,60,53,355.4,0.565,8.6,27.2,64.6,929.1,45,52,58.9,False,7,1205.7,1
ag-01795,2026-05-01T12:30:00,E-545,seminar,east,practice,55.1,46,10,409.2,0.39,9.9,21.2,52.2,594.4,71,8,47.5,True,4,616.6,0
ag-01796,2026-02-22T12:50:00,E-573,lecture,east,lecture,82.8,61,23,438.0,0.436,-8.7,24.6,53.8,470.2,26,60,41.3,False,7,675.5,0
ag-01797,2026-02-25T11:40:00,E-586,seminar,east,none,80.7,56,7,502.9,0.487,6.0,20.3,46.8,380.0,30,61,43.7,False,5,288.9,0
ag-01798,2026-04-08T08:05:00,N-347,lab,north,lecture,23.9,25,19,285.0,0.794,12.2,22.8,62.1,570.7,72,19,62.1,False,4,713.8,0
ag-01799,2026-03-04T15:00:00,W-385,seminar,west,lab,61.6,50,25,381.5,0.508,1.9,23.9,41.7,653.1,87,7,59.7,False,2,774.2,0
ag-01800,2026-05-15T11:30:00,N-573,coworking,north,practice,44.7,47,27,209.0,0.15,25.5,24.2,64.1,575.7,26,51,54.5,True,5,610.1,0
ag-01801,2026-02-20T17:10:00,E-138,seminar,east,lecture,53.9,57,38,236.4,0.224,5.3,23.3,70.4,814.6,74,23,62.2,False,5,1015.4,0
ag-01802,2026-04-30T15:45:00,N-548,lecture,north,lecture,107.3,101,78,883.6,0.659,20.4,20.7,47.7,925.9,43,55,58.3,False,2,1233.2,1
ag-01803,2026-03-25T14:10:00,E-447,coworking,east,lab,62.1,68,37,596.1,0.7,4.2,24.1,50.7,676.1,47,36,46.0,False,4,726.3,0
ag-01804,2026-04-13T14:20:00,C-575,lab,central,lecture,42.5,35,24,203.7,0.571,15.6,23.7,74.3,608.1,55,49,71.6,True,3,725.1,0
ag-01805,2026-05-03T10:55:00,E-352,lecture,east,exam,116.1,92,95,575.0,0.559,10.8,24.0,66.1,1087.4,79,11,66.3,True,2,1350.7,1
ag-01806,2026-04-15T12:35:00,N-514,lecture,north,lab,66.1,63,41,473.8,0.673,20.3,24.2,53.0,730.2,43,55,57.1,False,3,798.4,0
ag-01807,2026-04-01T09:00:00,S-515,seminar,south,practice,52.1,56,33,296.0,0.356,2.2,24.4,57.4,744.7,47,41,55.4,False,7,886.1,0
ag-01808,2026-05-09T10:15:00,E-515,lab,east,lab,19.6,18,18,135.5,0.451,14.8,24.7,61.5,499.7,15,90,63.5,True,4,511.1,0
ag-01809,2026-05-03T10:15:00,W-231,lab,west,lab,46.0,32,23,270.4,0.286,17.7,24.2,60.4,578.9,21,60,69.6,True,2,692.2,0
ag-01810,2026-03-30T11:10:00,E-399,lab,east,none,27.9,25,6,179.7,0.283,3.4,23.4,49.2,386.8,3,90,39.5,False,7,482.8,0
ag-01811,2026-04-29T08:25:00,N-598,lecture,north,lab,159.9,113,97,1163.5,0.644,18.0,24.7,54.8,988.3,66,17,69.0,False,7,1294.4,1
ag-01812,2026-04-11T08:05:00,S-581,seminar,south,practice,41.3,33,23,265.0,0.522,17.8,22.5,59.8,493.3,0,86,58.3,False,2,430.4,0
ag-01813,2026-04-19T15:45:00,W-551,seminar,west,lecture,72.4,53,33,405.1,0.241,16.7,23.1,68.1,767.5,75,26,62.1,False,2,935.3,0
ag-01814,2026-04-16T09:30:00,W-472,seminar,west,lab,46.6,45,35,275.2,0.321,-1.5,26.5,46.6,563.6,31,46,59.2,False,5,800.3,0
ag-01815,2026-04-09T08:35:00,E-264,seminar,east,exam,59.5,42,32,325.5,0.333,8.0,24.8,55.9,742.6,42,48,58.0,False,6,762.8,0
ag-01816,2026-04-28T10:05:00,S-297,seminar,south,lab,46.0,35,28,261.4,0.252,16.9,24.1,56.5,629.2,6,75,64.4,False,6,814.5,0
ag-01817,2026-05-19T10:00:00,N-170,seminar,north,practice,59.4,43,31,201.5,0.295,15.8,24.9,47.1,653.1,7,88,61.0,True,2,718.8,0
ag-01818,2026-05-12T16:10:00,E-286,lab,east,exam,31.4,26,20,217.3,0.762,19.9,22.2,70.3,496.8,48,45,66.1,True,5,621.6,0
ag-01819,2026-04-02T13:30:00,S-306,seminar,south,practice,34.0,29,14,136.0,0.198,11.3,22.4,57.2,598.5,65,21,56.1,False,1,670.0,0
ag-01820,2026-03-07T09:05:00,S-504,lab,south,lecture,29.2,32,25,224.5,0.792,4.5,23.3,67.2,536.4,34,59,61.8,True,3,645.5,0
ag-01821,2026-03-28T12:15:00,N-339,lecture,north,practice,156.2,119,111,880.6,0.236,7.6,26.1,80.0,1110.8,8,82,61.4,False,1,1650.1,1
ag-01822,2026-03-05T08:55:00,C-109,seminar,central,practice,53.0,40,26,314.5,0.451,-0.2,21.3,53.3,520.2,13,66,56.6,False,5,581.5,0
ag-01823,2026-04-16T09:05:00,W-257,coworking,west,lecture,78.7,57,52,367.5,0.365,9.6,23.3,51.9,886.2,86,0,57.8,False,7,1081.0,0
ag-01824,2026-04-03T11:40:00,C-407,lecture,central,practice,77.3,69,35,398.1,0.533,7.4,21.4,55.8,712.0,44,57,54.8,False,1,838.5,0
ag-01825,2026-03-08T18:20:00,N-590,lab,north,none,30.6,23,9,244.2,0.703,3.6,22.8,52.9,431.4,36,63,57.7,False,4,433.6,0
ag-01826,2026-02-14T09:05:00,E-193,seminar,east,practice,35.3,25,18,107.8,0.277,-2.3,24.9,57.0,656.6,82,0,65.5,True,2,725.9,0
ag-01827,2026-03-29T08:15:00,S-576,lecture,south,none,132.7,103,47,635.1,0.387,4.2,22.3,52.8,762.5,12,84,61.1,False,7,988.8,0
ag-01828,2026-03-15T16:35:00,E-276,coworking,east,none,51.0,38,1,383.0,0.536,11.3,23.4,39.7,444.7,49,39,41.3,False,2,483.7,0
ag-01829,2026-05-05T11:25:00,E-479,lecture,east,lecture,132.8,118,93,1103.7,0.425,14.8,23.4,63.9,960.0,52,30,62.0,True,6,1243.1,1
ag-01830,2026-04-09T14:45:00,N-310,coworking,north,none,77.8,63,18,831.3,0.815,12.6,19.6,45.9,480.8,44,44,38.8,False,2,573.9,0
ag-01831,2026-02-27T11:40:00,C-163,seminar,central,none,38.8,38,16,243.4,0.306,4.3,24.3,63.5,659.4,60,34,51.6,False,4,857.8,0
ag-01832,2026-03-15T14:35:00,W-596,coworking,west,lab,74.0,75,59,579.7,0.338,0.0,23.0,55.9,926.6,48,41,67.8,False,4,1084.8,0
ag-01833,2026-03-15T09:55:00,W-389,lecture,west,lecture,110.4,78,69,720.1,0.335,14.0,24.2,50.1,753.0,53,36,67.6,False,4,1150.3,1
ag-01834,2026-02-12T12:50:00,W-478,lecture,west,practice,153.3,113,35,917.7,0.876,2.7,22.0,66.8,682.1,90,3,48.4,False,1,728.0,0
ag-01835,2026-03-12T16:05:00,W-295,coworking,west,lecture,83.2,64,53,256.5,0.215,-0.4,27.3,48.5,782.5,26,72,59.2,False,3,1018.2,0
ag-01836,2026-03-26T11:50:00,W-198,lab,west,lab,25.2,22,18,224.3,0.817,1.0,23.4,55.5,490.1,52,33,59.8,True,5,502.3,0
ag-01837,2026-03-12T13:10:00,S-535,lecture,south,exam,58.1,57,67,343.8,0.062,0.1,24.5,70.8,776.1,0,90,69.6,False,3,833.8,0
ag-01838,2026-05-06T15:00:00,E-206,lab,east,none,46.2,33,10,428.4,0.874,7.9,20.8,45.8,423.2,47,50,46.1,True,4,563.5,0
ag-01839,2026-04-22T10:25:00,C-537,coworking,central,lab,52.8,45,40,342.4,0.319,12.9,24.5,49.4,641.4,19,73,63.2,False,7,789.6,0
ag-01840,2026-04-15T09:40:00,C-181,coworking,central,practice,57.0,55,45,340.6,0.535,5.3,23.1,52.7,787.0,22,62,64.2,False,7,825.8,0
ag-01841,2026-03-05T14:10:00,W-551,lecture,west,lab,100.0,75,58,404.1,0.142,12.5,23.7,77.6,754.2,25,70,62.3,False,1,1030.3,0
ag-01842,2026-02-12T11:40:00,W-317,seminar,west,practice,29.4,25,19,186.6,0.653,-3.3,22.4,58.2,458.9,35,55,58.3,False,7,439.9,0
ag-01843,2026-02-10T17:35:00,C-524,lab,central,none,36.0,37,13,466.4,0.835,1.9,22.6,55.2,386.4,0,90,57.1,False,7,388.2,0
ag-01844,2026-03-23T13:15:00,S-452,lecture,south,lecture,79.9,74,40,767.5,0.552,7.7,23.3,57.4,745.0,68,10,51.1,False,4,856.5,0
ag-01845,2026-03-31T17:35:00,E-519,lecture,east,exam,125.3,90,58,763.1,0.498,8.9,21.2,50.9,884.6,63,31,56.7,False,1,1166.6,1
ag-01846,2026-04-11T14:00:00,N-223,lecture,north,lab,168.4,128,94,540.4,0.07,14.8,24.9,65.4,1134.1,51,36,59.3,False,3,1743.7,1
ag-01847,2026-04-19T13:20:00,C-250,seminar,central,lecture,35.8,27,20,178.9,0.576,14.8,23.9,52.9,486.5,11,66,60.3,False,1,648.0,0
ag-01848,2026-03-25T10:40:00,C-174,seminar,central,exam,82.6,58,57,425.2,0.259,2.8,23.9,70.7,869.4,58,29,61.0,False,4,1336.7,1
ag-01849,2026-02-18T12:20:00,S-263,lab,south,lab,26.1,21,11,106.8,0.304,11.3,23.3,56.7,501.1,41,43,57.5,False,3,472.6,0
ag-01850,2026-03-22T15:40:00,W-314,seminar,west,practice,37.1,33,12,135.5,0.263,12.3,23.6,40.3,569.4,0,81,52.1,False,1,718.9,0
ag-01851,2026-03-18T10:40:00,S-583,lab,south,lecture,48.4,35,31,327.7,0.541,3.3,22.3,64.1,512.8,1,87,51.6,False,4,610.6,0
ag-01852,2026-05-08T11:45:00,E-411,seminar,east,lab,39.8,31,35,154.7,0.382,11.3,24.1,62.5,620.5,50,40,64.2,True,6,830.3,0
ag-01853,2026-05-13T08:35:00,S-190,lab,south,lecture,32.6,34,27,350.0,0.787,19.9,21.0,49.2,599.1,60,24,61.8,True,3,861.7,0
ag-01854,2026-04-13T08:20:00,C-295,coworking,central,none,69.8,72,6,481.0,0.596,4.1,21.0,50.8,425.8,40,34,48.5,False,4,522.0,0
ag-01855,2026-02-27T11:25:00,N-575,seminar,north,practice,76.4,56,49,441.5,0.288,11.7,23.4,74.0,599.3,3,83,66.9,False,5,826.9,0
ag-01856,2026-02-21T16:10:00,C-287,seminar,central,practice,66.3,54,49,469.6,0.396,4.7,25.3,74.6,843.3,43,40,60.5,False,7,1200.8,1
ag-01857,2026-04-22T11:30:00,W-134,lecture,west,exam,101.5,74,65,885.1,0.594,12.7,22.9,66.9,858.6,48,32,60.8,False,1,1156.3,1
ag-01858,2026-04-13T18:45:00,N-490,lab,north,practice,23.5,22,23,176.5,0.284,8.9,23.5,57.5,632.3,63,23,61.8,False,2,824.6,0
ag-01859,2026-05-17T18:45:00,E-315,coworking,east,lecture,33.5,30,14,319.1,0.75,14.6,23.3,57.3,435.8,48,34,55.2,True,5,529.8,0
ag-01860,2026-03-14T18:25:00,C-579,seminar,central,lab,52.3,44,36,483.8,0.658,10.5,25.1,62.9,743.8,74,9,60.7,False,5,927.7,0
ag-01861,2026-03-09T12:40:00,S-565,lecture,south,lecture,112.5,108,60,727.7,0.351,5.2,24.0,54.8,770.7,37,42,58.4,False,2,889.7,0
ag-01862,2026-05-11T16:00:00,E-417,lecture,east,exam,148.4,120,120,554.9,0.077,19.0,25.8,61.1,1234.0,65,32,70.3,True,7,1954.5,1
ag-01863,2026-04-28T12:40:00,C-256,coworking,central,lab,25.7,20,12,115.8,0.441,13.1,24.6,68.5,474.6,29,58,56.7,False,5,506.5,0
ag-01864,2026-05-04T12:15:00,S-255,seminar,south,lecture,57.0,48,33,229.1,0.241,14.5,23.6,60.1,759.7,55,36,58.1,True,6,857.5,0
ag-01865,2026-04-30T17:00:00,N-211,coworking,north,lecture,35.2,38,30,334.1,0.337,6.0,23.9,55.2,677.4,56,41,59.3,False,6,892.2,0
ag-01866,2026-03-24T17:05:00,N-415,seminar,north,none,43.8,31,17,275.6,0.853,14.1,20.8,52.3,438.5,18,59,61.3,True,4,497.9,0
ag-01867,2026-04-17T11:20:00,S-485,lecture,south,lecture,133.7,116,59,809.1,0.283,13.9,24.2,42.0,841.1,30,55,51.5,False,7,987.6,0
ag-01868,2026-03-06T15:15:00,C-215,lecture,central,practice,124.8,88,45,858.8,0.51,8.6,25.8,54.9,755.0,58,17,59.2,False,4,1069.1,0
ag-01869,2026-03-19T12:15:00,E-358,seminar,east,lecture,60.6,64,50,476.6,0.598,8.1,22.3,48.2,654.4,65,25,54.7,False,1,916.7,0
ag-01870,2026-05-02T13:35:00,E-434,lecture,east,lecture,152.2,106,109,426.8,0.216,9.0,27.0,60.6,995.5,69,16,59.5,True,7,1389.2,1
ag-01871,2026-03-01T08:40:00,S-532,seminar,south,none,54.0,41,11,331.9,0.458,1.2,21.8,31.6,476.1,67,32,40.4,False,6,623.7,0
ag-01872,2026-05-12T14:45:00,N-219,lab,north,practice,46.4,43,39,344.9,0.55,13.7,24.4,64.7,708.1,81,5,59.8,True,2,700.2,0
ag-01873,2026-04-10T10:35:00,E-418,lab,east,none,40.8,34,18,266.4,0.3,9.1,25.6,55.9,588.4,56,32,57.4,False,4,731.0,0
ag-01874,2026-02-20T11:10:00,E-205,lab,east,practice,24.6,27,26,214.0,0.268,-0.3,23.8,58.2,751.4,61,28,61.5,False,4,1021.0,0
ag-01875,2026-03-21T17:45:00,E-310,coworking,east,lab,51.7,36,32,268.8,0.649,12.3,22.8,61.0,631.3,50,27,67.6,False,3,617.5,0
ag-01876,2026-03-23T14:30:00,S-194,seminar,south,practice,23.0,21,15,104.9,0.235,9.4,21.4,65.8,536.8,58,38,60.2,False,4,630.3,0
ag-01877,2026-03-28T13:35:00,N-185,lab,north,practice,28.1,31,15,298.3,0.42,1.3,23.5,51.4,651.8,56,32,54.5,False,6,759.1,0
ag-01878,2026-05-04T08:40:00,S-318,seminar,south,exam,39.2,33,36,163.2,0.291,23.1,23.2,59.5,754.1,60,30,75.0,True,7,904.8,0
ag-01879,2026-03-17T17:15:00,S-134,lecture,south,lecture,85.2,94,75,1005.2,0.479,12.7,26.1,64.9,817.7,34,58,70.4,False,7,1258.9,1
ag-01880,2026-04-19T10:55:00,S-244,coworking,south,lab,50.2,53,28,701.0,0.748,13.6,23.8,57.9,587.1,47,42,54.6,False,7,676.0,0
ag-01881,2026-03-07T11:25:00,E-241,lecture,east,none,101.3,110,21,508.3,0.286,4.8,24.6,41.5,646.3,36,56,43.9,True,6,624.9,0
ag-01882,2026-03-02T08:05:00,E-331,lab,east,none,34.7,27,15,299.3,0.518,7.9,23.7,69.6,668.3,61,37,53.3,False,2,755.1,0
ag-01883,2026-04-23T14:05:00,C-310,lecture,central,lab,93.2,80,56,277.3,0.054,9.6,24.2,61.9,877.2,27,56,61.4,False,1,1196.1,1
ag-01884,2026-03-03T15:35:00,N-347,lecture,north,lecture,76.9,67,50,525.6,0.721,4.2,21.3,41.2,645.4,58,23,62.3,False,7,874.8,0
ag-01885,2026-04-28T10:25:00,S-340,lecture,south,none,124.5,111,56,512.2,0.348,5.2,26.9,54.1,851.4,44,56,52.7,False,1,1025.4,0
ag-01886,2026-02-18T13:20:00,W-255,lecture,west,practice,57.2,62,41,420.2,0.482,6.2,24.7,55.0,665.8,36,56,58.9,False,1,745.5,0
ag-01887,2026-03-20T16:25:00,C-287,lab,central,lecture,28.3,27,22,299.2,0.63,1.4,24.3,65.0,526.0,52,30,63.0,False,6,610.6,0
ag-01888,2026-03-28T08:05:00,C-104,lecture,central,lecture,135.1,123,71,681.9,0.551,6.7,20.5,41.9,846.7,90,6,62.8,False,3,1158.8,1
ag-01889,2026-04-09T09:15:00,S-366,seminar,south,lecture,62.5,47,44,226.1,0.349,10.4,23.8,50.0,879.0,61,33,60.9,False,1,1107.3,1
ag-01890,2026-02-15T12:45:00,W-109,lab,west,lab,31.3,24,11,210.1,0.753,3.0,21.6,49.1,570.3,90,0,62.4,False,1,603.5,0
ag-01891,2026-02-12T09:45:00,E-547,lecture,east,none,82.6,75,11,438.4,0.444,-1.0,19.8,49.0,437.1,31,43,42.5,False,2,594.1,0
ag-01892,2026-04-28T17:35:00,E-228,seminar,east,practice,19.0,20,16,108.0,0.472,12.1,23.7,67.9,553.2,34,43,59.1,False,7,583.6,0
ag-01893,2026-03-25T11:55:00,E-414,lab,east,practice,46.1,32,31,299.7,0.802,-0.8,24.7,55.2,467.4,7,74,67.6,False,3,572.7,0
ag-01894,2026-02-19T11:35:00,C-277,seminar,central,lecture,34.4,28,25,259.9,0.343,3.2,25.3,69.9,606.7,56,36,65.3,False,1,742.4,0
ag-01895,2026-02-09T17:20:00,N-122,seminar,north,exam,77.5,63,58,570.7,0.646,1.0,24.0,58.1,817.6,33,65,59.6,False,7,1048.4,0
ag-01896,2026-03-14T17:20:00,N-219,lab,north,lab,37.6,34,27,270.6,0.303,12.2,22.0,57.3,695.7,36,50,68.5,False,1,859.0,0
ag-01897,2026-02-27T13:25:00,W-534,lab,west,lab,57.7,41,27,335.9,0.377,5.9,23.3,56.9,586.2,23,61,65.8,False,3,735.8,0
ag-01898,2026-05-12T16:25:00,W-523,lecture,west,practice,119.4,128,111,725.8,0.473,24.5,24.1,54.0,1226.1,45,33,58.3,True,5,1742.8,1
ag-01899,2026-05-14T08:50:00,S-364,lecture,south,practice,71.4,73,58,397.4,0.375,8.2,23.6,58.5,966.3,88,0,58.2,True,4,1240.0,1
ag-01900,2026-04-10T11:15:00,W-558,seminar,west,lecture,82.6,62,48,453.3,0.303,15.1,23.1,48.7,702.6,12,90,76.1,False,7,876.7,0
ag-01901,2026-05-09T13:00:00,E-110,lab,east,none,20.1,18,4,126.2,0.55,11.0,24.7,50.6,543.3,40,56,49.4,True,1,553.4,0
ag-01902,2026-02-22T18:30:00,C-353,seminar,central,practice,67.4,50,24,407.9,0.724,-0.5,22.6,54.3,606.5,16,87,50.7,False,2,623.2,0
ag-01903,2026-04-28T12:20:00,W-546,lecture,west,practice,85.2,61,35,575.7,0.744,11.7,21.7,50.8,654.7,57,42,42.7,False,3,848.6,0
ag-01904,2026-02-11T17:05:00,C-109,seminar,central,lab,77.5,58,40,495.9,0.286,2.1,23.2,64.0,685.9,31,44,41.8,False,7,861.1,0
ag-01905,2026-04-22T13:05:00,C-576,seminar,central,lecture,41.8,35,23,141.2,0.14,17.8,21.4,44.5,595.6,22,70,51.4,False,1,713.1,0
ag-01906,2026-02-11T13:25:00,E-309,seminar,east,lab,30.2,22,17,216.7,0.41,2.9,23.4,52.7,553.5,19,90,49.1,False,3,582.8,0
ag-01907,2026-03-07T12:30:00,E-457,lecture,east,lab,106.0,110,60,722.5,0.244,0.2,25.5,56.7,936.4,84,4,51.3,False,3,1206.1,1
ag-01908,2026-04-13T14:35:00,W-544,seminar,west,lab,27.2,26,16,235.6,0.347,17.0,26.1,49.3,639.2,74,15,59.4,False,5,824.1,0
ag-01909,2026-04-16T08:55:00,E-514,lab,east,lecture,27.3,21,22,227.0,0.605,6.3,24.1,65.6,472.9,49,29,63.5,False,7,524.1,0
ag-01910,2026-02-24T11:45:00,E-231,seminar,east,none,61.4,43,2,223.6,0.266,2.6,20.9,42.9,380.0,20,61,42.7,False,7,383.4,0
ag-01911,2026-03-31T13:55:00,S-203,seminar,south,practice,52.6,41,29,373.2,0.401,8.9,25.4,66.3,559.2,50,44,63.8,True,3,662.6,0
ag-01912,2026-05-16T13:30:00,W-319,seminar,west,practice,39.1,34,23,209.2,0.279,12.3,24.2,57.2,696.9,68,22,44.4,True,6,806.1,0
ag-01913,2026-05-11T09:25:00,W-257,seminar,west,lab,58.0,53,63,303.0,0.425,17.6,26.5,66.2,805.4,56,31,68.1,True,3,1140.9,1
ag-01914,2026-03-09T16:45:00,C-184,coworking,central,lecture,46.8,40,43,231.6,0.34,8.0,26.8,74.9,656.5,51,37,66.9,False,5,933.1,0
ag-01915,2026-04-19T10:35:00,S-550,lab,south,practice,28.3,21,16,106.0,0.324,16.0,22.9,53.1,531.4,44,28,66.0,False,3,610.0,0
ag-01916,2026-02-20T13:55:00,E-177,coworking,east,practice,37.3,34,25,250.6,0.365,3.4,23.2,50.7,495.6,27,66,64.3,False,2,662.7,0
ag-01917,2026-05-01T15:15:00,C-551,lab,central,lecture,46.8,41,39,366.7,0.606,11.7,22.2,59.8,559.1,0,90,67.1,True,6,565.0,0
ag-01918,2026-03-11T13:45:00,C-322,lab,central,practice,31.8,31,19,142.5,0.351,11.7,25.7,67.7,654.3,82,7,50.2,False,5,755.4,0
ag-01919,2026-03-19T18:35:00,W-134,seminar,west,exam,57.7,61,56,475.5,0.329,4.1,25.7,67.1,906.4,33,51,58.4,True,2,1044.1,1
ag-01920,2026-03-17T12:30:00,N-105,seminar,north,lab,86.1,62,35,472.0,0.387,7.3,25.1,61.6,697.0,55,41,56.7,False,5,891.9,0
ag-01921,2026-03-21T13:40:00,E-271,lecture,east,lecture,69.0,57,37,281.4,0.309,-1.4,27.6,58.0,703.6,68,16,56.3,False,2,854.6,0
ag-01922,2026-03-22T12:45:00,C-141,lab,central,lab,48.1,38,19,184.9,0.419,2.7,22.5,34.7,574.1,24,61,57.1,False,1,761.7,0
ag-01923,2026-04-05T08:30:00,N-368,seminar,north,none,29.6,30,11,194.8,0.541,2.4,21.7,57.7,531.8,31,52,51.3,False,1,534.9,0
ag-01924,2026-04-29T09:45:00,C-313,seminar,central,lab,34.3,26,13,163.6,0.603,11.4,23.7,49.0,472.6,27,57,55.6,False,5,468.8,0
ag-01925,2026-02-22T08:05:00,N-174,lecture,north,lab,89.7,63,50,387.5,0.68,2.1,23.1,56.4,681.1,34,36,59.3,False,5,896.0,0
ag-01926,2026-02-25T13:25:00,N-197,seminar,north,lecture,63.6,57,60,445.9,0.296,8.8,25.0,57.3,782.7,25,66,67.5,True,2,1002.6,0
ag-01927,2026-03-17T17:50:00,C-103,lab,central,lecture,36.0,35,35,289.3,0.682,14.7,25.1,63.6,680.7,41,49,67.3,True,5,860.1,0
ag-01928,2026-04-24T15:25:00,S-433,lab,south,lecture,43.9,41,26,264.4,0.32,16.8,22.9,46.1,544.6,26,70,60.5,False,2,614.7,0
ag-01929,2026-02-11T12:10:00,E-155,lecture,east,practice,95.3,88,53,460.5,0.328,6.1,24.1,69.7,832.9,31,57,47.5,False,6,1036.5,0
ag-01930,2026-04-25T13:05:00,N-466,lab,north,practice,30.0,31,18,261.4,0.264,6.2,24.4,44.5,563.0,53,43,55.4,False,1,725.8,0
ag-01931,2026-02-28T08:55:00,N-285,lab,north,lecture,24.1,18,19,202.1,0.602,4.1,22.6,53.5,487.1,3,81,66.9,False,7,611.8,0
ag-01932,2026-04-30T16:40:00,W-147,lab,west,lecture,44.0,41,38,532.1,0.69,18.9,23.2,62.7,663.1,36,43,65.6,False,2,807.5,0
ag-01933,2026-03-15T17:20:00,W-427,lab,west,lecture,59.6,42,32,336.9,0.397,2.9,23.9,53.8,686.3,10,83,74.1,False,7,891.6,0
ag-01934,2026-05-08T15:25:00,N-433,lecture,north,none,63.6,59,33,354.9,0.562,13.0,23.0,51.2,615.4,33,61,57.0,True,1,701.3,0
ag-01935,2026-02-15T12:55:00,N-468,seminar,north,practice,70.4,61,54,360.8,0.266,1.4,22.3,65.4,844.7,33,57,63.4,False,1,1174.9,1
ag-01936,2026-05-15T18:10:00,N-415,seminar,north,lecture,51.7,49,58,429.6,0.587,18.8,26.8,69.1,826.9,0,90,70.7,True,6,1151.2,1
ag-01937,2026-05-15T11:40:00,W-436,lab,west,none,38.7,41,16,399.1,0.86,18.2,22.9,40.1,432.9,29,53,49.8,True,6,436.3,0
ag-01938,2026-02-22T17:10:00,C-378,lab,central,lab,50.2,38,30,417.2,0.671,2.2,26.2,63.4,533.7,0,90,59.0,False,5,663.5,0
ag-01939,2026-02-14T16:30:00,W-507,seminar,west,lab,64.2,53,37,230.9,0.203,1.0,23.0,45.1,630.7,0,84,65.0,False,7,828.4,0
ag-01940,2026-02-10T15:15:00,C-383,seminar,central,lab,65.1,60,60,666.6,0.736,-4.1,21.4,53.6,897.8,51,42,57.7,False,7,1213.2,1
ag-01941,2026-03-30T11:50:00,N-368,seminar,north,none,50.4,45,8,263.9,0.487,10.9,23.7,47.1,514.5,60,35,46.6,False,5,640.0,0
ag-01942,2026-05-11T12:05:00,N-354,coworking,north,lecture,23.9,22,22,202.9,0.552,30.2,24.3,69.9,543.1,19,70,61.8,True,7,527.2,0
ag-01943,2026-03-02T16:00:00,W-140,lab,west,lecture,38.2,28,12,236.5,0.544,1.8,25.0,44.8,567.8,33,63,47.1,False,3,588.7,0
ag-01944,2026-04-01T13:00:00,N-345,lecture,north,lecture,164.3,114,84,692.6,0.37,5.8,24.4,46.5,1148.4,45,49,61.6,False,4,1538.5,1
ag-01945,2026-05-12T12:50:00,S-521,lab,south,lab,20.5,19,11,148.7,0.773,8.2,22.0,74.2,512.2,90,9,56.0,True,2,605.5,0
ag-01946,2026-02-25T14:00:00,C-431,seminar,central,lecture,82.7,60,50,426.3,0.312,4.2,22.9,73.1,602.0,31,63,65.7,False,3,724.7,0
ag-01947,2026-05-03T18:50:00,E-488,lecture,east,lab,115.4,94,72,977.6,0.643,19.9,22.7,57.9,808.8,45,57,60.3,True,1,1071.3,0
ag-01948,2026-05-07T14:45:00,C-551,coworking,central,lecture,38.1,42,32,502.8,0.608,11.1,23.6,55.0,572.6,26,66,59.1,True,4,667.2,0
ag-01949,2026-02-21T09:05:00,W-294,seminar,west,practice,73.8,55,39,360.0,0.217,-14.0,24.8,62.5,662.4,30,48,56.7,False,5,762.7,0
ag-01950,2026-04-09T18:00:00,N-117,seminar,north,none,47.8,34,5,166.9,0.368,4.7,23.0,40.0,477.6,56,39,59.2,False,5,454.8,0
ag-01951,2026-05-11T13:30:00,S-208,coworking,south,none,43.4,48,1,210.9,0.08,22.3,22.8,49.8,483.9,23,68,47.2,True,7,530.0,0
ag-01952,2026-04-22T15:00:00,C-330,lab,central,lab,23.2,20,20,172.8,0.842,8.6,22.8,50.8,574.9,36,53,65.8,True,3,540.0,0
ag-01953,2026-02-11T10:15:00,S-471,lecture,south,lab,64.9,71,55,806.5,0.654,1.4,23.0,67.5,895.7,90,0,60.7,True,3,1021.5,0
ag-01954,2026-04-28T17:40:00,E-563,lab,east,practice,51.3,37,28,340.4,0.367,14.9,24.3,71.8,608.3,45,37,60.9,False,6,755.7,0
ag-01955,2026-04-16T12:05:00,E-502,lab,east,lecture,46.7,40,17,277.3,0.48,21.4,23.8,54.7,618.8,47,46,62.1,False,3,606.1,0
ag-01956,2026-03-31T10:15:00,W-466,lecture,west,practice,120.5,129,92,1102.9,0.606,7.0,21.3,63.7,1081.8,90,0,65.4,False,6,1401.1,1
ag-01957,2026-05-01T18:10:00,W-362,lecture,west,lecture,131.3,116,76,1357.6,0.596,14.7,26.1,54.9,840.7,43,49,52.7,True,4,1116.0,1
ag-01958,2026-05-18T13:15:00,W-535,seminar,west,none,39.8,40,5,188.5,0.076,11.1,25.3,44.8,541.0,51,38,41.8,True,5,624.5,0
ag-01959,2026-05-14T10:50:00,C-306,seminar,central,lab,49.1,46,46,239.7,0.476,15.9,25.0,75.2,725.7,35,49,57.8,True,3,768.0,0
ag-01960,2026-02-14T17:05:00,E-224,seminar,east,none,63.2,46,1,231.8,0.32,2.4,23.7,58.4,435.4,81,13,42.1,False,4,446.2,0
ag-01961,2026-02-12T15:30:00,S-382,lab,south,lecture,28.0,26,18,205.0,0.66,4.6,24.4,54.7,381.8,11,65,51.0,False,4,460.5,0
ag-01962,2026-05-13T14:55:00,C-302,lecture,central,lecture,130.2,109,100,1355.6,0.672,13.4,24.8,55.4,1071.5,70,12,65.2,True,6,1504.9,1
ag-01963,2026-05-04T16:30:00,E-249,seminar,east,lecture,41.8,33,26,128.8,0.193,17.7,22.9,52.8,704.3,57,34,60.2,True,6,811.7,0
ag-01964,2026-04-06T17:20:00,W-239,coworking,west,lecture,89.6,78,63,549.3,0.546,3.2,24.4,55.5,686.8,45,44,59.5,False,1,793.3,0
ag-01965,2026-05-14T10:40:00,W-188,lab,west,lecture,33.8,31,24,265.3,0.811,4.1,19.5,61.9,422.4,24,55,59.3,True,6,454.6,0
ag-01966,2026-03-16T10:45:00,S-334,lab,south,none,26.2,21,5,274.1,0.918,5.2,21.2,44.0,589.7,90,0,50.6,False,2,609.2,0
ag-01967,2026-02-11T18:45:00,S-297,lecture,south,lecture,130.3,99,61,499.4,0.127,-1.9,23.2,45.4,825.6,17,84,60.2,False,2,885.1,0
ag-01968,2026-04-30T15:30:00,E-143,lab,east,practice,24.3,18,18,149.2,0.535,7.4,19.9,58.8,520.4,38,53,64.7,True,1,656.9,0
ag-01969,2026-03-09T13:35:00,C-510,lecture,central,exam,156.4,110,106,983.0,0.795,6.6,25.3,64.8,1044.1,49,49,54.7,False,1,1340.6,1
ag-01970,2026-04-28T15:15:00,N-224,lecture,north,lab,104.1,89,92,532.2,0.337,7.1,23.3,64.0,1001.1,75,24,66.6,False,4,1365.5,1
ag-01971,2026-05-08T11:15:00,N-277,lecture,north,lecture,96.2,81,53,438.9,0.492,15.0,23.8,61.7,727.9,61,32,41.6,True,5,932.9,0
ag-01972,2026-04-05T11:00:00,C-187,seminar,central,lab,19.1,21,20,204.6,0.465,3.9,24.2,65.0,533.8,39,71,63.6,False,4,687.9,0
ag-01973,2026-03-05T15:10:00,C-506,seminar,central,lecture,64.2,56,40,502.9,0.67,4.0,23.7,64.8,519.0,0,82,56.0,True,7,761.0,0
ag-01974,2026-03-31T14:30:00,S-379,lecture,south,lecture,135.1,98,77,691.4,0.745,10.4,23.7,48.4,925.7,89,1,55.1,False,7,1257.1,1
ag-01975,2026-03-11T16:15:00,N-304,lecture,north,practice,85.4,69,34,321.0,0.364,6.1,23.4,43.7,673.4,58,26,50.7,False,7,774.6,0
ag-01976,2026-02-24T12:30:00,E-127,coworking,east,lecture,48.6,42,33,289.9,0.144,11.6,23.2,60.3,803.3,41,41,64.9,False,4,856.9,0
ag-01977,2026-04-08T10:20:00,E-121,coworking,east,lecture,60.3,66,49,323.9,0.221,12.8,24.9,50.5,802.6,50,38,61.3,False,5,1071.9,0
ag-01978,2026-03-22T15:50:00,C-337,lecture,central,lecture,120.0,89,54,686.3,0.705,6.7,24.8,62.1,636.8,28,65,52.6,False,7,843.9,0
ag-01979,2026-04-01T14:40:00,S-308,seminar,south,practice,63.4,45,34,267.4,0.604,9.7,24.2,62.1,652.6,14,77,55.1,False,3,879.7,0
ag-01980,2026-03-19T17:35:00,N-112,lecture,north,none,90.9,66,22,529.0,0.278,-1.7,21.9,53.1,552.4,42,44,46.5,True,5,628.8,0
ag-01981,2026-02-10T13:30:00,C-343,lecture,central,lecture,128.7,122,96,1143.8,0.397,5.4,23.8,54.5,1077.1,0,90,64.5,False,3,1299.0,1
ag-01982,2026-04-14T18:55:00,N-228,seminar,north,lecture,68.5,50,41,462.9,0.42,13.9,24.7,62.2,734.1,4,81,61.1,False,2,987.7,0
ag-01983,2026-04-18T11:55:00,S-239,lecture,south,none,143.8,101,16,909.0,0.373,15.5,22.0,41.3,724.6,80,22,54.5,False,1,878.7,0
ag-01984,2026-03-07T13:40:00,E-590,lab,east,lecture,48.5,43,32,500.6,0.593,1.0,24.9,73.6,714.9,82,6,65.3,False,6,837.7,0
ag-01985,2026-02-25T17:30:00,N-517,coworking,north,lab,64.2,45,36,315.2,0.322,5.4,25.4,62.1,680.8,52,43,61.0,False,1,841.5,0
ag-01986,2026-05-11T14:50:00,C-405,coworking,central,practice,96.6,78,41,973.2,0.673,5.7,22.5,55.1,702.8,31,44,45.4,True,4,789.4,0
ag-01987,2026-04-07T11:40:00,C-504,lecture,central,practice,104.8,112,63,1446.9,0.702,1.0,23.5,65.8,742.0,16,71,54.9,False,2,964.5,0
ag-01988,2026-03-09T18:30:00,C-407,lab,central,lab,27.4,23,14,256.7,0.708,15.8,22.1,45.0,390.8,17,73,54.0,False,1,371.4,0
ag-01989,2026-04-06T16:35:00,N-393,lecture,north,lab,97.4,86,71,719.2,0.506,14.4,25.3,57.3,1004.5,59,27,65.1,False,1,1336.5,1
ag-01990,2026-03-15T14:40:00,C-241,lecture,central,lecture,127.2,96,70,544.2,0.097,2.7,24.1,51.1,1128.6,58,42,60.8,False,2,1394.6,1
ag-01991,2026-02-11T11:00:00,N-452,seminar,north,lab,40.6,29,22,125.9,0.102,-7.7,24.0,59.8,772.7,90,0,65.1,False,1,763.0,0
ag-01992,2026-04-12T16:55:00,E-550,coworking,east,practice,59.1,42,33,279.1,0.196,19.5,22.0,73.7,737.4,26,70,61.2,False,3,873.7,0
ag-01993,2026-04-04T17:20:00,S-476,lecture,south,lab,121.8,105,75,1064.6,0.459,6.5,23.7,46.3,919.9,15,61,62.9,True,5,1258.4,1
ag-01994,2026-03-27T14:20:00,C-324,seminar,central,practice,39.7,29,14,158.5,0.307,3.1,22.6,64.8,507.7,69,26,57.3,False,2,602.1,0
ag-01995,2026-02-13T11:50:00,S-171,coworking,south,exam,37.1,34,29,163.9,0.377,-0.1,22.2,70.9,717.7,68,10,63.4,False,3,868.5,0
ag-01996,2026-04-29T17:20:00,E-573,coworking,east,none,57.6,60,34,461.8,0.597,7.0,22.4,60.1,593.6,29,52,52.4,False,5,722.5,0
ag-01997,2026-05-12T13:35:00,W-569,seminar,west,lecture,70.9,53,47,308.5,0.217,12.3,25.3,61.5,709.9,16,74,61.4,True,5,964.5,0
ag-01998,2026-03-10T15:15:00,W-387,seminar,west,none,58.9,44,1,335.1,0.486,8.9,21.2,39.6,380.0,14,67,48.8,False,1,301.3,0
ag-01999,2026-02-25T17:15:00,W-360,lecture,west,lecture,106.5,81,68,718.3,0.727,-2.6,23.9,74.1,889.1,60,32,58.4,False,3,1152.5,1
ag-02000,2026-05-06T18:25:00,S-333,lecture,south,practice,113.6,98,84,516.6,0.114,9.5,24.8,59.9,1140.5,30,59,55.6,True,4,1495.8,1
ag-02001,2026-03-19T13:45:00,N-223,seminar,north,lecture,58.5,50,30,505.9,0.462,5.0,23.5,48.9,645.0,49,34,59.1,False,5,921.0,0
ag-02002,2026-02-23T08:25:00,W-124,seminar,west,practice,52.8,55,32,432.5,0.406,3.6,21.9,62.0,624.6,11,81,59.9,False,5,705.1,0
ag-02003,2026-05-05T17:55:00,N-209,seminar,north,practice,51.1,54,50,437.3,0.23,13.3,25.6,60.6,852.3,51,42,64.3,True,7,1095.6,1
ag-02004,2026-02-15T12:10:00,E-263,lab,east,exam,37.7,29,33,292.2,0.61,-3.4,25.3,67.4,533.3,45,49,66.6,False,5,639.5,0
ag-02005,2026-04-06T16:45:00,S-278,seminar,south,lecture,43.2,39,34,274.8,0.317,17.0,24.7,64.3,675.3,67,20,60.4,False,4,899.8,0
ag-02006,2026-04-19T12:40:00,N-514,seminar,north,practice,27.0,25,16,152.7,0.595,7.9,21.6,55.6,526.4,38,41,55.7,False,2,520.6,0
ag-02007,2026-02-10T14:05:00,W-416,seminar,west,practice,38.9,34,25,166.6,0.378,-8.3,23.5,59.5,545.4,46,49,58.7,False,3,638.7,0
ag-02008,2026-04-29T10:15:00,S-516,seminar,south,lecture,51.5,54,39,301.6,0.106,11.5,24.4,62.0,836.8,24,56,63.5,False,4,1000.5,0
ag-02009,2026-03-01T08:10:00,N-293,lab,north,lecture,32.8,24,18,231.0,0.99,5.0,25.1,51.8,537.6,24,58,56.4,True,1,580.4,0
ag-02010,2026-02-26T14:15:00,S-407,seminar,south,lecture,63.3,53,28,358.6,0.244,-0.3,21.6,60.3,518.2,55,42,46.6,False,7,646.4,0
ag-02011,2026-02-19T13:55:00,S-162,lab,south,none,55.9,41,6,270.6,0.43,2.8,20.7,64.5,431.8,19,66,43.4,False,1,408.6,0
ag-02012,2026-03-11T09:10:00,S-506,seminar,south,exam,26.5,24,25,149.9,0.463,10.1,25.4,65.9,604.2,24,73,62.0,False,1,758.3,0
ag-02013,2026-04-25T13:50:00,W-261,lecture,west,lecture,117.9,117,76,717.0,0.323,14.2,25.0,51.9,925.9,0,89,52.4,False,5,1098.7,0
ag-02014,2026-03-21T16:10:00,E-282,seminar,east,practice,62.1,64,44,347.2,0.35,9.0,23.5,50.9,825.0,43,50,51.7,False,3,993.2,0
ag-02015,2026-05-18T15:35:00,N-131,lecture,north,practice,67.2,62,55,656.7,0.529,15.4,22.3,65.1,864.0,90,0,62.8,True,5,996.5,0
ag-02016,2026-04-24T09:20:00,W-223,lab,west,lab,48.7,40,26,221.3,0.509,12.9,25.0,57.2,496.0,37,66,66.0,True,4,686.2,0
ag-02017,2026-03-22T15:05:00,W-527,coworking,west,lecture,52.5,53,44,258.7,0.176,10.8,26.3,69.5,805.3,33,55,60.4,False,5,1046.8,1
ag-02018,2026-03-09T15:30:00,C-372,coworking,central,lecture,30.6,31,37,270.9,0.425,8.3,22.4,85.5,658.0,42,39,71.7,True,1,827.6,0
ag-02019,2026-04-04T08:05:00,E-404,lecture,east,lab,136.2,110,56,1122.8,0.638,7.0,22.1,55.5,693.2,37,47,50.0,False,7,936.8,0
ag-02020,2026-05-07T15:20:00,W-364,lab,west,lab,53.4,37,22,394.9,0.603,9.3,23.7,56.8,505.5,35,54,64.4,True,3,771.5,0
ag-02021,2026-05-06T08:40:00,E-207,seminar,east,lecture,24.2,23,24,104.5,0.165,19.2,23.3,58.6,808.2,62,37,64.4,True,7,1000.7,0
ag-02022,2026-04-14T11:55:00,S-352,lecture,south,practice,82.6,65,55,390.2,0.337,10.0,25.3,56.5,765.3,7,83,51.2,False,7,1010.9,0
ag-02023,2026-05-14T18:00:00,C-225,lecture,central,lecture,65.0,57,63,461.3,0.74,16.3,22.4,79.5,852.0,9,90,72.2,True,5,1045.3,0
ag-02024,2026-04-10T11:50:00,E-576,lab,east,practice,25.3,21,16,139.3,0.341,10.0,21.4,64.4,527.9,5,87,67.0,True,4,602.6,0
ag-02025,2026-03-30T17:25:00,S-225,seminar,south,none,27.5,26,9,194.3,0.549,13.9,23.5,40.1,592.2,90,0,54.1,False,7,604.5,0
ag-02026,2026-04-22T17:25:00,S-201,lecture,south,practice,161.6,117,67,758.2,0.615,14.6,26.3,62.4,730.0,23,70,64.5,False,1,1017.5,1
ag-02027,2026-05-18T15:55:00,E-323,lecture,east,none,122.9,108,48,783.7,0.177,14.1,22.4,46.7,780.1,37,47,54.8,True,5,1011.5,0
ag-02028,2026-03-22T13:50:00,W-386,lecture,west,lecture,101.5,95,75,1064.8,0.542,14.1,26.0,65.5,1007.8,63,23,69.6,False,4,1316.1,1
ag-02029,2026-05-16T14:40:00,S-489,coworking,south,lab,63.2,62,57,519.3,0.388,16.9,26.1,54.1,802.2,24,69,71.2,True,5,997.0,0
ag-02030,2026-02-21T11:45:00,E-304,lecture,east,practice,152.3,126,87,1071.3,0.645,2.3,24.5,54.2,1055.0,27,82,52.3,True,7,1503.2,1
ag-02031,2026-04-24T15:25:00,N-571,lab,north,lecture,20.1,21,19,221.2,0.622,8.6,22.5,60.5,440.8,0,86,72.9,False,5,590.4,0
ag-02032,2026-02-18T17:50:00,S-204,lecture,south,practice,148.7,120,79,1257.8,0.6,-0.1,24.1,46.7,869.7,0,82,61.4,False,1,1118.5,1
ag-02033,2026-05-03T14:30:00,S-516,lab,south,exam,39.6,35,41,345.3,0.832,13.7,26.3,58.1,619.1,42,46,72.2,True,3,739.7,0
ag-02034,2026-03-06T16:50:00,W-488,lecture,west,lecture,115.1,90,60,858.0,0.552,4.9,24.0,47.4,845.5,76,13,60.5,False,7,1150.4,1
ag-02035,2026-02-23T18:55:00,N-470,lab,north,exam,52.1,38,34,274.5,0.303,-1.9,27.1,42.7,689.4,50,39,58.4,False,2,925.9,0
ag-02036,2026-02-28T09:10:00,C-489,lab,central,exam,39.3,41,30,387.3,0.431,-7.3,24.0,51.1,674.1,57,42,56.6,False,2,907.6,0
ag-02037,2026-05-15T08:20:00,C-275,lecture,central,lecture,147.0,102,106,387.8,0.164,20.0,25.2,71.8,1303.4,44,53,77.2,True,4,1870.1,1
ag-02038,2026-03-22T12:30:00,S-174,lab,south,practice,46.9,43,24,346.1,0.656,8.9,21.8,63.0,580.6,90,4,56.0,False,2,670.3,0
ag-02039,2026-04-02T17:55:00,N-214,lab,north,none,36.4,30,3,159.9,0.259,6.9,20.9,36.5,409.3,34,44,43.6,False,1,372.8,0
ag-02040,2026-03-06T10:50:00,S-400,lecture,south,practice,162.4,121,53,692.2,0.401,5.9,24.1,46.6,823.2,34,55,54.2,False,2,1109.7,1
ag-02041,2026-04-24T17:10:00,C-453,seminar,central,lecture,33.7,26,21,207.0,0.571,19.3,25.6,67.5,613.6,44,44,67.4,False,7,912.4,0
ag-02042,2026-05-04T14:45:00,E-402,lecture,east,lecture,109.9,77,72,714.5,0.688,17.5,23.8,50.4,1074.2,71,14,66.3,True,2,1226.4,1
ag-02043,2026-03-18T11:40:00,N-394,lab,north,lecture,43.1,36,21,179.3,0.419,15.1,23.7,60.6,498.2,9,80,61.9,False,6,621.3,0
ag-02044,2026-03-10T11:30:00,N-285,lecture,north,lab,78.2,84,58,592.6,0.436,1.1,21.9,51.3,783.8,19,61,66.6,True,5,1102.5,1
ag-02045,2026-03-08T16:30:00,W-460,lecture,west,practice,90.2,70,47,599.7,0.565,9.2,22.3,39.5,792.4,46,38,55.9,False,7,1000.9,0
ag-02046,2026-03-20T12:20:00,C-276,lab,central,none,22.7,18,0,144.5,0.535,2.7,18.7,54.6,380.7,53,26,47.8,False,2,536.5,0
ag-02047,2026-03-27T16:15:00,N-195,lecture,north,lab,136.3,101,68,1126.0,0.571,8.2,22.9,59.6,694.4,27,62,67.3,False,6,936.3,0
ag-02048,2026-04-13T14:10:00,W-572,lab,west,lecture,48.7,34,25,297.9,0.385,10.4,22.6,50.6,725.4,72,20,56.2,True,7,896.3,0
ag-02049,2026-02-28T18:35:00,E-576,lab,east,none,49.7,35,5,190.0,0.255,0.6,23.3,47.8,459.1,23,77,42.0,False,5,390.3,0
ag-02050,2026-04-01T15:45:00,C-291,lab,central,lecture,52.2,44,36,318.6,0.415,18.9,25.4,65.0,706.5,37,58,51.5,False,4,872.2,0
ag-02051,2026-04-27T08:20:00,S-505,lecture,south,lecture,63.1,58,50,274.3,0.149,18.3,24.9,59.9,760.2,15,62,74.2,False,5,1011.6,0
ag-02052,2026-04-15T11:15:00,N-173,lab,north,exam,47.2,36,38,262.1,0.267,14.4,25.8,53.6,714.0,23,56,72.5,False,3,961.3,0
ag-02053,2026-03-14T08:25:00,S-420,lab,south,practice,35.6,35,16,209.6,0.375,5.8,23.2,41.0,447.0,14,90,58.6,False,3,456.5,0
ag-02054,2026-03-31T09:45:00,C-292,lecture,central,lecture,91.9,91,66,599.5,0.532,-2.2,23.2,68.3,878.6,23,61,58.5,False,3,1215.1,1
ag-02055,2026-04-13T08:30:00,C-536,seminar,central,practice,32.5,24,10,217.9,0.531,13.4,23.7,51.1,588.2,73,23,49.0,False,5,486.5,0
ag-02056,2026-02-28T09:35:00,E-424,lab,east,lecture,51.5,43,25,439.6,0.551,-2.7,21.1,61.6,576.1,25,72,53.5,False,6,706.2,0
ag-02057,2026-03-19T16:35:00,S-420,lab,south,exam,46.0,41,38,533.3,0.802,6.2,22.9,61.9,589.2,38,38,65.6,False,5,595.0,0
ag-02058,2026-04-06T09:50:00,E-191,coworking,east,lecture,52.4,44,31,416.8,0.8,13.7,25.9,64.7,529.2,13,71,59.7,True,2,689.1,0
ag-02059,2026-05-07T14:25:00,E-560,seminar,east,practice,75.4,53,39,674.2,0.785,8.2,22.8,65.0,524.3,5,76,51.5,True,6,586.3,0
ag-02060,2026-02-09T12:30:00,W-116,coworking,west,lecture,63.2,59,53,541.6,0.427,1.3,24.1,67.8,610.8,0,88,69.6,False,1,858.7,0
ag-02061,2026-04-08T09:15:00,S-381,lecture,south,exam,81.1,76,64,260.3,0.106,14.5,22.6,60.3,861.0,49,45,54.0,False,4,1040.8,0
ag-02062,2026-03-03T18:15:00,W-177,lab,west,none,39.3,34,11,409.6,0.885,10.3,22.8,36.4,505.8,57,51,48.4,False,6,576.7,0
ag-02063,2026-04-03T17:15:00,C-258,lab,central,lab,39.3,28,20,184.3,0.706,8.6,23.8,60.4,510.6,49,39,67.7,False,7,546.9,0
ag-02064,2026-03-21T11:50:00,W-104,lecture,west,none,88.5,69,10,562.1,0.571,9.7,23.3,54.9,563.5,89,0,40.6,False,5,615.4,0
ag-02065,2026-04-05T09:50:00,S-569,coworking,south,exam,37.1,28,29,337.6,0.649,23.2,24.1,83.2,440.3,19,67,65.0,False,3,484.8,0
ag-02066,2026-05-14T15:50:00,S-307,seminar,south,lab,53.1,47,42,467.2,0.535,10.9,23.8,70.6,751.5,17,55,65.7,True,1,926.9,0
ag-02067,2026-03-10T15:05:00,W-258,lecture,west,practice,151.8,120,69,1329.1,0.507,5.5,24.6,66.0,819.2,36,64,57.7,False,6,1028.9,0
ag-02068,2026-02-20T13:45:00,W-565,coworking,west,lab,70.2,68,37,505.6,0.317,2.3,20.9,47.9,780.9,71,12,59.4,False,3,975.7,0
ag-02069,2026-02-18T08:40:00,N-399,coworking,north,practice,18.7,20,14,177.1,0.515,14.2,24.0,59.9,698.8,74,0,70.6,False,2,688.4,0
ag-02070,2026-02-26T10:35:00,E-144,lecture,east,practice,102.4,77,73,504.0,0.404,1.1,23.9,72.4,768.7,6,90,63.2,False,1,1145.7,1
ag-02071,2026-03-20T09:40:00,C-165,seminar,central,none,63.1,51,2,509.1,0.494,6.5,20.5,54.7,471.9,90,5,40.8,False,4,491.0,0
ag-02072,2026-04-23T12:40:00,E-507,lab,east,exam,24.4,19,17,130.3,0.476,13.1,20.8,63.8,558.0,37,49,62.2,False,5,736.8,0
ag-02073,2026-03-13T13:35:00,S-596,seminar,south,lecture,28.8,25,19,192.5,0.439,6.8,22.7,55.5,492.5,10,90,58.1,True,3,631.2,0
ag-02074,2026-04-02T08:10:00,E-549,lab,east,practice,38.7,38,18,543.3,0.929,17.0,22.8,55.4,468.9,47,47,57.7,False,6,493.2,0
ag-02075,2026-02-15T09:30:00,E-230,lecture,east,none,99.4,87,2,577.9,0.135,2.0,22.3,48.1,392.9,9,87,42.6,False,7,364.6,0
ag-02076,2026-05-04T17:55:00,S-469,lecture,south,none,81.0,80,31,833.5,0.511,15.4,22.4,52.1,628.3,39,45,52.3,True,2,701.1,0
ag-02077,2026-02-24T09:40:00,C-132,lab,central,practice,35.4,25,19,192.7,0.651,-9.4,23.7,63.4,380.0,8,75,60.7,False,6,511.6,0
ag-02078,2026-04-06T15:15:00,C-354,lab,central,exam,41.2,40,22,372.2,0.703,8.2,23.9,50.4,522.3,0,86,54.0,False,3,702.7,0
ag-02079,2026-05-03T08:40:00,N-511,lab,north,none,48.6,43,25,302.1,0.453,20.0,22.0,64.1,717.7,58,34,53.5,True,3,739.7,0
ag-02080,2026-02-12T15:05:00,C-571,lecture,central,lab,102.0,108,64,492.5,0.257,0.2,22.4,62.0,721.6,0,87,52.9,False,2,1018.9,0
ag-02081,2026-02-18T11:05:00,S-241,lab,south,practice,30.6,30,12,353.5,0.837,-5.2,22.9,43.2,447.6,76,19,53.8,False,7,561.6,0
ag-02082,2026-04-17T11:30:00,S-224,seminar,south,lab,34.5,35,24,260.9,0.28,13.5,23.5,58.5,581.6,41,39,65.9,False,3,625.0,0
ag-02083,2026-03-24T13:40:00,E-454,coworking,east,lecture,81.3,76,56,843.8,0.551,14.3,23.6,61.2,750.7,56,37,61.0,False,5,1136.2,1
ag-02084,2026-02-19T09:15:00,N-232,coworking,north,lecture,32.6,36,29,356.9,0.502,-5.0,24.9,57.2,630.8,39,49,63.8,False,6,646.1,0
ag-02085,2026-02-17T15:05:00,W-314,coworking,west,lecture,39.9,41,37,301.8,0.58,9.2,22.4,42.9,664.2,10,75,63.5,False,5,732.7,0
ag-02086,2026-04-16T16:55:00,C-518,lecture,central,lab,117.6,105,65,659.8,0.05,8.2,24.6,54.1,764.8,59,28,58.3,False,7,1065.3,0
ag-02087,2026-04-04T14:25:00,E-202,lecture,east,lecture,98.2,100,98,960.7,0.506,7.9,24.3,51.7,1094.2,78,21,63.3,False,5,1519.3,1
ag-02088,2026-03-20T08:50:00,C-585,lab,central,lab,46.4,43,32,530.9,0.718,7.2,23.0,70.5,726.1,60,36,62.8,False,5,763.9,0
ag-02089,2026-04-14T12:45:00,N-440,seminar,north,practice,52.5,42,17,219.3,0.491,8.7,22.7,40.9,491.3,26,63,58.3,False,3,504.5,0
ag-02090,2026-02-21T08:25:00,N-274,seminar,north,none,79.9,61,15,326.0,0.123,-7.1,21.4,63.2,704.1,31,50,40.3,False,7,650.1,0
ag-02091,2026-04-17T08:15:00,W-499,lab,west,lab,48.4,44,19,309.3,0.559,7.6,21.9,56.8,392.1,5,90,55.6,False,4,352.8,0
ag-02092,2026-05-10T10:55:00,W-230,seminar,west,practice,80.0,56,55,429.4,0.555,25.4,26.3,61.2,780.1,52,46,65.9,True,1,1184.3,1
ag-02093,2026-03-23T15:00:00,W-246,coworking,west,lecture,37.4,38,33,201.9,0.125,-6.2,24.9,60.7,726.4,22,53,69.9,False,7,850.8,0
ag-02094,2026-02-24T16:00:00,S-403,seminar,south,lab,47.2,39,31,160.0,0.132,6.4,23.2,69.2,731.3,40,65,67.7,False,3,778.1,0
ag-02095,2026-03-28T10:25:00,N-529,lecture,north,lecture,103.3,114,70,768.2,0.286,13.0,25.4,53.3,988.3,20,52,62.6,False,2,1319.8,1
ag-02096,2026-03-16T12:10:00,N-532,lab,north,lab,25.6,18,15,110.4,0.392,0.4,24.8,51.5,519.9,40,46,64.5,False,6,614.0,0
ag-02097,2026-04-28T13:00:00,C-510,lab,central,practice,35.7,25,19,199.5,0.356,11.5,24.9,51.3,605.2,38,52,60.5,False,7,639.4,0
ag-02098,2026-05-17T08:25:00,S-218,seminar,south,practice,22.3,23,14,135.2,0.393,17.0,22.5,60.4,562.9,23,69,64.2,True,2,612.7,0
ag-02099,2026-03-31T13:15:00,S-539,lab,south,none,46.5,40,8,424.7,0.743,10.1,23.3,43.6,485.5,79,0,47.2,False,5,496.8,0
ag-02100,2026-04-17T11:40:00,N-543,lecture,north,lecture,83.9,93,74,1161.8,0.686,10.6,24.4,52.8,932.1,16,71,49.1,True,3,1261.5,1
ag-02101,2026-03-10T14:15:00,E-257,lecture,east,none,165.0,117,28,1098.6,0.661,2.9,21.9,44.9,516.3,34,55,51.8,False,6,504.7,0
ag-02102,2026-05-07T11:00:00,W-417,seminar,west,practice,60.5,53,41,534.9,0.923,20.3,25.7,65.6,643.5,19,64,64.3,True,7,822.7,0
ag-02103,2026-04-21T13:45:00,W-539,seminar,west,lecture,65.9,52,30,371.1,0.207,14.4,24.9,45.0,680.6,74,13,49.1,False,7,783.2,0
ag-02104,2026-02-17T18:10:00,E-269,lecture,east,lecture,101.0,81,87,762.1,0.48,-1.1,24.8,70.6,1078.9,73,18,68.7,False,5,1440.2,1
ag-02105,2026-05-15T09:15:00,C-321,seminar,central,exam,23.6,23,24,227.8,0.509,22.8,22.4,72.4,622.5,57,29,70.5,True,5,768.5,0
ag-02106,2026-02-18T08:30:00,N-581,lecture,north,lab,100.1,102,78,1256.2,0.794,11.0,25.0,68.2,913.2,13,85,65.6,False,6,1308.3,1
ag-02107,2026-03-17T17:10:00,N-252,lab,north,lab,25.7,22,12,94.2,0.243,3.3,23.6,56.7,648.9,78,12,55.7,False,4,664.9,0
ag-02108,2026-03-24T10:55:00,C-297,lab,central,lab,25.5,25,20,188.4,0.56,-5.2,24.7,52.2,549.3,11,69,51.2,False,7,557.5,0
ag-02109,2026-03-11T18:35:00,C-266,lab,central,none,30.8,29,5,213.7,0.474,5.2,23.3,31.0,433.0,28,61,38.2,False,3,442.1,0
ag-02110,2026-03-08T14:40:00,S-203,lecture,south,practice,119.7,83,62,569.8,0.313,9.8,23.9,45.6,1015.8,64,37,65.1,False,5,1243.5,1
ag-02111,2026-04-03T08:50:00,C-483,lecture,central,practice,130.4,125,78,1022.3,0.462,20.1,23.6,56.9,808.6,4,90,54.5,False,7,1040.3,0
ag-02112,2026-03-15T11:45:00,N-571,coworking,north,lecture,60.1,44,33,341.5,0.534,7.7,24.9,69.9,628.6,29,61,56.8,False,6,759.1,0
ag-02113,2026-05-11T16:00:00,C-352,coworking,central,none,33.6,36,27,215.8,0.423,10.2,24.1,47.4,652.3,60,39,65.9,True,6,723.3,0
ag-02114,2026-03-12T11:05:00,E-468,seminar,east,lab,72.2,61,32,391.0,0.73,6.0,24.3,59.7,722.6,39,59,53.3,False,6,801.3,0
ag-02115,2026-04-10T12:20:00,W-331,lecture,west,lecture,107.0,88,64,960.9,0.82,4.4,23.2,62.4,888.8,49,46,56.3,False,5,1072.3,0
ag-02116,2026-03-22T11:00:00,W-276,lecture,west,lab,142.1,117,90,1130.4,0.439,11.2,20.7,47.4,1097.9,39,63,60.0,False,1,1474.8,1
ag-02117,2026-05-01T10:05:00,N-524,seminar,north,lecture,68.6,59,52,377.9,0.089,15.9,24.4,58.2,759.8,0,90,55.1,True,5,855.5,0
ag-02118,2026-03-11T10:55:00,W-543,lab,west,practice,20.6,19,17,146.2,0.467,5.4,27.4,66.7,661.8,90,10,69.2,False,3,806.1,0
ag-02119,2026-04-27T13:05:00,N-290,seminar,north,none,36.7,26,3,182.4,0.313,8.4,22.2,42.0,441.2,43,49,39.5,False,4,340.6,0
ag-02120,2026-04-26T14:55:00,N-149,seminar,north,practice,38.5,42,36,168.8,0.234,6.4,24.5,63.2,624.8,24,61,56.0,False,2,801.8,0
ag-02121,2026-05-16T16:40:00,C-177,lab,central,exam,30.0,23,21,170.0,0.325,22.2,21.9,69.9,660.2,33,62,69.5,True,7,714.6,0
ag-02122,2026-05-14T17:40:00,N-264,seminar,north,practice,29.5,22,15,256.5,0.824,23.3,25.3,60.5,477.7,46,50,65.6,True,4,626.9,0
ag-02123,2026-03-29T10:40:00,S-148,seminar,south,none,54.5,51,16,500.1,0.774,-6.2,24.2,51.8,481.0,46,30,58.4,False,7,487.9,0
ag-02124,2026-05-17T08:45:00,W-414,seminar,west,exam,36.1,37,32,394.1,0.738,17.7,25.0,51.7,607.7,42,49,77.5,True,4,802.1,0
ag-02125,2026-03-27T15:15:00,S-442,lecture,south,lecture,66.2,58,48,242.5,0.262,5.8,25.4,53.6,840.1,59,19,60.7,False,4,1033.3,0
ag-02126,2026-02-19T10:15:00,S-264,lab,south,practice,39.6,31,23,195.4,0.495,2.1,23.0,61.4,556.6,23,67,60.5,False,4,643.5,0
ag-02127,2026-05-11T14:00:00,C-466,seminar,central,practice,61.8,62,43,519.1,0.403,14.6,25.8,52.1,840.1,90,7,59.5,True,5,920.8,0
ag-02128,2026-03-23T14:45:00,N-265,lab,north,practice,23.9,21,16,206.8,0.687,16.9,23.9,56.8,447.1,32,56,57.0,False,6,445.4,0
ag-02129,2026-03-23T11:15:00,W-497,seminar,west,practice,75.3,57,33,398.6,0.513,6.4,23.9,49.0,522.7,26,63,57.5,False,3,717.4,0
ag-02130,2026-02-28T16:05:00,N-353,lecture,north,practice,146.0,123,51,795.5,0.136,-0.6,23.7,51.8,849.8,60,19,54.3,False,4,1170.9,1
ag-02131,2026-03-04T18:40:00,E-496,lecture,east,lab,78.4,62,41,595.5,0.442,2.4,26.3,54.2,648.9,53,36,58.1,False,7,750.8,0
ag-02132,2026-03-04T12:30:00,E-106,coworking,east,none,38.9,39,5,256.4,0.619,4.5,23.2,37.8,380.0,7,90,52.1,False,1,459.3,0
ag-02133,2026-03-07T09:00:00,C-157,coworking,central,practice,52.6,55,54,465.1,0.333,-0.2,24.2,69.8,818.8,21,68,69.1,False,5,1011.4,0
ag-02134,2026-04-11T14:55:00,C-233,lab,central,practice,29.3,29,22,140.6,0.38,9.1,22.8,54.6,469.7,0,87,57.4,False,2,448.8,0
ag-02135,2026-02-18T17:05:00,E-261,coworking,east,lab,60.8,58,48,675.4,0.595,-3.3,24.8,50.1,783.1,20,82,53.4,False,2,941.6,0
ag-02136,2026-03-28T08:10:00,N-481,lab,north,practice,25.2,20,15,209.5,0.562,10.2,24.3,51.3,489.9,35,59,62.6,False,2,629.8,0
ag-02137,2026-04-18T08:40:00,N-346,lab,north,practice,43.2,30,20,293.4,0.5,16.5,23.6,64.7,511.5,49,54,60.2,False,6,472.9,0
ag-02138,2026-04-26T15:05:00,C-245,lab,central,lab,33.9,37,24,299.1,0.624,11.0,21.9,61.6,620.2,55,38,62.2,False,5,696.2,0
ag-02139,2026-03-08T14:55:00,S-509,lecture,south,lecture,147.3,107,91,597.2,0.376,3.6,24.1,47.0,1180.5,43,45,57.8,False,5,1692.8,1
ag-02140,2026-03-21T16:20:00,E-497,seminar,east,lecture,31.2,27,19,245.7,0.713,1.6,21.3,68.7,398.4,6,90,57.4,False,3,564.8,0
ag-02141,2026-02-18T10:35:00,W-128,lab,west,lecture,54.2,42,21,499.8,0.653,-3.4,23.6,43.4,528.8,30,65,50.7,False,4,617.9,0
ag-02142,2026-05-07T12:55:00,C-521,lecture,central,practice,96.2,106,48,876.0,0.649,20.9,24.0,50.6,819.8,83,0,45.0,True,1,912.3,0
ag-02143,2026-04-26T10:25:00,N-203,seminar,north,practice,37.4,30,22,292.4,0.75,20.6,22.8,51.9,546.1,36,47,61.0,False,3,679.7,0
ag-02144,2026-02-17T10:45:00,E-122,lecture,east,lecture,68.8,76,15,530.6,0.325,-8.3,25.2,48.6,641.0,90,15,53.9,False,3,811.9,0
ag-02145,2026-03-26T08:55:00,W-518,lecture,west,lecture,70.2,56,36,336.0,0.183,9.9,21.6,55.7,730.7,37,52,62.9,False,7,823.0,0
ag-02146,2026-04-16T18:40:00,W-326,lab,west,exam,17.4,18,13,205.9,0.618,18.8,21.9,47.9,528.3,39,45,63.5,False,3,586.2,0
ag-02147,2026-03-10T08:35:00,C-571,seminar,central,exam,49.6,39,44,247.3,0.106,9.4,25.7,48.0,793.9,9,86,64.2,False,6,875.2,0
ag-02148,2026-05-08T16:40:00,S-289,lecture,south,lab,162.8,114,91,844.5,0.674,15.0,24.4,61.5,1067.9,0,82,72.1,True,7,1380.1,1
ag-02149,2026-03-10T10:45:00,W-259,lecture,west,none,133.2,109,4,830.8,0.735,3.6,23.8,36.1,461.7,71,36,45.8,False,7,617.6,0
ag-02150,2026-05-02T18:50:00,W-446,lecture,west,none,111.3,101,32,1037.0,0.547,15.6,21.6,57.3,487.3,0,86,51.4,True,2,601.3,0
ag-02151,2026-03-26T16:15:00,S-562,lab,south,practice,23.2,22,15,188.8,0.845,15.9,23.5,51.0,497.1,52,46,54.4,False,5,561.9,0
ag-02152,2026-02-20T17:10:00,S-223,lecture,south,practice,72.9,56,28,431.6,0.603,1.2,22.5,49.9,592.4,43,54,49.8,False,3,694.7,0
ag-02153,2026-04-14T13:55:00,W-566,lecture,west,lab,182.1,127,90,756.5,0.314,4.0,25.2,47.7,1023.5,32,57,60.4,False,2,1460.5,1
ag-02154,2026-03-06T18:35:00,E-300,seminar,east,lecture,57.7,54,42,369.9,0.467,1.2,22.9,46.0,836.4,90,0,55.4,False,5,1019.8,0
ag-02155,2026-04-20T10:15:00,C-542,seminar,central,lecture,56.5,57,23,333.9,0.579,10.8,24.5,44.0,542.2,36,35,65.2,False,6,527.2,0
ag-02156,2026-05-14T13:55:00,W-220,lecture,west,practice,161.4,113,63,1038.1,0.534,11.9,22.3,58.0,709.1,24,65,54.5,True,4,1022.5,0
ag-02157,2026-05-04T16:30:00,W-285,lecture,west,lecture,65.3,68,64,632.7,0.622,19.0,23.6,75.6,977.5,48,40,58.6,True,1,1305.7,1
ag-02158,2026-04-25T16:25:00,N-484,lecture,north,lab,147.3,128,122,1046.1,0.338,6.6,24.7,79.5,1436.6,50,47,66.4,False,1,2057.9,1
ag-02159,2026-04-10T08:15:00,E-469,coworking,east,lab,37.4,41,28,444.9,0.72,16.0,24.6,34.6,465.9,22,82,63.2,False,2,593.0,0
ag-02160,2026-03-17T12:25:00,E-283,lecture,east,lecture,78.0,56,17,586.9,0.771,6.5,23.6,60.7,521.8,63,19,49.5,False,3,638.0,0
ag-02161,2026-04-06T14:15:00,E-429,lecture,east,practice,66.1,70,43,342.6,0.42,8.6,23.8,50.6,729.4,18,62,48.3,False,7,803.8,0
ag-02162,2026-05-02T13:45:00,E-172,lecture,east,none,95.9,77,12,328.4,0.18,12.8,24.3,30.3,479.1,62,26,48.8,True,4,405.8,0
ag-02163,2026-02-13T12:40:00,S-250,lab,south,practice,57.0,43,33,288.2,0.54,-3.8,22.8,69.7,644.4,39,33,54.6,False,1,800.9,0
ag-02164,2026-02-27T09:00:00,E-139,seminar,east,lab,62.2,46,38,372.0,0.252,-0.2,24.3,50.4,875.2,54,43,58.5,False,6,1024.8,0
ag-02165,2026-02-26T18:20:00,N-290,lecture,north,none,79.8,79,22,968.8,0.833,6.1,20.5,51.6,380.0,37,41,59.0,False,4,370.2,0
ag-02166,2026-02-28T18:45:00,S-377,lab,south,practice,27.2,24,11,220.2,0.801,-0.9,21.4,51.8,500.6,44,43,56.1,False,7,531.7,0
ag-02167,2026-04-24T13:25:00,C-454,lab,central,lab,43.0,31,27,356.3,0.581,13.2,22.3,56.3,720.0,90,9,61.9,False,3,874.2,0
ag-02168,2026-05-18T13:40:00,E-424,seminar,east,practice,29.7,23,15,168.2,0.26,14.5,24.7,67.7,508.2,39,68,61.2,True,2,711.4,0
ag-02169,2026-02-20T17:05:00,N-479,lecture,north,lecture,109.9,96,77,887.0,0.413,3.9,25.4,59.9,829.2,46,35,66.4,False,5,1101.5,1
ag-02170,2026-03-17T18:25:00,N-117,seminar,north,lab,37.2,27,14,217.3,0.366,4.2,24.2,66.9,523.0,31,59,60.1,False,2,623.5,0
ag-02171,2026-02-20T11:25:00,E-445,seminar,east,lab,74.7,56,40,383.7,0.416,0.4,22.2,55.6,750.3,56,33,57.1,False,2,936.3,0
ag-02172,2026-03-06T18:40:00,W-216,lecture,west,lecture,156.9,125,36,630.1,0.24,-0.6,24.0,53.1,613.2,33,58,52.4,False,2,795.9,0
ag-02173,2026-04-23T18:15:00,E-368,lab,east,lecture,41.4,32,20,281.2,0.96,12.3,22.6,67.6,405.6,61,20,57.3,False,4,524.7,0
ag-02174,2026-04-11T16:40:00,W-306,lecture,west,exam,87.7,64,68,465.6,0.378,11.9,25.6,70.2,816.2,28,47,62.2,False,6,1108.5,1
ag-02175,2026-05-14T12:40:00,S-183,coworking,south,lecture,34.1,27,21,207.4,0.337,19.8,24.0,44.4,637.8,66,15,59.2,True,5,782.7,0
ag-02176,2026-04-13T13:00:00,N-464,coworking,north,lecture,48.0,37,15,241.7,0.565,10.9,23.5,56.2,652.8,70,24,53.9,False,5,782.7,0
ag-02177,2026-02-26T09:40:00,C-282,lecture,central,lecture,159.6,121,79,934.1,0.188,0.4,22.2,63.8,1054.2,76,17,57.9,False,5,1562.7,1
ag-02178,2026-04-13T13:35:00,S-485,lab,south,lecture,29.9,25,19,317.1,0.815,11.8,25.1,65.1,465.6,45,34,64.9,False,4,410.5,0
ag-02179,2026-05-10T14:50:00,S-368,lecture,south,none,156.6,118,49,773.0,0.347,12.6,23.8,50.7,817.7,55,45,56.1,True,7,933.8,0
ag-02180,2026-03-10T09:25:00,E-537,seminar,east,practice,32.6,26,17,244.2,0.425,12.3,22.6,55.8,393.5,23,64,62.5,False,6,373.1,0
ag-02181,2026-02-20T17:10:00,E-412,seminar,east,lab,53.2,47,29,677.5,0.916,-10.8,24.5,56.9,498.5,0,90,58.3,False,4,704.9,0
ag-02182,2026-02-20T14:05:00,W-424,lecture,west,lecture,91.7,79,68,484.8,0.327,2.9,24.6,58.6,882.9,0,90,64.0,False,5,1035.4,0
ag-02183,2026-03-23T11:30:00,S-144,lab,south,lecture,28.8,23,16,340.7,0.889,12.6,24.3,67.3,694.0,76,1,63.9,False,7,936.8,0
ag-02184,2026-02-27T18:20:00,N-525,coworking,north,practice,88.5,75,51,341.0,0.328,7.4,23.1,60.1,894.6,90,1,54.2,False,5,1146.9,1
ag-02185,2026-05-03T13:15:00,C-274,lab,central,lab,34.2,25,23,242.0,0.92,18.8,25.1,55.0,380.0,15,84,65.6,True,2,580.8,0
ag-02186,2026-04-01T08:05:00,C-298,lecture,central,exam,102.2,73,61,552.9,0.799,18.7,23.8,65.4,661.7,39,65,55.9,False,6,865.4,0
ag-02187,2026-04-20T17:40:00,E-484,seminar,east,exam,62.2,46,39,632.2,0.795,5.2,25.4,56.9,473.2,21,72,72.3,False,3,778.4,0
ag-02188,2026-04-28T08:30:00,N-227,lab,north,none,40.1,35,4,219.4,0.427,16.5,19.4,47.8,451.3,41,57,43.3,False,1,370.4,0
ag-02189,2026-02-16T13:20:00,E-427,lab,east,lecture,20.1,21,10,131.3,0.7,4.0,24.0,53.9,417.0,42,43,59.1,False,2,418.0,0
ag-02190,2026-04-12T15:40:00,N-126,lecture,north,lecture,101.4,91,89,768.2,0.5,6.8,24.4,52.2,1088.2,57,33,73.6,False,4,1366.8,1
ag-02191,2026-03-02T17:00:00,N-550,seminar,north,practice,87.9,61,43,575.1,0.56,2.9,25.3,60.1,888.8,42,58,64.1,False,1,1043.2,0
ag-02192,2026-03-31T14:25:00,W-439,lab,west,practice,44.9,41,22,445.2,0.614,18.0,21.7,52.2,534.4,32,63,61.8,False,5,606.2,0
ag-02193,2026-02-19T10:35:00,E-289,lab,east,practice,56.6,43,18,256.4,0.386,2.6,24.3,54.0,589.9,79,8,46.0,False,2,665.1,0
ag-02194,2026-05-16T14:00:00,S-502,lab,south,lecture,39.0,37,33,206.8,0.412,19.7,24.3,54.7,682.1,46,53,70.1,True,1,909.2,0
ag-02195,2026-04-02T11:05:00,S-537,lecture,south,lecture,67.3,61,51,382.8,0.293,5.2,23.1,58.4,728.4,33,68,65.8,False,4,1033.8,0
ag-02196,2026-02-21T12:40:00,E-247,lab,east,none,47.1,44,13,642.6,0.906,1.8,21.9,43.0,534.2,72,16,59.4,False,4,644.3,0
ag-02197,2026-04-02T18:35:00,N-534,lab,north,none,48.6,42,9,348.7,0.783,9.5,20.5,42.3,388.0,17,73,44.4,False,5,424.3,0
ag-02198,2026-05-10T13:25:00,N-282,lab,north,lecture,31.5,23,14,260.4,0.853,10.3,22.7,63.1,454.5,44,61,59.8,True,6,516.5,0
ag-02199,2026-02-16T08:45:00,N-441,seminar,north,lecture,42.8,36,31,345.4,0.493,-3.3,23.4,60.7,626.4,16,62,67.5,False,3,788.5,0
ag-02200,2026-03-07T14:30:00,C-341,lecture,central,lab,104.8,80,65,569.0,0.484,7.7,23.9,68.7,839.6,28,62,66.3,False,4,1057.5,0
ag-02201,2026-02-15T12:55:00,S-177,seminar,south,lecture,48.7,54,41,370.5,0.457,1.5,22.9,74.4,762.6,26,63,56.2,True,6,879.2,0
ag-02202,2026-04-12T10:05:00,C-117,lab,central,lecture,32.4,25,27,243.0,0.398,2.9,21.9,72.9,572.1,45,61,71.5,True,3,707.6,0
ag-02203,2026-04-05T10:50:00,E-163,seminar,east,lecture,24.8,21,14,113.8,0.254,12.7,25.0,61.9,679.7,44,68,55.2,False,3,842.7,0
ag-02204,2026-04-29T14:10:00,S-483,seminar,south,practice,61.9,62,44,467.1,0.796,18.1,22.7,54.9,622.3,32,56,60.8,False,2,742.5,0
ag-02205,2026-02-23T15:55:00,S-475,lecture,south,lab,148.2,113,78,1004.6,0.623,6.0,25.1,48.3,886.4,32,67,65.7,False,6,1151.5,1
ag-02206,2026-04-01T14:30:00,E-127,lecture,east,none,110.7,115,38,703.1,0.623,12.7,22.5,52.1,705.6,62,28,52.0,False,5,835.4,0
ag-02207,2026-02-19T08:15:00,N-396,lecture,north,practice,95.2,98,64,687.9,0.668,7.5,24.2,65.1,803.8,41,54,67.3,False,1,929.4,0
ag-02208,2026-04-16T17:05:00,C-320,coworking,central,lecture,81.8,59,54,563.0,0.598,11.4,25.0,54.1,809.4,40,43,61.2,False,4,1007.0,0
ag-02209,2026-04-27T15:00:00,E-536,lecture,east,practice,96.8,77,67,897.7,0.716,16.4,26.4,67.2,775.5,38,44,69.4,False,2,1265.1,1
ag-02210,2026-03-04T10:45:00,E-582,lecture,east,none,96.3,92,23,411.8,0.222,0.0,24.4,36.0,578.1,19,76,48.1,False,6,701.3,0
ag-02211,2026-04-26T09:25:00,W-125,coworking,west,lecture,47.7,38,23,303.5,0.309,21.9,23.7,61.2,562.5,0,79,60.0,False,2,593.5,0
ag-02212,2026-03-09T08:25:00,E-383,lecture,east,lecture,104.7,101,101,706.3,0.159,9.8,22.6,65.1,1048.7,0,90,76.3,False,7,1452.3,1
ag-02213,2026-03-11T14:35:00,E-275,lecture,east,practice,138.5,112,68,677.9,0.267,0.6,24.9,62.2,936.0,52,35,55.3,False,3,1261.1,1
ag-02214,2026-04-14T14:50:00,S-349,seminar,south,lecture,31.1,27,22,226.8,0.551,21.3,23.2,57.3,616.2,43,52,65.7,True,3,643.4,0
ag-02215,2026-03-27T17:20:00,N-389,seminar,north,exam,29.0,32,27,232.7,0.209,4.6,22.7,65.4,598.9,48,50,57.8,False,2,682.6,0
ag-02216,2026-03-29T16:40:00,W-515,lab,west,none,27.8,22,5,231.8,0.736,5.1,21.3,44.0,380.0,11,74,47.2,False,5,328.2,0
ag-02217,2026-03-25T10:35:00,C-428,lab,central,lecture,30.9,25,24,354.1,0.86,-1.7,24.8,71.0,585.9,39,55,61.2,False,3,562.2,0
ag-02218,2026-05-17T10:10:00,S-519,lecture,south,exam,80.0,70,77,707.6,0.526,15.2,25.8,61.3,876.7,31,61,63.7,True,3,1186.0,1
ag-02219,2026-04-02T08:25:00,C-326,coworking,central,lecture,63.2,59,49,603.1,0.532,8.4,22.9,64.5,759.6,68,10,57.5,False,3,950.3,0
ag-02220,2026-03-23T13:05:00,S-329,seminar,south,lecture,36.9,32,19,185.6,0.51,-0.6,22.8,63.3,431.0,35,53,60.9,False,4,339.3,0
ag-02221,2026-03-16T16:05:00,N-517,seminar,north,lecture,31.3,24,20,171.6,0.784,8.8,22.3,57.4,591.9,21,79,58.5,False,7,692.4,0
ag-02222,2026-04-11T13:10:00,C-332,lab,central,practice,33.7,26,14,365.7,1.0,2.0,23.7,65.5,380.0,0,80,59.7,False,5,395.0,0
ag-02223,2026-05-07T14:25:00,S-323,lecture,south,practice,90.0,88,75,798.9,0.614,15.5,22.6,63.2,799.4,21,65,66.1,True,4,1120.7,1
ag-02224,2026-03-19T11:55:00,W-221,coworking,west,none,26.6,27,8,141.1,0.283,1.6,19.7,43.4,503.2,59,22,51.7,False,7,569.9,0
ag-02225,2026-04-16T16:00:00,S-182,lab,south,lecture,28.2,23,18,219.0,0.908,4.3,23.5,58.5,408.4,39,32,64.3,False,4,413.6,0
ag-02226,2026-04-07T10:30:00,N-514,lab,north,practice,57.5,44,33,417.4,0.616,11.6,23.9,57.0,722.9,90,13,54.1,True,2,832.7,0
ag-02227,2026-02-23T10:50:00,W-152,seminar,west,lab,42.0,31,25,152.8,0.176,2.3,26.4,57.8,558.3,20,70,63.4,False,4,707.1,0
ag-02228,2026-05-16T12:30:00,N-451,lecture,north,practice,123.5,94,76,1034.1,0.716,15.4,24.2,63.5,854.3,65,35,64.8,True,3,1291.9,1
ag-02229,2026-05-13T08:35:00,S-344,lecture,south,practice,84.2,69,57,542.5,0.383,3.5,25.5,78.7,882.2,88,8,68.0,True,6,1090.9,1
ag-02230,2026-04-13T14:30:00,C-128,lab,central,practice,39.5,32,15,402.4,0.804,14.4,22.6,52.0,508.9,0,90,63.0,False,3,559.4,0
ag-02231,2026-03-28T14:55:00,S-189,coworking,south,practice,66.4,66,32,449.9,0.33,9.5,22.1,54.8,684.9,36,54,57.8,False,7,912.8,0
ag-02232,2026-03-11T16:00:00,W-552,lecture,west,lecture,121.9,95,72,983.4,0.533,9.6,23.5,73.7,880.3,4,77,49.3,False,5,1215.6,1
ag-02233,2026-02-16T16:45:00,S-334,coworking,south,exam,45.2,44,51,323.4,0.693,-6.8,23.0,67.1,662.3,16,77,66.0,False,3,932.4,0
ag-02234,2026-04-16T08:10:00,C-318,lab,central,lab,27.2,30,22,353.1,1.0,4.1,23.1,50.7,543.8,43,39,65.1,False,3,639.0,0
ag-02235,2026-05-02T13:10:00,E-229,lecture,east,lab,93.1,79,38,699.8,0.551,18.1,23.4,56.9,680.9,67,35,40.7,True,7,991.9,0
ag-02236,2026-04-29T12:25:00,C-487,lab,central,practice,32.7,34,14,369.8,0.558,14.3,24.8,53.9,450.5,41,41,49.1,False,2,469.7,0
ag-02237,2026-03-27T18:50:00,E-216,lab,east,none,26.9,20,10,161.8,0.423,2.6,23.0,37.9,449.1,0,80,55.8,False,5,482.7,0
ag-02238,2026-03-08T16:30:00,S-582,lecture,south,none,88.5,73,1,795.5,0.531,3.0,22.3,41.4,413.8,35,63,40.2,False,6,392.2,0
ag-02239,2026-03-18T09:05:00,S-454,lecture,south,lab,82.1,64,47,592.6,0.349,12.0,21.1,70.5,676.4,47,48,62.7,False,7,1001.1,0
ag-02240,2026-02-21T15:05:00,E-251,seminar,east,practice,55.7,57,49,410.2,0.502,0.0,22.4,54.6,698.0,59,21,74.3,False,2,1065.1,0
ag-02241,2026-04-26T08:05:00,S-284,lecture,south,lecture,107.6,91,88,590.6,0.615,14.9,22.2,55.7,1209.7,37,63,64.3,False,2,1531.3,1
ag-02242,2026-04-08T17:45:00,C-450,lab,central,lab,23.5,25,16,241.9,0.716,10.1,23.2,62.4,703.3,90,7,63.5,False,5,786.2,0
ag-02243,2026-02-28T13:45:00,E-243,seminar,east,practice,42.2,37,27,365.7,0.882,-0.5,26.1,62.9,588.4,67,30,52.8,False,5,670.0,0
ag-02244,2026-03-05T13:40:00,S-113,lecture,south,lecture,142.6,114,56,1110.0,0.613,5.0,23.8,62.8,786.3,44,54,43.4,False,3,1052.2,0
ag-02245,2026-04-01T09:25:00,E-401,lab,east,practice,24.5,21,18,126.9,0.61,8.8,25.0,74.4,501.3,7,73,70.3,False,2,486.8,0
ag-02246,2026-05-17T15:20:00,W-251,lab,west,practice,28.9,28,20,285.3,0.847,19.9,22.1,73.1,426.1,58,45,56.6,True,2,487.6,0
ag-02247,2026-03-07T12:15:00,S-496,lecture,south,none,126.2,105,2,842.6,0.939,1.7,23.0,50.6,490.9,49,41,46.9,False,3,465.6,0
ag-02248,2026-02-09T10:10:00,S-455,coworking,south,lecture,74.1,77,69,634.8,0.291,7.1,23.8,68.1,822.6,26,58,75.9,False,3,1127.8,1
ag-02249,2026-03-15T09:05:00,C-336,lab,central,practice,23.7,23,18,218.1,0.777,9.9,22.5,56.3,566.9,47,37,54.2,False,2,656.7,0
ag-02250,2026-02-14T17:20:00,N-436,lecture,north,lab,120.9,105,49,1285.4,0.821,-5.0,21.7,51.0,771.7,66,8,56.5,False,5,946.3,0
ag-02251,2026-05-01T15:50:00,W-528,seminar,west,practice,57.9,45,32,479.5,0.582,10.3,23.4,63.2,791.2,28,75,56.8,True,7,864.0,0
ag-02252,2026-03-10T16:00:00,S-499,coworking,south,lab,21.8,23,26,137.6,0.448,8.4,25.3,63.8,697.4,78,9,68.5,False,6,748.3,0
ag-02253,2026-04-10T15:50:00,S-224,lab,south,lecture,20.1,20,18,126.7,0.345,6.5,24.1,55.1,520.4,26,63,62.6,True,2,378.9,0
ag-02254,2026-04-17T11:20:00,S-360,lab,south,lecture,36.7,30,21,287.5,0.641,17.5,22.5,67.2,432.7,44,57,61.8,False,1,464.3,0
ag-02255,2026-04-01T17:10:00,N-149,lecture,north,lecture,73.8,80,53,618.6,0.217,10.6,23.3,45.1,767.5,44,34,61.3,False,6,1044.0,0
ag-02256,2026-04-21T16:35:00,S-380,lab,south,practice,29.4,23,18,153.0,0.319,0.6,22.9,60.5,636.1,60,20,52.0,False,4,748.4,0
ag-02257,2026-05-12T09:30:00,W-118,lecture,west,lecture,138.8,103,95,737.9,0.737,18.2,21.6,74.6,972.4,0,81,69.2,True,4,1310.2,1
ag-02258,2026-05-11T11:40:00,N-213,seminar,north,practice,69.2,64,40,671.9,0.668,17.0,23.0,71.5,529.2,47,42,58.8,True,3,814.8,0
ag-02259,2026-03-09T12:40:00,S-173,coworking,south,lecture,92.8,79,69,527.5,0.528,-1.1,24.1,58.9,943.9,30,55,63.9,False,4,1225.2,1
ag-02260,2026-05-05T15:25:00,S-127,seminar,south,lecture,62.1,54,59,380.0,0.143,19.3,26.6,77.9,687.4,0,90,76.6,True,7,1058.0,1
ag-02261,2026-05-17T10:45:00,N-399,seminar,north,lab,39.6,43,27,335.9,0.423,16.4,24.4,49.3,525.4,26,68,62.1,True,5,555.3,0
ag-02262,2026-03-09T08:10:00,W-520,coworking,west,practice,44.9,37,27,238.6,0.367,0.2,24.9,63.7,777.7,82,0,55.4,True,6,889.0,0
ag-02263,2026-04-18T14:05:00,N-572,seminar,north,lab,48.7,50,35,510.0,0.673,10.8,21.8,62.8,598.9,20,72,61.9,False,1,674.7,0
ag-02264,2026-05-11T10:30:00,C-537,lab,central,none,39.6,35,13,278.8,1.0,20.2,23.0,38.5,496.9,58,30,55.8,True,1,652.6,0
ag-02265,2026-02-20T10:55:00,S-149,coworking,south,practice,80.9,77,67,546.1,0.354,-2.8,26.0,61.2,775.7,24,49,68.7,False,7,969.6,0
ag-02266,2026-04-09T17:35:00,W-351,coworking,west,practice,70.0,57,46,434.4,0.266,3.1,25.6,65.0,641.9,31,63,67.1,False,7,896.5,0
ag-02267,2026-04-24T13:35:00,N-188,seminar,north,lab,33.9,29,20,236.4,0.335,11.5,24.7,50.0,570.0,50,46,59.8,False,5,683.1,0
ag-02268,2026-04-08T12:00:00,E-207,seminar,east,lecture,55.1,55,40,383.4,0.411,5.5,24.9,60.4,692.3,38,51,54.5,False,7,828.5,0
ag-02269,2026-05-05T13:00:00,E-585,seminar,east,none,54.7,38,4,178.9,0.225,10.8,21.3,35.6,571.4,51,34,51.7,True,6,636.7,0
ag-02270,2026-04-12T16:05:00,W-340,lecture,west,lecture,79.5,56,61,415.4,0.497,12.7,27.6,66.7,727.2,2,90,73.7,True,2,1049.0,1
ag-02271,2026-05-07T11:10:00,W-347,seminar,west,lab,23.4,21,19,120.8,0.246,10.7,22.1,64.4,681.0,4,90,65.0,True,7,834.6,0
ag-02272,2026-02-21T09:20:00,S-156,coworking,south,lecture,37.2,35,14,293.9,0.467,1.5,23.7,52.7,716.5,45,38,49.7,False,6,739.9,0
ag-02273,2026-02-18T10:55:00,S-189,lecture,south,lab,107.1,108,73,601.5,0.343,13.4,24.4,49.5,973.1,47,46,60.9,True,1,1363.2,1
ag-02274,2026-02-10T09:25:00,S-458,lecture,south,none,62.8,55,20,411.2,0.333,0.8,21.8,56.1,546.8,0,90,52.3,False,6,611.2,0
ag-02275,2026-04-15T09:40:00,W-214,seminar,west,lecture,25.7,26,17,207.8,0.631,5.4,24.4,57.2,464.6,7,74,57.5,False,7,609.0,0
ag-02276,2026-05-16T13:25:00,S-363,seminar,south,none,49.8,51,3,326.1,0.434,23.9,22.7,43.1,471.9,65,19,39.2,True,6,614.1,0
ag-02277,2026-04-05T18:30:00,E-295,lecture,east,practice,87.5,83,72,784.0,0.719,10.6,25.2,56.1,882.3,37,58,61.4,False,2,1342.2,1
ag-02278,2026-04-15T14:05:00,C-310,seminar,central,lecture,87.6,63,34,417.6,0.199,14.0,24.2,57.4,680.6,60,31,61.9,False,6,872.2,0
ag-02279,2026-05-13T18:30:00,S-171,lecture,south,none,97.0,97,51,413.6,0.124,12.8,24.5,63.7,928.5,67,30,49.2,True,6,1260.9,1
ag-02280,2026-04-11T16:00:00,C-495,lecture,central,practice,106.8,81,64,469.9,0.201,14.7,23.1,32.5,861.2,47,34,63.7,False,4,1156.4,1
ag-02281,2026-02-09T16:50:00,E-363,lab,east,none,35.2,30,6,217.0,0.326,-0.4,23.2,48.4,491.2,64,40,52.5,False,6,636.4,0
ag-02282,2026-04-16T13:55:00,N-457,coworking,north,lecture,40.8,34,23,487.1,0.913,9.1,23.8,48.1,455.6,77,28,60.1,False,4,613.0,0
ag-02283,2026-05-18T10:15:00,S-114,lecture,south,practice,96.7,74,50,497.4,0.748,22.1,24.0,46.8,824.5,55,45,59.5,True,2,994.2,0
ag-02284,2026-05-11T09:10:00,C-539,lecture,central,lecture,111.9,99,75,1081.0,0.758,19.0,21.2,63.8,862.1,8,83,56.7,True,7,1251.9,1
ag-02285,2026-03-30T16:20:00,C-318,lecture,central,practice,118.2,108,38,845.2,0.419,8.3,21.8,43.9,672.4,34,54,49.4,False,2,765.4,0
ag-02286,2026-03-13T14:35:00,N-439,seminar,north,none,73.9,55,18,536.6,0.683,-0.0,22.7,52.3,463.8,65,24,40.4,False,5,436.7,0
ag-02287,2026-03-21T08:10:00,S-227,lecture,south,none,124.4,98,13,890.4,0.867,4.4,21.4,50.7,380.0,32,56,43.6,False,3,359.7,0
ag-02288,2026-05-08T17:45:00,S-328,lecture,south,exam,167.3,116,131,848.2,0.311,23.3,26.3,76.0,1316.7,39,50,73.0,True,6,2070.3,1
ag-02289,2026-04-27T15:25:00,N-138,lab,north,lab,39.4,28,18,183.8,0.657,15.6,24.0,54.5,458.6,0,90,60.7,False,7,680.9,0
ag-02290,2026-02-16T10:25:00,C-593,lab,central,practice,21.5,21,12,170.7,0.617,-0.0,24.9,60.9,420.6,27,61,53.2,False,3,567.7,0
ag-02291,2026-05-18T17:20:00,C-464,lecture,central,none,129.2,116,31,834.4,0.646,13.2,22.5,48.7,592.2,52,33,43.5,True,3,690.1,0
ag-02292,2026-02-20T09:20:00,W-546,lab,west,lecture,43.8,39,42,394.1,0.571,-0.1,23.9,72.5,519.5,8,67,66.4,True,4,726.1,0
ag-02293,2026-05-16T08:20:00,S-445,seminar,south,lab,35.6,32,23,229.2,0.666,20.0,22.6,63.5,442.8,0,90,62.8,True,5,610.4,0
ag-02294,2026-05-16T10:45:00,W-233,seminar,west,lab,75.8,62,41,518.3,0.251,7.1,21.8,62.7,729.1,74,24,61.1,True,7,986.3,0
ag-02295,2026-04-01T08:00:00,E-482,seminar,east,lecture,70.9,53,57,499.6,0.668,4.3,24.0,54.5,845.5,28,49,59.0,True,7,939.6,0
ag-02296,2026-04-20T10:10:00,S-414,coworking,south,lecture,82.2,59,51,637.5,0.688,16.1,24.3,79.1,695.3,38,47,64.0,False,7,937.0,0
ag-02297,2026-05-10T09:55:00,E-230,lab,east,practice,23.5,21,18,175.9,0.473,14.7,25.4,67.8,519.1,30,53,66.6,True,5,582.6,0
ag-02298,2026-02-25T08:30:00,S-516,lab,south,lab,23.9,20,14,186.1,0.637,3.0,21.7,48.3,548.0,75,29,52.6,False,7,738.6,0
ag-02299,2026-05-13T10:25:00,N-323,lecture,north,practice,107.0,101,66,927.2,0.423,15.5,25.0,57.1,977.7,80,14,63.4,True,7,1223.7,1
ag-02300,2026-04-22T12:20:00,N-387,seminar,north,lecture,45.9,40,23,260.8,0.179,6.4,26.1,63.0,635.1,23,68,63.2,False,2,736.3,0
ag-02301,2026-03-07T11:35:00,E-593,lab,east,practice,45.9,38,24,325.3,0.545,11.6,25.7,53.9,667.0,44,38,62.7,False,6,832.2,0
ag-02302,2026-04-24T13:30:00,E-508,seminar,east,none,32.7,35,3,354.2,0.548,8.5,23.2,32.0,536.9,24,75,52.3,False,5,564.5,0
ag-02303,2026-05-06T17:00:00,S-242,seminar,south,practice,56.1,52,37,398.6,0.234,24.2,25.3,61.1,647.6,79,12,58.2,True,2,823.6,0
ag-02304,2026-04-27T14:45:00,C-467,lecture,central,none,135.7,96,36,585.7,0.325,13.3,22.1,57.4,801.9,90,0,47.7,False,3,1004.5,0
ag-02305,2026-05-02T17:25:00,N-439,lab,north,lecture,20.8,19,19,148.8,0.641,23.3,25.0,65.6,623.6,34,51,61.3,True,2,669.8,0
ag-02306,2026-03-25T10:25:00,C-179,seminar,central,lecture,64.1,48,18,461.4,0.626,3.4,24.7,60.7,545.8,51,29,62.2,False,5,697.2,0
ag-02307,2026-04-30T10:10:00,E-546,lecture,east,lecture,159.3,116,90,573.9,0.303,15.3,24.8,65.0,1080.9,59,30,55.2,False,1,1602.9,1
ag-02308,2026-02-18T12:20:00,S-595,coworking,south,lab,80.8,63,18,611.2,0.601,-1.1,23.1,52.8,524.7,53,39,49.7,False,6,673.9,0
ag-02309,2026-02-25T08:45:00,W-178,lab,west,lab,50.1,36,24,188.5,0.269,-5.6,23.9,63.7,547.5,50,43,48.8,False,1,645.8,0
ag-02310,2026-02-17T10:30:00,S-102,lecture,south,practice,88.8,97,59,681.1,0.394,-2.3,24.4,40.7,889.3,49,46,60.3,False,3,1108.1,1
ag-02311,2026-02-11T08:50:00,C-175,lab,central,lecture,34.5,37,19,411.6,0.733,-4.3,18.6,47.1,583.1,50,41,51.5,False,3,520.3,0
ag-02312,2026-04-28T11:40:00,N-241,coworking,north,lab,25.1,25,20,172.4,0.531,9.1,24.5,39.6,583.5,71,7,66.5,False,3,719.2,0
ag-02313,2026-02-15T12:20:00,N-596,lecture,north,practice,75.5,55,36,272.7,0.247,3.3,23.3,46.3,737.6,44,56,55.2,False,7,812.2,0
ag-02314,2026-03-20T12:20:00,W-464,lecture,west,none,74.5,71,12,868.4,0.807,9.9,21.7,55.6,526.0,81,18,45.8,False,4,512.3,0
ag-02315,2026-04-26T13:55:00,S-153,lab,south,none,21.9,20,6,101.9,0.339,16.0,24.9,39.9,534.2,73,14,48.9,False,3,514.3,0
ag-02316,2026-05-06T16:20:00,S-422,lecture,south,none,105.6,100,36,802.4,0.344,18.6,24.2,50.8,687.2,45,32,49.3,True,6,832.4,0
ag-02317,2026-04-15T09:15:00,S-152,lab,south,lab,36.1,25,9,155.2,0.419,10.9,24.8,44.4,522.0,66,39,44.3,False,2,566.4,0
ag-02318,2026-05-06T15:15:00,W-585,seminar,west,lab,41.0,32,23,290.5,0.676,18.6,22.3,58.2,640.0,75,24,59.0,True,5,733.9,0
ag-02319,2026-02-23T12:20:00,W-327,lecture,west,lab,116.6,115,60,449.0,0.118,0.2,26.5,41.8,830.8,39,57,54.8,False,2,1055.0,0
ag-02320,2026-03-07T08:50:00,N-456,seminar,north,lecture,59.2,46,33,363.6,0.746,3.9,24.5,66.1,428.2,0,90,58.3,False,3,570.6,0
ag-02321,2026-02-10T13:45:00,N-150,lecture,north,lecture,98.3,98,77,697.7,0.832,6.3,24.1,56.9,820.9,17,70,57.8,False,1,1034.3,0
ag-02322,2026-03-07T13:10:00,S-395,lecture,south,practice,105.8,106,47,895.8,0.465,2.3,24.5,38.2,822.6,69,26,44.2,False,5,1058.3,0
ag-02323,2026-04-02T18:30:00,W-384,lab,west,lab,30.8,26,15,364.4,0.924,7.9,20.4,51.0,457.5,69,28,56.2,False,3,518.9,0
ag-02324,2026-03-22T11:35:00,W-217,lecture,west,none,151.3,118,2,1352.9,0.563,2.3,24.7,45.6,381.4,37,45,40.8,False,3,372.4,0
ag-02325,2026-03-27T11:45:00,N-449,coworking,north,lecture,34.2,34,32,437.9,0.733,7.3,25.1,67.5,618.3,58,33,56.3,False,3,645.4,0
ag-02326,2026-04-19T17:00:00,N-107,coworking,north,lab,73.6,74,35,551.4,0.181,3.9,23.5,36.2,629.9,0,90,61.6,False,3,767.7,0
ag-02327,2026-03-08T15:00:00,W-291,lecture,west,lecture,149.7,105,66,736.7,0.555,-1.1,25.0,42.4,747.2,47,44,54.0,False,1,1027.5,0
ag-02328,2026-02-18T08:00:00,C-339,lecture,central,lab,108.1,96,53,733.7,0.607,-1.3,25.0,61.8,838.2,90,0,57.9,False,2,1054.5,0
ag-02329,2026-02-21T12:15:00,E-563,lecture,east,none,90.6,92,30,493.9,0.251,0.4,24.1,38.8,649.2,46,28,48.9,False,6,733.7,0
ag-02330,2026-03-05T18:15:00,S-413,lecture,south,practice,133.6,117,89,857.7,0.207,7.8,25.7,63.8,1125.2,38,42,56.7,False,3,1424.1,1
ag-02331,2026-03-11T18:25:00,W-461,seminar,west,none,53.2,51,13,326.0,0.361,7.3,22.4,59.6,556.3,0,80,47.9,False,6,686.0,0
ag-02332,2026-02-16T17:40:00,N-295,seminar,north,practice,60.0,57,32,476.7,0.294,-3.8,22.6,61.5,655.7,14,65,54.3,False,6,837.6,0
ag-02333,2026-04-13T08:30:00,W-215,lab,west,practice,31.6,23,14,258.7,1.0,7.0,22.8,52.2,421.5,28,62,48.2,False,5,502.2,0
ag-02334,2026-03-10T08:10:00,C-167,coworking,central,lecture,64.1,48,38,558.3,0.563,4.1,24.6,61.3,404.5,4,76,59.6,False,5,617.0,0
ag-02335,2026-04-09T08:40:00,E-153,lecture,east,lab,128.7,100,68,781.4,0.336,16.7,22.0,68.8,825.4,41,48,57.8,False,6,1148.6,1
ag-02336,2026-04-05T17:15:00,N-174,lab,north,lab,32.8,24,17,303.3,0.715,18.0,23.6,51.9,603.0,30,67,54.7,False,7,724.2,0
ag-02337,2026-04-02T10:45:00,C-430,seminar,central,lab,86.7,61,64,285.0,0.3,10.8,24.8,56.5,764.3,36,72,62.2,True,6,929.0,0
ag-02338,2026-02-20T10:00:00,E-420,lecture,east,practice,106.3,95,100,617.3,0.528,-4.9,22.2,66.0,1135.9,27,58,62.7,False,5,1632.6,1
ag-02339,2026-05-05T15:20:00,N-337,coworking,north,exam,39.8,36,36,229.0,0.353,20.6,24.9,71.2,640.1,26,62,72.2,True,7,787.3,0
ag-02340,2026-03-23T12:50:00,W-190,lecture,west,lab,96.3,73,40,320.4,0.325,4.5,24.5,56.2,691.8,10,79,50.3,False,5,810.5,0
ag-02341,2026-03-25T11:10:00,E-456,lab,east,lecture,44.6,35,39,263.1,0.658,5.6,23.6,86.3,544.3,11,85,71.0,False,2,639.9,0
ag-02342,2026-04-07T11:20:00,E-244,lecture,east,practice,157.3,112,73,1594.0,0.843,10.3,24.6,36.9,777.6,82,0,63.1,False,6,1114.4,1
ag-02343,2026-02-26T17:55:00,S-195,lecture,south,practice,106.3,107,73,662.1,0.098,2.2,22.8,55.2,919.5,47,48,65.7,False,2,1367.9,1
ag-02344,2026-04-08T14:50:00,S-353,coworking,south,practice,100.3,76,33,513.4,0.141,8.9,22.9,41.9,736.4,55,18,48.1,False,7,898.8,0
ag-02345,2026-05-09T11:30:00,S-407,seminar,south,lecture,31.6,25,20,107.9,0.175,13.8,24.0,59.5,558.1,32,65,57.5,True,6,589.0,0
ag-02346,2026-05-18T11:15:00,S-566,seminar,south,practice,78.3,56,48,338.8,0.197,22.6,24.6,50.6,855.3,77,20,65.4,True,3,1115.8,1
ag-02347,2026-04-29T12:20:00,S-251,lab,south,practice,32.2,27,18,198.3,0.446,9.4,24.1,49.8,537.1,26,59,59.0,False,2,708.5,0
ag-02348,2026-04-27T08:50:00,N-211,coworking,north,exam,25.8,25,28,213.9,0.587,13.6,25.3,61.0,528.8,39,60,75.7,False,2,615.0,0
ag-02349,2026-04-18T08:50:00,E-247,lecture,east,practice,120.2,84,67,673.8,0.245,16.8,23.4,60.5,778.8,0,90,57.9,False,3,1012.1,0
ag-02350,2026-04-21T10:05:00,W-354,lab,west,lecture,28.6,30,25,289.9,0.765,19.2,24.6,57.4,581.7,25,66,57.0,False,3,659.0,0
ag-02351,2026-04-05T17:00:00,C-299,lecture,central,practice,70.9,63,42,379.8,0.111,5.2,27.6,60.7,741.7,41,56,60.1,False,4,913.7,0
ag-02352,2026-05-09T18:10:00,E-206,lecture,east,exam,109.1,85,100,505.1,0.48,18.9,25.7,66.2,977.8,50,48,73.8,True,7,1462.0,1
ag-02353,2026-03-24T08:05:00,C-455,lecture,central,practice,159.0,128,114,1070.8,0.466,2.4,24.6,83.3,1218.4,18,82,68.4,False,5,1829.1,1
ag-02354,2026-04-09T16:45:00,W-467,lecture,west,lecture,78.8,63,50,696.8,0.766,17.3,23.6,55.4,670.2,61,20,69.7,False,7,944.8,0
ag-02355,2026-04-08T13:55:00,N-152,lecture,north,practice,60.2,59,42,619.2,0.683,13.7,22.8,56.1,685.9,56,17,66.0,False,7,841.6,0
ag-02356,2026-04-04T18:40:00,W-566,seminar,west,practice,64.7,48,32,162.3,0.05,7.3,24.4,48.3,621.8,45,39,52.2,False,6,726.6,0
ag-02357,2026-04-12T11:35:00,E-119,lecture,east,practice,179.2,128,117,1141.8,0.316,5.7,23.5,57.7,1145.2,20,67,61.4,False,3,1597.2,1
ag-02358,2026-05-09T14:25:00,S-404,seminar,south,practice,45.2,41,35,225.4,0.501,15.7,25.0,63.5,822.2,64,30,67.9,True,2,1076.8,0
ag-02359,2026-03-31T10:55:00,N-420,lecture,north,practice,64.8,69,77,718.8,0.63,7.8,23.5,70.7,1038.7,46,50,69.7,False,7,1319.8,1
ag-02360,2026-02-23T10:15:00,C-469,lecture,central,practice,147.2,107,67,711.7,0.505,3.5,25.7,56.7,1123.2,81,7,54.5,True,5,1431.9,1
ag-02361,2026-04-01T11:15:00,W-135,lab,west,practice,29.2,21,16,144.7,0.567,13.6,22.7,63.9,577.1,76,17,66.0,False,2,628.2,0
ag-02362,2026-05-12T17:35:00,N-126,seminar,north,lab,73.9,51,41,253.6,0.189,18.7,24.4,52.7,797.7,82,13,56.9,True,1,1203.3,1
ag-02363,2026-03-29T15:05:00,W-291,lecture,west,lab,82.1,70,49,343.9,0.407,8.6,24.4,57.8,838.2,49,40,54.6,False,7,956.5,0
ag-02364,2026-04-05T13:55:00,S-559,seminar,south,practice,52.8,48,17,241.3,0.331,13.0,23.3,55.2,551.1,48,41,50.9,False,6,612.5,0
ag-02365,2026-04-30T18:40:00,W-455,seminar,west,lecture,56.2,52,40,415.5,0.475,11.2,25.1,74.8,600.0,11,79,57.5,False,4,796.4,0
ag-02366,2026-02-15T08:05:00,W-338,lecture,west,lab,82.3,61,46,368.2,0.171,-3.9,24.6,51.2,896.5,74,15,62.9,False,6,982.7,0
ag-02367,2026-05-17T13:40:00,N-417,lecture,north,lecture,82.1,90,72,1008.6,0.553,12.7,24.0,45.9,1071.3,48,42,61.3,True,4,1461.0,1
ag-02368,2026-03-22T12:20:00,C-167,lecture,central,practice,62.3,64,58,503.0,0.356,13.7,23.2,68.7,816.6,0,82,62.4,True,1,1182.7,1
ag-02369,2026-03-17T13:40:00,E-165,coworking,east,lecture,57.7,64,46,237.3,0.146,5.3,25.1,54.3,708.2,10,68,59.3,False,2,831.2,0
ag-02370,2026-04-23T17:00:00,W-585,lab,west,practice,26.6,29,27,249.2,0.821,15.4,26.2,52.5,639.1,69,23,70.0,False,2,878.9,0
ag-02371,2026-02-09T09:00:00,W-465,lecture,west,lab,117.2,125,78,594.6,0.196,-3.7,22.3,62.5,922.3,7,78,54.0,False,1,1257.6,1
ag-02372,2026-04-06T15:45:00,W-505,lab,west,lab,22.5,23,11,154.5,0.675,8.1,21.4,44.8,590.6,29,76,65.8,True,1,685.6,0
ag-02373,2026-02-11T11:00:00,E-315,lecture,east,practice,79.8,88,68,652.5,0.309,-0.2,23.7,49.6,708.4,17,74,60.8,True,4,1160.2,1
ag-02374,2026-03-03T08:20:00,S-411,lab,south,lecture,60.0,42,39,489.8,0.808,6.8,26.6,51.6,807.3,90,15,55.5,True,3,996.1,0
ag-02375,2026-05-19T12:20:00,W-201,lecture,west,lab,76.8,55,50,507.9,0.64,17.6,25.1,56.5,726.2,71,34,62.5,True,7,995.8,0
ag-02376,2026-03-12T11:55:00,C-336,coworking,central,lecture,50.4,47,35,182.9,0.199,5.4,25.0,61.7,873.9,73,16,65.1,False,7,1129.9,1
ag-02377,2026-04-06T15:10:00,N-167,lecture,north,lecture,144.4,105,99,475.7,0.192,12.8,22.8,59.9,1395.3,41,53,62.3,False,1,1942.0,1
ag-02378,2026-04-14T12:05:00,C-113,seminar,central,none,35.2,29,1,100.5,0.107,7.5,21.4,54.9,614.0,62,29,40.7,False,2,715.1,0
ag-02379,2026-04-21T09:45:00,W-155,seminar,west,none,74.2,55,19,409.2,0.246,11.8,22.9,53.2,525.6,28,75,45.6,False,5,531.1,0
ag-02380,2026-03-25T14:15:00,C-537,coworking,central,none,85.0,63,14,556.1,0.315,14.6,23.0,39.9,620.1,73,30,46.8,True,2,661.3,0
ag-02381,2026-04-17T18:25:00,W-348,seminar,west,lecture,46.9,44,48,403.0,0.641,9.8,22.5,77.6,638.4,14,67,68.4,False,5,892.7,0
ag-02382,2026-04-21T14:40:00,E-378,lecture,east,lecture,130.5,93,90,576.5,0.158,18.2,24.2,64.4,1067.9,23,62,66.7,False,2,1435.3,1
ag-02383,2026-05-07T11:25:00,S-173,lab,south,none,25.9,25,9,228.3,0.566,2.2,22.0,41.6,416.8,50,37,53.3,True,5,465.7,0
ag-02384,2026-05-13T10:55:00,C-474,seminar,central,lecture,33.6,25,25,207.1,0.545,14.9,24.4,68.4,703.1,76,17,67.2,True,4,877.7,0
ag-02385,2026-03-12T10:10:00,E-257,lecture,east,lecture,112.3,91,69,597.2,0.617,4.3,23.9,63.5,776.2,73,23,65.4,False,2,1069.2,0
ag-02386,2026-02-28T15:00:00,N-370,lecture,north,lecture,137.5,111,59,680.6,0.35,3.6,22.1,52.8,669.2,34,65,59.7,False,5,923.8,0
ag-02387,2026-03-29T15:55:00,N-411,lab,north,lab,29.4,30,25,221.0,0.442,1.3,25.7,77.5,545.4,24,70,68.5,False,1,633.2,0
ag-02388,2026-05-05T11:45:00,E-379,coworking,east,practice,47.0,37,28,153.2,0.21,14.3,25.3,61.9,724.7,28,57,59.9,True,6,759.4,0
ag-02389,2026-04-28T08:45:00,N-413,lab,north,practice,51.8,41,23,204.0,0.297,19.7,22.4,45.6,533.2,7,84,52.2,False,3,605.4,0
ag-02390,2026-02-24T18:40:00,W-400,lecture,west,practice,127.7,129,125,787.5,0.164,6.0,26.5,71.1,1270.8,24,69,71.1,False,4,1745.9,1
ag-02391,2026-04-29T18:25:00,W-135,lab,west,practice,55.5,43,23,403.2,0.566,15.6,23.1,38.9,472.5,14,83,61.9,False,4,585.4,0
ag-02392,2026-04-16T15:15:00,C-437,lab,central,lecture,51.6,41,31,406.0,0.396,9.8,25.2,45.8,793.7,90,3,59.8,True,4,908.0,0
ag-02393,2026-05-15T10:15:00,C-375,lab,central,lab,20.1,18,17,112.1,0.521,15.1,24.0,61.5,533.0,47,49,68.5,True,2,632.5,0
ag-02394,2026-03-05T09:15:00,N-329,seminar,north,lab,45.7,38,26,357.8,0.713,-3.0,23.6,62.9,616.2,40,50,61.4,False,7,800.5,0
ag-02395,2026-04-02T18:40:00,E-473,seminar,east,lecture,27.2,27,22,175.5,0.628,8.6,27.4,45.0,499.3,39,40,58.8,False,3,695.4,0
ag-02396,2026-03-27T09:25:00,N-399,seminar,north,lecture,25.1,25,20,243.2,0.542,14.5,22.7,55.3,440.6,19,57,56.4,False,1,531.7,0
ag-02397,2026-05-10T10:50:00,W-289,seminar,west,lecture,28.7,27,18,334.7,0.868,16.7,22.9,59.7,475.9,61,27,57.6,True,1,576.3,0
ag-02398,2026-03-04T14:25:00,N-163,lecture,north,lecture,71.2,79,59,880.8,0.534,4.0,23.5,58.3,574.9,0,78,66.3,False,1,813.7,0
ag-02399,2026-03-27T16:50:00,N-371,lecture,north,lecture,125.0,105,95,665.5,0.501,-2.2,23.0,51.1,1025.4,57,40,75.1,False,3,1468.0,1
ag-02400,2026-05-06T17:45:00,W-580,seminar,west,lecture,66.8,52,52,443.3,0.395,20.2,23.3,62.4,845.4,22,69,70.3,True,6,1013.6,0
ag-02401,2026-04-22T17:05:00,N-274,lab,north,lab,58.4,44,30,322.3,0.388,7.7,24.9,63.5,746.0,72,11,76.8,False,7,739.2,0
ag-02402,2026-05-10T18:15:00,W-247,lecture,west,lecture,168.9,119,81,759.5,0.342,19.2,22.6,48.0,987.1,22,55,59.0,True,5,1384.0,1
ag-02403,2026-03-13T18:05:00,N-174,lab,north,exam,23.5,26,21,219.7,0.279,5.3,23.1,75.4,565.0,46,41,66.1,False,2,687.0,0
ag-02404,2026-04-26T13:05:00,N-422,seminar,north,lecture,33.8,30,27,180.5,0.567,20.4,22.0,69.7,628.7,38,43,62.6,False,3,687.1,0
ag-02405,2026-03-13T09:35:00,C-488,lab,central,lab,21.0,19,13,150.4,0.68,11.9,22.2,60.5,483.6,57,35,57.9,False,5,572.9,0
ag-02406,2026-05-16T10:30:00,E-113,lab,east,lecture,23.7,18,17,149.8,0.623,22.1,22.0,69.2,588.0,89,14,73.0,True,7,625.1,0
ag-02407,2026-02-18T14:40:00,S-462,seminar,south,practice,20.0,22,7,102.9,0.248,-6.4,24.5,54.0,530.1,36,38,41.1,False,6,777.2,0
ag-02408,2026-05-04T10:40:00,S-235,lab,south,lab,63.0,44,37,363.8,0.659,18.8,23.6,46.7,780.2,69,8,59.6,True,4,960.0,0
ag-02409,2026-04-04T18:35:00,E-383,coworking,east,lecture,65.9,50,43,369.2,0.399,13.7,22.6,60.5,743.1,59,11,72.3,False,1,992.0,0
ag-02410,2026-03-05T11:50:00,C-564,coworking,central,none,80.9,76,5,702.6,0.688,7.4,21.8,64.9,380.0,70,20,46.3,False,7,464.1,0
ag-02411,2026-04-27T15:30:00,C-535,lab,central,lab,57.6,44,25,535.0,0.66,7.7,22.9,55.7,582.0,32,45,58.3,False,4,742.4,0
ag-02412,2026-03-18T16:50:00,W-584,lab,west,none,39.3,28,10,359.7,0.74,8.4,21.7,31.6,380.0,0,89,51.8,False,1,470.3,0
ag-02413,2026-03-23T15:35:00,S-578,coworking,south,practice,73.6,54,39,377.7,0.465,10.8,22.8,55.2,923.1,81,3,48.4,False,2,1154.0,1
ag-02414,2026-02-27T09:20:00,S-552,coworking,south,none,105.1,79,25,305.0,0.154,10.8,20.1,53.3,585.7,32,61,59.0,False,4,746.9,0
ag-02415,2026-03-06T17:25:00,C-383,seminar,central,practice,41.8,39,23,249.7,0.329,-2.0,21.2,40.9,766.7,54,44,61.5,False,1,864.2,0
ag-02416,2026-04-06T16:45:00,E-455,seminar,east,practice,61.2,49,20,477.3,0.638,8.9,23.0,51.0,631.1,88,12,53.0,False,7,785.5,0
ag-02417,2026-04-03T17:45:00,W-403,seminar,west,practice,49.2,39,33,344.5,0.538,18.5,26.2,50.3,683.6,35,62,62.3,True,5,817.8,0
ag-02418,2026-05-18T15:05:00,W-470,coworking,west,lecture,59.7,42,50,363.4,0.331,20.8,24.5,50.6,818.4,64,27,67.5,True,7,938.0,0
ag-02419,2026-02-21T10:05:00,W-210,lecture,west,lecture,109.7,104,53,881.2,0.678,5.4,22.4,61.9,880.0,90,9,56.3,False,2,1058.9,0
ag-02420,2026-03-25T18:55:00,C-158,seminar,central,lab,51.9,36,37,296.3,0.444,9.7,26.2,48.2,688.9,22,63,74.9,False,3,805.6,0
ag-02421,2026-03-22T14:25:00,W-199,lab,west,lab,41.5,40,34,404.3,1.0,7.5,25.2,58.6,627.9,13,90,60.1,False,1,827.0,0
ag-02422,2026-02-13T09:30:00,W-366,lab,west,practice,19.2,19,9,182.8,0.801,6.3,22.8,45.5,406.7,27,66,60.0,False,3,492.8,0
ag-02423,2026-04-17T11:35:00,C-371,seminar,central,practice,58.5,56,35,480.5,0.371,3.7,22.4,62.2,730.8,67,29,64.4,False,4,869.8,0
ag-02424,2026-02-24T15:10:00,S-407,lab,south,lecture,29.4,21,15,115.6,0.483,-1.6,23.1,52.4,579.8,16,90,58.6,False,3,575.3,0
ag-02425,2026-03-01T16:30:00,E-307,lab,east,lab,47.4,35,22,348.7,0.731,-1.8,25.6,65.7,556.8,49,49,55.6,False,5,619.8,0
ag-02426,2026-03-29T16:55:00,S-383,lecture,south,lab,100.6,90,56,673.6,0.259,9.6,24.0,63.9,878.4,43,49,66.7,False,6,1135.4,1
ag-02427,2026-04-06T11:10:00,E-444,lecture,east,lecture,133.2,95,78,526.6,0.157,5.8,23.9,48.7,956.5,61,29,57.4,False,2,1225.2,1
ag-02428,2026-03-17T16:55:00,E-494,seminar,east,none,42.8,46,1,464.0,0.411,10.7,23.1,62.1,474.2,69,20,51.3,False,6,538.7,0
ag-02429,2026-05-16T17:35:00,W-199,coworking,west,practice,42.1,35,36,298.9,0.806,24.7,24.5,73.2,633.1,38,55,59.9,True,6,841.1,0
ag-02430,2026-03-05T11:20:00,W-278,seminar,west,none,47.1,40,1,246.7,0.239,3.5,22.4,52.8,395.6,48,40,45.8,False,5,437.9,0
ag-02431,2026-04-11T16:20:00,C-125,lecture,central,lecture,111.6,93,56,637.9,0.507,4.8,23.0,64.8,620.6,1,90,57.3,False,3,847.3,0
ag-02432,2026-04-25T11:55:00,S-298,seminar,south,practice,48.0,50,32,437.0,0.383,11.3,20.8,53.8,509.8,3,90,61.2,False,2,651.0,0
ag-02433,2026-05-12T14:20:00,W-340,lecture,west,practice,98.7,70,39,427.0,0.261,19.5,20.9,43.6,757.5,71,15,55.3,True,6,918.7,0
ag-02434,2026-05-07T14:40:00,C-372,lecture,central,practice,124.5,125,77,1658.2,0.817,17.3,20.8,45.9,844.7,0,90,49.6,True,3,1040.1,0
ag-02435,2026-02-22T09:50:00,E-213,lab,east,lab,32.6,23,18,262.5,0.862,-0.5,22.5,64.8,504.0,56,41,63.4,False,3,745.2,0
ag-02436,2026-02-24T15:55:00,C-435,lab,central,none,41.1,33,3,307.4,0.401,-3.7,21.0,53.0,430.5,29,61,47.2,True,1,482.1,0
ag-02437,2026-02-15T18:00:00,N-491,lab,north,practice,46.8,44,31,276.1,0.703,12.1,23.9,60.6,618.9,29,70,56.9,False,1,744.5,0
ag-02438,2026-02-11T08:45:00,S-442,lab,south,lecture,37.1,40,26,242.8,0.606,2.9,25.1,69.8,516.6,37,47,60.1,False,3,739.5,0
ag-02439,2026-05-10T13:10:00,W-207,seminar,west,lab,52.5,43,25,338.4,0.296,18.6,21.5,48.2,563.2,37,49,69.1,True,5,829.2,0
ag-02440,2026-04-28T14:10:00,C-342,lab,central,lecture,49.1,34,28,260.2,0.608,17.6,25.8,54.3,634.7,55,46,69.1,False,5,789.9,0
ag-02441,2026-03-28T13:50:00,N-335,lab,north,lecture,46.3,37,26,477.3,0.876,12.5,24.8,57.6,461.0,30,57,57.7,False,1,597.1,0
ag-02442,2026-03-06T15:40:00,W-476,lab,west,practice,29.1,24,20,168.5,0.664,-6.0,23.8,57.0,569.4,60,16,65.6,False,6,615.9,0
ag-02443,2026-02-22T18:10:00,C-473,lecture,central,none,93.1,100,39,1003.1,0.558,-0.4,22.8,39.5,892.9,90,0,53.0,False,6,1044.3,0
ag-02444,2026-03-18T11:50:00,N-276,lab,north,lecture,36.5,32,28,243.4,0.549,12.0,25.7,51.0,632.6,51,45,58.1,False,7,892.2,0
ag-02445,2026-05-02T11:50:00,N-576,lecture,north,exam,54.8,57,57,715.3,0.733,15.9,23.7,65.4,772.5,35,53,53.0,True,4,978.0,0
ag-02446,2026-02-13T14:40:00,N-370,lecture,north,lecture,65.5,64,57,426.9,0.411,5.6,23.4,60.1,870.2,82,31,65.7,False,2,1081.6,0
ag-02447,2026-05-16T16:15:00,E-353,seminar,east,lab,69.6,51,33,488.2,0.86,12.8,24.0,51.4,708.3,69,24,56.0,True,5,746.3,0
ag-02448,2026-03-26T18:55:00,S-530,lab,south,lecture,55.2,40,32,286.9,0.437,15.5,24.3,63.6,633.8,4,90,63.4,False,5,698.9,0
ag-02449,2026-05-06T10:45:00,S-380,seminar,south,lab,61.8,49,33,176.9,0.159,18.2,22.4,50.8,805.7,37,53,58.6,True,7,944.7,0
ag-02450,2026-05-11T16:30:00,W-361,lecture,west,lab,73.2,56,53,295.2,0.259,12.3,23.9,77.7,858.2,20,68,67.7,True,7,1065.5,0
ag-02451,2026-02-20T15:15:00,W-330,lab,west,practice,43.8,44,27,338.0,0.372,-4.4,22.5,53.8,642.2,34,47,60.1,False,2,769.5,0
ag-02452,2026-02-26T18:45:00,N-104,lecture,north,lab,123.8,96,58,582.4,0.231,6.8,22.9,56.8,782.5,27,85,53.1,False,3,948.1,0
ag-02453,2026-04-20T12:00:00,E-231,coworking,east,lecture,67.6,50,44,172.2,0.137,17.1,25.5,48.4,840.5,68,35,69.4,False,5,1045.8,0
ag-02454,2026-03-05T10:20:00,S-522,lecture,south,lab,98.3,70,54,893.1,0.719,9.5,24.2,45.4,746.2,71,12,57.3,False,5,1005.6,0
ag-02455,2026-05-03T09:40:00,E-257,lab,east,lab,41.5,29,14,198.4,0.716,16.3,23.2,58.9,380.0,0,86,53.3,True,7,411.7,0
ag-02456,2026-05-14T10:15:00,W-332,seminar,west,lab,45.6,49,47,618.6,0.735,17.1,24.9,55.7,670.6,45,36,64.6,True,4,878.5,0
ag-02457,2026-03-27T12:35:00,N-343,seminar,north,practice,43.9,32,19,347.3,0.793,7.5,27.4,63.4,611.6,79,3,56.3,False,2,615.7,0
ag-02458,2026-04-25T18:20:00,E-195,lab,east,lecture,35.5,26,19,267.9,0.745,12.0,24.3,60.6,503.8,90,0,63.0,False,1,558.0,0
ag-02459,2026-05-19T17:40:00,W-521,coworking,west,lecture,46.5,35,41,200.0,0.163,11.5,23.7,57.1,767.5,44,41,65.8,True,3,990.7,0
ag-02460,2026-05-15T15:05:00,N-375,seminar,north,lecture,68.7,51,51,205.6,0.255,15.6,25.4,73.6,824.8,85,12,57.7,True,7,937.2,0
ag-02461,2026-05-11T11:20:00,C-390,seminar,central,lecture,34.3,27,21,204.7,0.19,18.1,23.7,65.3,538.1,15,78,50.8,True,4,562.3,0
ag-02462,2026-04-18T14:15:00,C-324,lecture,central,exam,125.5,91,106,689.6,0.286,11.8,21.2,66.3,1202.6,37,63,71.4,True,3,1530.3,1
ag-02463,2026-03-28T09:30:00,N-384,lecture,north,lab,96.8,80,65,330.8,0.238,20.3,23.0,58.3,843.2,37,49,59.4,False,4,1222.3,1
ag-02464,2026-05-16T13:05:00,W-237,lab,west,none,30.4,33,4,259.0,0.435,15.1,21.4,39.7,380.0,12,70,50.5,True,2,475.6,0
ag-02465,2026-04-10T15:25:00,C-476,seminar,central,lecture,45.8,46,38,391.5,0.545,10.3,21.9,62.7,651.2,32,69,68.1,False,4,771.5,0
ag-02466,2026-05-18T18:35:00,E-462,lab,east,none,45.3,35,5,252.0,0.234,15.6,20.0,45.1,508.2,75,11,44.9,True,3,538.3,0
ag-02467,2026-03-09T13:15:00,C-511,lecture,central,lecture,105.8,73,49,248.0,0.074,1.6,23.3,55.6,859.2,26,49,57.8,True,4,1161.5,1
ag-02468,2026-04-17T12:25:00,E-371,lecture,east,lecture,130.9,100,56,1010.0,0.756,6.5,26.1,32.6,696.6,0,90,51.1,False,7,943.6,0
ag-02469,2026-03-02T17:10:00,C-195,lab,central,lecture,58.4,44,11,457.4,0.536,13.8,26.5,52.3,587.6,41,43,45.1,False,3,613.1,0
ag-02470,2026-04-17T13:50:00,W-496,lecture,west,lecture,64.9,65,57,356.4,0.543,18.1,23.0,71.3,799.6,57,16,58.5,False,1,973.4,0
ag-02471,2026-05-16T18:35:00,N-539,lab,north,lab,42.3,37,31,356.8,0.505,13.6,26.1,63.6,607.5,9,79,60.5,True,4,649.6,0
ag-02472,2026-05-16T11:55:00,W-299,lab,west,lecture,49.6,35,31,261.3,0.218,15.3,25.2,70.6,690.4,58,31,65.7,True,7,724.3,0
ag-02473,2026-03-23T12:25:00,N-546,seminar,north,lecture,54.8,44,22,275.1,0.335,11.3,21.2,54.2,586.7,39,60,49.3,False,3,640.6,0
ag-02474,2026-02-16T12:30:00,S-113,lab,south,none,30.1,21,0,209.8,1.0,-0.3,19.2,53.0,380.0,67,32,40.7,False,3,376.3,0
ag-02475,2026-04-01T08:25:00,N-254,lab,north,lab,33.8,33,25,329.5,0.644,6.6,25.2,58.1,457.4,27,47,59.5,False,4,450.0,0
ag-02476,2026-04-09T13:15:00,W-235,lecture,west,lecture,158.0,126,79,729.4,0.495,10.0,24.8,55.7,951.5,62,26,44.6,False,2,1295.0,1
ag-02477,2026-02-21T14:30:00,W-163,lecture,west,lecture,94.4,67,50,743.3,0.543,3.9,22.4,70.9,778.4,28,74,59.9,False,5,1055.9,0
ag-02478,2026-03-19T08:35:00,S-370,lab,south,lecture,43.8,38,41,258.1,0.331,3.7,23.8,67.3,699.0,75,33,64.0,True,4,1033.8,0
ag-02479,2026-03-16T08:35:00,W-593,lab,west,lab,40.7,32,16,203.7,0.666,-0.8,22.1,48.2,451.8,3,88,50.9,False,6,424.6,0
ag-02480,2026-04-12T09:55:00,E-420,lecture,east,practice,78.1,58,34,423.2,0.301,15.9,25.1,60.5,703.4,10,67,58.2,False,7,803.4,0
ag-02481,2026-04-24T11:15:00,E-236,seminar,east,lab,70.6,50,43,496.4,0.647,7.1,24.1,52.7,710.3,90,0,66.8,False,5,941.5,0
ag-02482,2026-02-11T08:10:00,N-104,seminar,north,lecture,39.8,37,44,313.0,0.699,1.4,26.7,59.3,693.9,16,72,67.2,True,6,795.9,0
ag-02483,2026-04-09T14:55:00,C-297,seminar,central,lecture,61.5,51,39,458.8,0.641,10.5,23.8,50.8,794.2,34,51,57.9,False,7,890.8,0
ag-02484,2026-03-20T14:35:00,E-223,seminar,east,lecture,61.7,57,36,465.4,0.556,-4.0,21.4,55.9,716.7,53,34,59.6,False,3,873.4,0
ag-02485,2026-02-16T10:45:00,E-588,lecture,east,lab,86.3,66,39,646.1,0.44,-7.2,22.5,51.8,821.4,53,51,60.4,False,2,1059.1,0
ag-02486,2026-04-22T16:05:00,S-402,coworking,south,lab,34.0,27,32,124.2,0.102,6.6,25.2,86.9,811.0,43,58,73.4,True,7,1019.7,0
ag-02487,2026-04-16T08:20:00,N-570,seminar,north,practice,59.2,46,14,313.1,0.529,20.3,24.0,48.4,654.7,87,0,45.2,False,4,654.1,0
ag-02488,2026-04-17T16:40:00,S-585,seminar,south,lab,54.1,57,27,332.7,0.371,19.3,25.3,42.3,628.8,59,33,57.3,False,2,790.3,0
ag-02489,2026-02-25T10:10:00,W-152,seminar,west,lecture,70.0,55,50,343.0,0.476,8.4,25.4,67.1,699.8,2,90,57.5,False,7,944.3,0
ag-02490,2026-03-25T11:50:00,N-428,seminar,north,lecture,54.2,54,38,482.9,0.664,9.9,23.7,64.6,650.0,40,43,55.7,False,7,800.9,0
ag-02491,2026-02-11T09:45:00,C-219,seminar,central,none,32.6,26,7,119.6,0.365,3.6,22.7,50.1,525.5,59,37,52.7,False,4,571.3,0
ag-02492,2026-04-14T18:00:00,S-108,seminar,south,exam,56.1,42,41,377.9,0.384,15.7,24.9,73.2,785.5,42,57,65.7,False,2,817.2,0
ag-02493,2026-02-17T14:10:00,S-146,seminar,south,lab,52.6,42,37,404.4,0.649,-2.9,23.8,62.4,690.3,70,22,69.7,False,2,939.2,0
ag-02494,2026-04-07T09:25:00,C-147,lecture,central,practice,110.3,90,28,563.6,0.38,17.8,20.2,54.3,666.7,80,1,60.8,False,3,696.9,0
ag-02495,2026-04-20T18:35:00,C-327,seminar,central,lecture,66.1,46,16,442.6,0.424,12.3,19.3,66.3,614.1,90,5,57.6,False,7,664.8,0
ag-02496,2026-02-23T16:05:00,S-267,lecture,south,practice,124.2,103,37,1042.2,0.596,2.7,21.8,39.7,661.0,85,6,48.7,True,2,720.2,0
ag-02497,2026-05-03T13:55:00,E-159,seminar,east,none,68.7,59,8,433.4,0.667,10.0,23.4,44.9,493.4,59,37,36.4,True,7,544.1,0
ag-02498,2026-03-28T18:10:00,E-573,lecture,east,lab,148.5,113,59,1223.3,0.644,8.2,25.8,60.8,858.5,46,43,53.5,False,3,1030.7,1
ag-02499,2026-03-08T08:05:00,N-106,seminar,north,practice,49.5,40,27,151.0,0.075,9.9,24.4,63.8,701.3,21,78,64.8,False,7,792.0,0
ag-02500,2026-04-12T16:50:00,N-584,seminar,north,lecture,58.4,48,32,251.7,0.31,8.9,25.3,48.6,567.0,2,80,59.4,False,2,789.0,0
ag-02501,2026-04-23T16:35:00,C-122,seminar,central,lab,64.8,55,65,444.4,0.221,21.5,25.6,43.5,899.6,31,53,67.8,False,4,1180.8,1
ag-02502,2026-05-13T17:35:00,W-425,seminar,west,practice,48.8,34,35,299.9,0.679,14.7,24.7,57.2,706.8,31,61,68.6,True,6,794.8,0
ag-02503,2026-04-02T16:05:00,E-520,seminar,east,lecture,45.3,47,47,323.5,0.706,5.4,23.4,63.7,769.1,72,24,56.1,False,4,1043.8,0
ag-02504,2026-03-28T15:50:00,E-529,seminar,east,lab,49.4,48,44,418.2,0.661,6.6,25.5,79.4,664.2,18,76,64.8,False,1,899.5,0
ag-02505,2026-03-29T08:25:00,W-409,lecture,west,lecture,90.7,89,63,541.7,0.374,7.5,23.8,66.1,896.1,74,18,62.2,False,5,1141.4,1
ag-02506,2026-02-25T12:25:00,C-165,lab,central,lab,24.0,20,16,246.9,0.707,6.6,24.4,51.5,518.5,32,51,58.4,False,5,529.3,0
ag-02507,2026-05-15T08:10:00,N-433,lecture,north,lecture,79.5,65,62,684.8,0.483,25.0,23.4,57.6,920.4,70,20,64.3,True,6,1133.0,1
ag-02508,2026-03-05T14:40:00,E-531,lecture,east,lecture,97.0,97,85,727.1,0.297,8.4,25.5,60.9,1005.5,62,28,59.3,False,4,1464.2,1
ag-02509,2026-02-11T11:45:00,E-208,seminar,east,lecture,56.2,48,32,405.6,0.676,2.5,24.2,52.8,554.2,41,47,59.6,False,7,660.4,0
ag-02510,2026-05-14T13:25:00,C-145,coworking,central,lecture,32.7,31,29,337.3,0.531,16.6,24.5,74.1,486.1,25,65,60.1,True,4,639.7,0
ag-02511,2026-04-10T10:05:00,N-571,lab,north,exam,19.9,20,21,143.1,0.652,17.2,25.7,65.1,527.0,19,54,64.4,False,5,523.3,0
ag-02512,2026-04-17T16:15:00,C-543,lecture,central,lecture,119.8,113,105,923.1,0.442,10.4,23.9,57.5,1160.2,22,68,71.0,False,3,1456.6,1
ag-02513,2026-03-04T17:20:00,E-348,lab,east,none,45.1,32,1,413.7,0.763,6.1,19.6,40.6,380.0,46,40,38.0,False,6,387.2,0
ag-02514,2026-02-25T12:05:00,S-155,seminar,south,practice,25.1,25,16,154.7,0.519,8.2,25.3,64.9,579.3,62,29,54.8,False,1,660.4,0
ag-02515,2026-04-26T11:40:00,S-376,seminar,south,practice,70.0,57,49,505.9,0.513,16.0,24.6,44.8,747.2,39,56,69.0,False,2,899.7,0
ag-02516,2026-02-18T15:45:00,S-516,lecture,south,practice,129.8,115,72,1380.0,0.74,-1.5,20.8,50.0,766.6,41,35,65.6,False,6,976.9,0
ag-02517,2026-03-07T10:05:00,S-106,coworking,south,lecture,27.9,21,11,192.3,0.4,11.6,22.5,36.9,442.0,62,24,55.0,False,4,473.3,0
ag-02518,2026-04-04T10:15:00,S-338,lecture,south,practice,120.2,94,60,620.7,0.499,6.6,25.3,65.9,703.8,5,67,58.6,False,7,1022.2,0
ag-02519,2026-02-20T16:40:00,E-249,lecture,east,lecture,57.6,58,49,362.8,0.551,4.8,22.3,55.3,722.0,35,64,58.6,True,4,917.2,0
ag-02520,2026-03-11T18:50:00,S-175,lecture,south,lecture,76.9,57,52,336.9,0.327,2.1,24.2,65.9,807.4,60,20,65.7,False,2,1086.8,0
ag-02521,2026-02-23T08:40:00,S-405,seminar,south,practice,49.2,50,27,333.4,0.353,4.2,21.2,55.7,635.5,57,25,63.6,False,6,780.9,0
ag-02522,2026-03-19T18:40:00,W-592,coworking,west,lab,97.1,68,60,300.4,0.27,11.4,25.1,53.2,910.2,43,46,50.1,False,6,1263.4,1
ag-02523,2026-05-17T15:25:00,N-227,seminar,north,lecture,79.1,56,59,353.0,0.579,25.5,24.3,56.5,836.5,72,26,67.1,True,5,1186.4,1
ag-02524,2026-03-20T18:25:00,E-554,coworking,east,practice,49.7,41,36,200.1,0.228,3.6,24.8,52.0,741.4,46,45,65.9,False,1,945.7,0
ag-02525,2026-03-30T08:05:00,E-218,lecture,east,none,130.7,123,15,853.3,0.314,8.4,23.9,58.2,563.5,14,83,45.5,False,5,702.1,0
ag-02526,2026-03-14T08:55:00,S-404,seminar,south,lecture,57.2,41,35,427.5,0.444,7.1,25.7,60.2,638.9,33,59,67.8,False,1,758.1,0
ag-02527,2026-02-11T17:30:00,W-209,seminar,west,practice,34.7,26,19,216.7,0.367,5.5,25.3,48.5,624.2,62,34,59.8,False,4,852.6,0
ag-02528,2026-04-20T15:30:00,S-125,lecture,south,lab,156.4,122,83,830.7,0.375,14.8,24.3,62.2,851.3,33,62,47.9,True,7,1297.1,1
ag-02529,2026-03-09T10:10:00,W-483,seminar,west,practice,46.8,35,27,411.3,0.702,1.2,21.7,67.1,574.3,0,90,50.1,False,2,817.4,0
ag-02530,2026-05-13T10:30:00,N-448,seminar,north,lecture,88.7,64,72,534.9,0.837,10.9,25.3,55.0,872.8,44,49,72.2,True,4,1185.3,1
ag-02531,2026-05-11T09:10:00,C-294,seminar,central,lecture,46.2,35,36,170.9,0.423,18.7,22.7,50.5,609.5,56,36,62.1,True,4,769.9,0
ag-02532,2026-04-05T16:35:00,C-112,lecture,central,practice,136.0,95,73,817.2,0.802,12.1,26.7,54.1,882.4,55,50,65.5,False,1,1192.3,1
ag-02533,2026-04-11T10:40:00,N-232,lecture,north,lecture,144.0,100,78,1014.6,0.773,14.3,22.3,60.5,729.6,0,90,60.7,False,6,1126.1,1
ag-02534,2026-02-16T10:55:00,E-294,lecture,east,lecture,78.4,87,53,692.3,0.624,7.0,23.3,53.2,733.6,27,61,58.7,False,5,1049.3,0
ag-02535,2026-02-12T15:05:00,W-219,seminar,west,exam,20.0,22,16,128.2,0.614,-10.6,23.1,62.8,502.0,35,42,67.2,False,6,486.4,0
ag-02536,2026-05-12T08:25:00,S-188,lecture,south,practice,92.6,90,79,622.5,0.449,7.7,23.9,53.3,1039.9,80,0,74.9,True,1,1400.3,1
ag-02537,2026-02-22T13:30:00,E-111,lecture,east,lab,68.9,67,57,564.8,0.322,-3.8,25.3,50.8,876.7,65,21,50.9,False,3,1083.2,0
ag-02538,2026-04-26T17:20:00,W-217,lecture,west,practice,49.5,55,44,354.4,0.231,16.2,27.4,47.7,1004.6,83,20,60.5,False,6,1231.4,1
ag-02539,2026-04-29T11:50:00,E-551,lab,east,lab,41.3,37,35,194.4,0.362,14.9,24.9,54.9,694.1,29,59,69.6,False,7,903.8,0
ag-02540,2026-05-08T16:45:00,N-454,lecture,north,practice,164.5,121,91,1478.6,0.748,10.1,26.1,47.6,856.4,37,62,61.7,True,1,1326.1,1
ag-02541,2026-02-10T13:15:00,S-417,seminar,south,lab,69.0,56,29,471.5,0.375,4.6,24.2,50.2,663.9,40,50,56.1,False,1,756.4,0
ag-02542,2026-04-21T08:20:00,S-536,seminar,south,practice,38.6,29,25,207.2,0.281,4.4,24.7,74.6,644.7,57,33,56.4,False,1,732.1,0
ag-02543,2026-05-02T15:45:00,N-408,seminar,north,lecture,19.5,21,21,217.0,0.658,13.1,23.9,81.0,552.5,29,77,70.3,True,4,641.1,0
ag-02544,2026-05-19T08:15:00,W-246,lecture,west,none,115.2,91,47,856.1,0.558,23.7,22.3,59.0,642.1,23,74,53.1,True,7,738.6,0
ag-02545,2026-02-13T15:55:00,N-285,lecture,north,lab,129.9,115,89,1092.6,0.523,-0.0,22.8,53.9,921.7,9,73,52.8,False,2,1355.3,1
ag-02546,2026-04-14T16:45:00,W-343,seminar,west,none,35.0,27,7,279.4,0.848,6.5,21.4,44.8,380.0,29,64,51.5,False,6,407.4,0
ag-02547,2026-03-29T18:10:00,S-177,lab,south,lecture,24.4,20,16,182.0,0.45,9.3,24.4,66.6,603.4,11,73,61.5,False,4,683.7,0
ag-02548,2026-03-26T10:05:00,N-479,lecture,north,lecture,86.7,79,50,926.9,0.753,4.2,23.7,46.5,767.7,8,84,60.2,False,5,868.7,0
ag-02549,2026-02-25T12:30:00,N-248,seminar,north,lecture,62.1,52,23,511.9,0.527,4.2,22.1,45.1,521.7,14,71,47.0,False,6,612.9,0
ag-02550,2026-05-06T16:45:00,E-515,lecture,east,exam,175.3,126,109,872.1,0.197,14.8,23.0,46.3,1497.0,58,29,63.0,True,4,2067.8,1
ag-02551,2026-04-04T10:55:00,W-548,coworking,west,lecture,82.1,58,48,604.3,0.692,5.9,24.1,59.7,614.8,34,41,58.4,False,6,839.9,0
ag-02552,2026-04-02T13:15:00,E-534,seminar,east,lecture,75.9,60,47,423.4,0.585,6.2,23.6,55.4,622.0,57,31,63.3,False,5,835.4,0
ag-02553,2026-03-09T15:45:00,E-216,seminar,east,lecture,20.6,22,15,164.6,0.343,-9.1,22.5,74.7,444.5,0,78,56.2,False,6,506.4,0
ag-02554,2026-03-17T13:45:00,S-322,lecture,south,exam,138.6,115,106,671.9,0.13,6.2,28.0,60.2,1080.2,0,90,69.3,False,4,1628.4,1
ag-02555,2026-04-14T16:05:00,C-451,lecture,central,lab,91.9,100,115,905.0,0.644,22.6,23.9,53.2,1079.6,43,53,79.2,False,7,1718.8,1
ag-02556,2026-04-16T16:55:00,W-336,lecture,west,practice,157.3,113,75,1284.4,0.685,12.9,24.6,68.0,905.0,35,47,58.1,False,2,1187.1,1
ag-02557,2026-04-27T16:40:00,N-215,seminar,north,exam,43.3,39,43,340.8,0.457,7.9,24.0,57.7,660.9,36,60,61.9,False,5,809.1,0
ag-02558,2026-05-14T14:00:00,S-488,lab,south,practice,60.2,43,33,326.1,0.31,17.0,25.7,46.6,623.6,43,51,67.4,True,4,890.8,0
ag-02559,2026-04-04T11:45:00,E-373,seminar,east,lab,48.3,48,26,416.1,0.391,-2.1,23.6,48.8,506.8,0,90,55.9,False,4,629.0,0
ag-02560,2026-03-28T08:25:00,S-319,lecture,south,none,57.8,61,15,507.5,0.256,7.1,23.0,37.8,458.3,31,46,50.2,False,7,602.2,0
ag-02561,2026-02-09T18:45:00,N-492,lecture,north,lecture,88.8,81,38,493.0,0.334,-7.4,24.4,67.2,837.1,29,56,54.4,False,5,875.7,0
ag-02562,2026-05-18T17:15:00,W-395,seminar,west,practice,86.9,63,52,629.0,0.463,23.4,24.8,50.6,796.6,32,52,66.5,True,3,1059.3,0
ag-02563,2026-03-02T16:05:00,E-516,lecture,east,practice,160.9,116,54,1020.4,0.676,9.9,21.9,47.9,793.7,56,34,46.5,False,3,1003.9,0
ag-02564,2026-03-14T10:10:00,E-116,seminar,east,practice,83.2,59,30,619.4,0.664,7.1,26.2,52.1,631.7,83,4,53.0,False,2,649.2,0
ag-02565,2026-04-26T18:40:00,E-448,seminar,east,lab,46.5,42,48,303.6,0.541,13.4,27.6,69.2,659.7,31,71,60.5,True,7,868.1,0
ag-02566,2026-02-21T10:05:00,E-478,lab,east,lab,51.7,40,37,499.1,0.85,3.6,23.3,72.9,496.9,43,54,61.8,True,6,565.4,0
ag-02567,2026-04-28T18:15:00,E-264,lecture,east,none,130.7,102,2,836.0,0.281,12.6,21.8,49.7,576.9,53,43,39.9,False,4,619.2,0
ag-02568,2026-03-09T10:00:00,C-334,lab,central,practice,28.0,28,20,294.6,0.515,-3.8,23.3,58.8,700.9,66,17,55.4,False,1,757.2,0
ag-02569,2026-05-16T15:35:00,N-465,lecture,north,lecture,66.8,61,51,744.9,0.62,19.4,23.6,44.5,664.2,60,31,71.3,True,4,777.0,0
ag-02570,2026-04-04T17:15:00,W-272,coworking,west,exam,52.4,45,43,249.1,0.352,14.3,27.4,73.8,612.4,23,64,56.3,False,2,814.7,0
ag-02571,2026-03-11T09:35:00,C-584,coworking,central,lecture,50.3,41,18,274.0,0.155,9.1,22.8,47.9,680.2,69,22,54.2,False,1,774.0,0
ag-02572,2026-02-27T17:05:00,E-359,lab,east,none,27.7,20,7,197.0,0.865,10.9,20.6,58.4,475.1,63,38,52.9,False,4,503.0,0
ag-02573,2026-04-07T15:15:00,N-461,lecture,north,lecture,119.7,102,81,1149.5,0.6,10.1,21.7,55.9,899.8,20,72,59.9,False,3,1186.4,1
ag-02574,2026-03-16T12:20:00,N-317,coworking,north,practice,62.0,45,27,434.6,0.537,10.9,22.9,51.2,631.5,71,20,44.7,True,2,733.2,0
ag-02575,2026-04-02T11:05:00,C-259,lecture,central,lecture,160.8,111,88,969.5,0.485,6.4,21.5,56.8,1076.8,81,6,66.7,False,5,1588.3,1
ag-02576,2026-04-18T09:00:00,N-254,seminar,north,lab,67.9,48,38,344.8,0.629,11.4,23.8,55.8,681.8,61,29,61.0,False,6,1013.6,0
ag-02577,2026-04-05T10:55:00,E-367,lab,east,practice,49.9,40,27,386.5,0.899,7.6,23.5,51.0,548.7,54,36,53.2,False,5,740.5,0
ag-02578,2026-04-27T16:45:00,C-236,lecture,central,lab,65.2,63,49,488.7,0.571,2.5,23.5,72.7,714.4,26,51,63.6,False,2,851.1,0
ag-02579,2026-04-11T16:25:00,S-569,seminar,south,lab,23.2,23,17,152.2,0.346,9.9,21.0,60.3,549.3,8,90,51.0,False,4,674.8,0
ag-02580,2026-05-02T12:40:00,W-243,coworking,west,lecture,37.7,30,19,255.4,0.46,14.2,25.5,47.4,433.7,47,35,52.7,True,5,574.9,0
ag-02581,2026-04-29T09:05:00,E-284,lecture,east,lecture,141.9,102,101,1067.5,0.544,-3.2,21.9,70.0,1165.6,71,8,70.5,True,4,1739.8,1
ag-02582,2026-02-13T17:20:00,S-571,coworking,south,practice,73.6,52,40,632.4,0.609,3.5,26.4,57.3,623.8,0,85,61.3,False,5,869.7,0
ag-02583,2026-05-17T18:10:00,N-506,seminar,north,practice,51.2,44,39,197.3,0.243,19.9,24.3,57.5,778.1,76,20,71.9,True,1,916.4,0
ag-02584,2026-03-06T13:35:00,N-179,coworking,north,lab,70.1,56,21,333.5,0.403,2.7,20.9,49.8,619.3,37,56,48.6,False,5,668.1,0
ag-02585,2026-04-08T10:05:00,N-577,seminar,north,practice,45.9,46,21,543.7,0.666,11.7,24.2,54.7,421.7,5,90,53.4,False,1,561.5,0
ag-02586,2026-02-13T15:45:00,E-119,coworking,east,practice,105.0,78,39,319.5,0.222,7.9,24.7,55.8,711.4,27,53,52.0,False,6,881.4,0
ag-02587,2026-02-28T15:00:00,S-458,lecture,south,exam,79.0,82,97,619.9,0.315,3.9,25.3,56.4,1140.8,61,34,66.6,False,3,1648.4,1
ag-02588,2026-03-17T15:10:00,S-205,coworking,south,practice,74.9,52,31,358.3,0.528,7.8,22.5,71.3,758.3,29,59,58.0,False,4,913.1,0
ag-02589,2026-05-09T13:45:00,S-405,lecture,south,practice,66.0,73,35,478.9,0.645,19.6,24.1,44.2,407.6,14,65,48.9,True,2,555.7,0
ag-02590,2026-05-09T14:10:00,N-338,seminar,north,none,62.2,46,26,633.3,0.769,25.0,22.2,61.1,611.6,32,56,54.4,True,7,726.3,0
ag-02591,2026-04-27T09:35:00,C-282,lab,central,practice,34.5,31,19,271.6,0.818,8.8,22.8,70.0,648.7,73,12,64.5,False,6,807.4,0
ag-02592,2026-02-20T09:30:00,S-529,coworking,south,none,70.3,56,14,536.6,0.581,3.3,22.6,58.2,522.7,50,34,43.7,False,5,669.9,0
ag-02593,2026-02-16T18:05:00,N-201,lab,north,none,30.9,22,5,234.3,0.569,1.3,19.1,36.9,380.0,39,56,41.3,False,4,411.3,0
ag-02594,2026-02-16T18:45:00,N-126,coworking,north,practice,36.6,37,37,266.2,0.324,-1.4,24.0,71.8,723.4,34,57,66.1,False,4,1007.9,0
ag-02595,2026-04-05T09:25:00,C-200,lab,central,exam,43.5,38,45,440.9,0.773,8.3,23.2,71.0,696.2,37,64,66.8,False,1,746.7,0
ag-02596,2026-02-27T14:25:00,S-345,seminar,south,lecture,52.2,41,34,281.7,0.231,-5.8,24.4,67.4,783.6,37,57,58.0,False,5,956.7,0
ag-02597,2026-05-12T13:45:00,C-463,lecture,central,exam,68.6,62,57,426.5,0.156,16.3,23.6,57.2,1062.3,74,5,54.5,True,3,1157.9,1
ag-02598,2026-03-24T16:50:00,S-410,seminar,south,lecture,28.3,25,24,250.3,0.554,7.8,23.4,65.5,580.5,52,32,58.1,False,6,671.0,0
ag-02599,2026-04-18T11:40:00,S-160,lab,south,exam,36.7,28,25,231.9,0.473,11.0,23.8,64.9,487.0,13,74,56.7,False,1,573.6,0
ag-02600,2026-02-09T13:00:00,S-457,lecture,south,lecture,129.7,117,66,475.3,0.116,6.8,23.2,53.4,836.5,7,84,46.3,False,1,961.4,0
ag-02601,2026-05-15T15:55:00,E-377,lab,east,practice,22.7,25,16,135.9,0.21,17.6,25.1,47.4,523.5,51,43,64.7,True,5,651.5,0
ag-02602,2026-03-17T16:35:00,E-254,lecture,east,practice,71.4,70,45,293.5,0.083,10.0,25.7,67.6,893.2,51,25,62.7,False,2,1128.2,1
ag-02603,2026-04-25T12:35:00,W-235,seminar,west,lecture,39.0,40,30,253.7,0.178,12.3,21.7,52.2,737.3,61,22,71.9,False,4,970.6,0
ag-02604,2026-04-25T18:25:00,E-521,lecture,east,lecture,146.2,103,92,694.8,0.228,17.5,25.1,69.1,1033.5,19,57,64.3,False,3,1482.5,1
ag-02605,2026-04-20T09:30:00,S-385,lab,south,lab,43.9,33,24,323.8,0.955,9.8,23.8,67.7,633.5,51,42,67.5,False,1,656.7,0
ag-02606,2026-04-30T11:20:00,S-453,seminar,south,lab,32.6,34,25,375.9,0.869,7.6,22.2,56.5,388.2,0,90,60.3,True,3,429.6,0
ag-02607,2026-03-19T12:50:00,W-545,coworking,west,practice,92.6,73,29,643.5,0.418,2.6,21.2,46.6,584.4,65,29,61.2,False,3,788.5,0
ag-02608,2026-04-08T15:45:00,N-578,lecture,north,practice,89.6,65,44,657.2,0.421,-0.5,24.8,50.6,844.6,88,8,49.7,True,5,1053.7,0
ag-02609,2026-03-30T08:35:00,N-337,lecture,north,lab,128.7,127,67,1165.2,0.609,8.2,23.5,35.7,807.8,49,33,59.7,False,3,1102.9,1
ag-02610,2026-02-22T08:05:00,S-244,lecture,south,practice,105.9,112,74,881.2,0.279,1.0,22.4,39.5,987.7,56,37,47.6,False,4,1490.2,1
ag-02611,2026-03-09T16:25:00,N-545,seminar,north,lecture,47.4,41,31,504.7,0.628,13.8,21.8,57.7,619.9,51,46,52.5,False,1,865.8,0
ag-02612,2026-05-16T10:55:00,W-158,coworking,west,lecture,27.2,28,27,248.0,0.486,7.8,25.6,67.8,537.2,19,74,65.0,True,3,687.0,0
ag-02613,2026-02-27T08:00:00,E-559,lecture,east,none,117.7,116,20,1185.6,0.677,7.3,24.9,37.7,615.2,52,35,45.4,False,5,636.1,0
ag-02614,2026-04-10T18:40:00,W-198,lecture,west,practice,54.2,55,40,462.5,0.811,15.0,24.5,58.0,685.4,60,18,53.1,False,4,902.0,0
ag-02615,2026-03-27T15:00:00,C-226,lab,central,none,34.8,29,1,239.5,0.591,6.1,19.7,50.9,380.0,49,43,37.9,False,7,339.7,0
ag-02616,2026-03-13T16:25:00,E-491,coworking,east,lecture,77.5,61,44,405.4,0.273,7.0,24.4,56.5,564.3,7,86,63.6,False,1,826.0,0
ag-02617,2026-04-20T09:45:00,C-414,seminar,central,lecture,31.3,23,15,124.4,0.268,12.2,22.3,48.3,527.4,0,84,64.2,False,6,589.2,0
ag-02618,2026-04-17T13:00:00,S-368,seminar,south,lecture,72.3,61,34,623.5,0.587,7.3,22.7,54.2,656.3,50,48,63.2,False,1,731.1,0
ag-02619,2026-02-20T13:25:00,E-392,lecture,east,lecture,112.7,84,59,572.4,0.599,-7.0,25.8,63.8,745.8,14,63,54.9,False,1,1065.6,1
ag-02620,2026-02-24T17:30:00,E-440,lab,east,practice,34.5,32,15,239.6,0.579,-2.9,21.9,59.1,508.3,0,90,56.0,False,1,421.9,0
ag-02621,2026-03-10T14:15:00,E-288,coworking,east,lecture,103.2,74,46,976.2,0.722,5.9,21.8,58.2,822.8,26,58,58.0,False,7,997.6,0
ag-02622,2026-05-02T18:50:00,E-471,coworking,east,none,76.6,57,6,312.2,0.344,14.2,24.2,53.2,412.0,6,90,46.8,True,2,353.3,0
ag-02623,2026-04-05T14:35:00,E-174,lab,east,lecture,37.9,36,25,275.4,0.61,13.7,21.9,62.6,683.0,84,0,60.0,True,7,712.9,0
ag-02624,2026-04-02T11:45:00,C-104,lecture,central,lecture,115.7,105,104,923.4,0.524,11.2,25.2,62.6,916.4,0,90,65.5,False,4,1366.0,1
ag-02625,2026-05-11T14:05:00,E-381,lab,east,lecture,36.1,26,27,141.5,0.442,20.5,25.5,65.8,835.5,85,4,68.6,True,7,874.3,0
ag-02626,2026-03-03T10:00:00,E-288,lab,east,practice,24.9,20,19,190.6,0.421,2.2,25.4,52.7,572.2,50,46,67.4,False,5,654.2,0
ag-02627,2026-02-27T12:40:00,C-481,lecture,central,lecture,136.7,129,80,786.8,0.267,2.5,25.2,62.7,885.4,36,48,59.7,False,5,1118.0,1
ag-02628,2026-05-10T13:40:00,C-233,lab,central,lecture,22.4,18,14,218.2,0.627,11.1,24.3,66.1,458.1,52,41,60.9,True,2,503.0,0
ag-02629,2026-03-10T18:10:00,N-170,lab,north,lecture,56.6,41,28,342.6,0.585,-0.9,23.4,59.6,716.2,90,15,51.9,False,6,920.8,0
ag-02630,2026-03-05T09:15:00,E-243,lab,east,practice,35.3,30,19,165.0,0.497,-0.5,25.1,52.7,592.5,21,70,65.3,False,2,700.5,0
ag-02631,2026-03-25T09:10:00,N-474,seminar,north,lecture,60.6,61,58,304.7,0.398,4.0,23.5,40.2,808.8,28,61,68.6,False,4,1062.7,0
ag-02632,2026-05-02T17:15:00,N-418,lecture,north,lab,108.0,107,69,666.4,0.393,19.4,22.6,59.8,837.9,38,54,56.5,True,7,1145.2,1
ag-02633,2026-04-01T15:35:00,N-187,seminar,north,lab,42.2,30,26,425.7,0.873,12.2,21.6,49.1,525.8,39,36,66.7,True,7,444.3,0
ag-02634,2026-03-12T14:00:00,W-445,lab,west,practice,29.2,29,21,270.6,0.89,-2.5,23.6,70.7,380.0,20,86,55.9,False,3,496.1,0
ag-02635,2026-02-13T13:55:00,E-462,lab,east,lecture,47.1,33,24,320.1,0.748,-8.7,22.6,52.9,456.1,12,82,60.9,False,5,590.9,0
ag-02636,2026-03-12T11:00:00,W-176,lab,west,lab,24.1,20,18,148.1,0.775,-1.9,21.9,57.6,486.1,41,48,65.9,False,6,482.0,0
ag-02637,2026-05-05T15:05:00,N-421,lecture,north,lecture,86.2,90,90,819.7,0.888,23.1,22.0,47.1,1107.6,77,12,62.5,True,5,1414.0,1
ag-02638,2026-04-28T16:30:00,C-365,lecture,central,lab,157.2,121,84,1162.4,0.404,10.9,25.3,58.3,969.1,53,32,64.2,False,7,1272.9,1
ag-02639,2026-05-07T11:20:00,W-457,seminar,west,practice,61.1,54,38,431.6,0.339,18.4,22.6,52.3,609.5,67,28,64.4,True,3,844.7,0
ag-02640,2026-05-12T09:05:00,E-460,lab,east,lecture,26.2,28,27,143.5,0.452,11.0,24.3,72.7,658.1,58,17,60.2,True,3,811.6,0
ag-02641,2026-04-28T08:40:00,N-286,seminar,north,lecture,32.1,24,22,154.6,0.178,10.9,22.4,64.8,623.2,59,35,67.7,False,6,718.4,0
ag-02642,2026-03-12T16:25:00,S-152,lab,south,lecture,53.5,40,34,458.6,0.748,1.4,23.7,54.7,722.5,86,7,66.2,False,1,780.7,0
ag-02643,2026-04-01T18:30:00,N-439,lecture,north,lecture,58.0,59,53,502.3,0.544,1.0,25.1,62.9,946.2,36,55,66.9,False,2,1128.6,1
ag-02644,2026-04-14T10:25:00,W-243,lecture,west,none,134.4,94,3,1232.2,0.779,10.4,24.2,41.5,380.0,27,66,32.5,False,4,332.1,0
ag-02645,2026-03-23T12:40:00,C-199,lecture,central,lecture,122.6,100,38,530.2,0.252,10.4,22.7,55.1,625.4,34,56,58.3,False,3,903.2,0
ag-02646,2026-04-19T08:55:00,W-556,coworking,west,lecture,28.4,28,18,150.5,0.34,10.3,25.4,70.0,589.2,21,66,56.9,False,2,725.4,0
ag-02647,2026-04-15T15:10:00,E-276,lecture,east,lab,74.1,78,46,839.1,0.545,7.1,22.4,54.6,747.4,38,56,53.3,False,1,853.1,0
ag-02648,2026-04-02T11:55:00,E-369,lab,east,exam,56.4,44,43,361.1,0.479,10.1,23.4,69.6,825.3,42,39,66.2,False,1,924.2,0
ag-02649,2026-03-11T18:30:00,S-300,seminar,south,lecture,71.2,51,37,334.0,0.127,10.5,27.2,56.4,866.9,55,43,57.4,False,4,960.1,0
ag-02650,2026-03-10T11:40:00,N-222,lecture,north,practice,71.4,68,61,457.2,0.429,-1.4,21.6,52.5,938.1,57,38,59.1,False,4,1324.0,1
ag-02651,2026-02-25T15:45:00,N-355,lecture,north,practice,139.1,96,73,602.2,0.114,2.4,26.3,63.7,705.6,0,71,56.0,True,6,974.3,0
ag-02652,2026-02-23T11:30:00,E-377,lab,east,practice,36.3,30,19,341.0,0.657,9.6,21.8,54.1,524.1,64,21,61.4,False,5,690.3,0
ag-02653,2026-02-22T18:05:00,E-228,lab,east,none,42.6,38,4,513.7,0.862,8.0,22.3,46.3,483.7,90,0,45.1,False,7,575.6,0
ag-02654,2026-03-05T16:45:00,N-505,lecture,north,none,115.3,111,34,563.6,0.429,-6.1,20.2,49.6,610.9,27,63,55.2,False,3,774.0,0
ag-02655,2026-04-14T13:40:00,N-218,lab,north,lab,52.1,40,24,239.1,0.529,19.7,25.2,69.3,671.9,90,0,57.9,False,4,709.5,0
ag-02656,2026-04-05T16:20:00,S-258,lecture,south,lecture,180.0,129,105,894.1,0.354,6.4,24.2,55.5,1185.4,59,20,69.6,False,7,1601.2,1
ag-02657,2026-04-11T08:40:00,E-524,lab,east,lab,39.9,29,21,276.0,0.658,15.3,24.3,57.3,510.2,31,61,62.4,False,5,563.5,0
ag-02658,2026-04-08T18:10:00,E-239,lab,east,practice,37.7,40,16,369.1,0.644,13.8,20.1,66.8,531.5,36,47,53.3,False,7,616.2,0
ag-02659,2026-04-17T14:45:00,E-311,seminar,east,lab,81.1,62,49,351.8,0.341,11.5,22.5,64.8,663.2,41,61,61.3,False,3,860.3,0
ag-02660,2026-02-23T10:35:00,N-270,seminar,north,none,72.7,60,29,717.3,0.638,-1.2,22.6,44.8,460.9,56,46,48.6,True,6,592.8,0
ag-02661,2026-03-30T15:25:00,S-234,lecture,south,practice,56.3,56,30,263.3,0.32,8.2,25.5,62.0,583.4,29,61,57.8,False,3,646.7,0
ag-02662,2026-04-06T17:10:00,C-482,lab,central,lecture,37.1,39,38,372.0,0.866,-0.5,22.6,56.3,538.0,81,1,62.3,False,3,673.4,0
ag-02663,2026-04-28T11:50:00,E-356,seminar,east,lecture,48.2,34,33,402.8,0.61,16.8,26.2,69.3,537.1,53,43,66.2,False,2,673.0,0
ag-02664,2026-04-17T08:35:00,N-431,lecture,north,practice,121.1,98,78,735.4,0.332,13.9,24.4,61.9,1007.5,35,50,53.0,False,3,1422.8,1
ag-02665,2026-04-10T16:00:00,S-159,seminar,south,none,41.3,31,1,265.8,0.571,4.7,21.1,51.8,380.0,35,49,38.9,False,5,365.1,0
ag-02666,2026-04-20T09:05:00,E-232,coworking,east,lab,80.8,65,33,493.3,0.779,10.5,22.0,57.8,623.9,15,85,58.9,False,1,776.6,0
ag-02667,2026-03-10T12:50:00,C-287,lecture,central,none,85.6,79,2,497.4,0.55,0.3,21.2,52.2,443.5,22,71,48.2,False,2,620.4,0
ag-02668,2026-04-16T17:30:00,N-507,coworking,north,lab,41.2,35,31,263.8,0.688,4.0,24.6,60.6,558.4,33,42,59.2,False,7,648.4,0
ag-02669,2026-04-23T18:10:00,W-407,seminar,west,none,59.0,46,14,303.3,0.523,12.5,22.9,57.4,603.6,55,47,42.7,False,6,752.0,0
ag-02670,2026-04-30T12:30:00,S-104,coworking,south,exam,63.7,54,48,362.7,0.498,5.8,24.7,59.5,764.6,50,22,76.2,True,2,1050.1,0
ag-02671,2026-05-10T10:40:00,C-452,coworking,central,none,23.9,20,2,141.9,0.674,8.6,19.7,41.0,424.4,35,48,46.8,True,5,356.0,0
ag-02672,2026-02-23T17:55:00,E-584,lecture,east,lecture,80.8,60,56,488.7,0.426,5.4,23.7,68.2,759.7,48,32,68.8,False,1,774.2,0
ag-02673,2026-04-23T15:25:00,E-460,seminar,east,lecture,61.4,49,41,489.2,0.467,7.1,24.7,50.5,596.6,20,72,65.6,False,4,708.9,0
ag-02674,2026-04-11T12:30:00,S-110,lecture,south,exam,98.9,77,64,592.8,0.218,7.1,20.8,64.8,989.3,71,22,73.7,False,3,1382.3,1
ag-02675,2026-03-15T16:10:00,E-569,seminar,east,lecture,35.2,28,20,145.9,0.349,-3.3,26.1,62.2,679.3,52,21,58.3,False,1,868.2,0
ag-02676,2026-04-11T12:25:00,N-216,seminar,north,none,43.5,39,6,135.4,0.122,12.6,24.2,34.5,517.5,39,51,55.1,False,3,480.7,0
ag-02677,2026-04-30T11:15:00,C-503,lab,central,none,49.5,40,1,292.9,0.885,16.0,23.3,39.9,380.0,35,49,50.5,False,1,465.3,0
ag-02678,2026-04-14T18:15:00,C-210,coworking,central,none,91.3,69,6,747.3,0.585,17.2,22.2,49.5,380.0,22,76,46.1,False,1,411.3,0
ag-02679,2026-03-26T18:45:00,E-202,seminar,east,lecture,81.0,56,47,301.5,0.412,12.6,23.6,61.6,838.4,31,51,56.9,False,3,1004.4,0
ag-02680,2026-02-18T08:40:00,C-410,coworking,central,none,38.7,37,10,249.2,0.743,1.6,20.6,46.5,399.4,0,85,50.0,False,1,558.9,0
ag-02681,2026-02-13T08:40:00,S-564,coworking,south,lab,43.3,33,27,205.1,0.538,-6.0,22.8,60.1,600.4,64,27,64.0,False,5,871.1,0
ag-02682,2026-05-02T08:05:00,E-432,lecture,east,lab,123.9,101,77,682.1,0.424,20.9,23.6,54.6,1005.1,47,49,60.8,True,2,1194.9,1
ag-02683,2026-04-02T11:10:00,E-401,lecture,east,lecture,72.7,61,47,370.5,0.408,11.2,22.1,55.8,852.5,90,0,63.1,False,3,997.7,0
ag-02684,2026-03-15T13:00:00,W-362,lecture,west,lab,136.6,112,88,793.0,0.277,8.8,23.3,61.9,990.2,13,86,64.9,False,1,1291.2,1
ag-02685,2026-04-05T18:20:00,E-296,lab,east,none,26.8,27,12,241.1,0.883,9.4,22.0,50.3,621.2,52,52,50.2,False,3,651.2,0
ag-02686,2026-04-26T15:05:00,C-256,seminar,central,practice,47.6,43,21,259.3,0.652,13.4,22.1,55.0,525.9,54,29,55.9,False,1,634.9,0
ag-02687,2026-05-09T12:10:00,E-470,seminar,east,lecture,47.3,49,53,331.0,0.329,15.1,28.8,58.9,881.5,64,27,65.8,True,7,1076.4,1
ag-02688,2026-02-23T09:25:00,W-150,lab,west,none,39.2,28,4,147.0,0.497,1.0,21.2,58.0,380.0,0,90,48.9,False,5,432.6,0
ag-02689,2026-02-15T10:05:00,W-589,lecture,west,practice,76.3,71,58,410.3,0.406,12.9,25.1,57.5,853.5,46,48,50.8,False,1,1228.9,1
ag-02690,2026-03-29T13:55:00,C-236,seminar,central,lecture,63.8,55,32,567.0,0.742,7.2,21.9,68.8,462.5,7,90,62.2,False,7,543.8,0
ag-02691,2026-03-02T14:10:00,C-225,seminar,central,lecture,32.9,32,32,267.5,0.372,1.5,24.6,66.0,558.8,60,40,68.0,False,3,707.8,0
ag-02692,2026-03-19T11:45:00,S-277,lecture,south,practice,73.8,57,43,343.4,0.588,3.9,21.5,52.2,721.6,32,52,61.7,False,2,900.5,0
ag-02693,2026-03-03T12:40:00,C-190,lecture,central,none,132.9,116,26,1001.3,0.32,-0.7,21.6,48.6,680.7,69,27,45.7,False,5,735.3,0
ag-02694,2026-02-13T18:30:00,C-150,lecture,central,practice,111.4,109,85,935.1,0.378,-0.8,24.7,63.4,860.6,14,75,58.0,False,3,1300.4,1
ag-02695,2026-03-30T16:45:00,E-266,lecture,east,lab,82.8,85,61,539.1,0.49,4.0,22.9,50.6,749.6,31,70,55.7,False,5,1104.3,1
ag-02696,2026-03-27T11:55:00,N-343,seminar,north,none,35.8,34,10,203.4,0.253,5.8,23.6,52.6,599.0,69,28,46.1,False,2,800.7,0
ag-02697,2026-02-28T11:30:00,C-424,seminar,central,lab,33.5,24,15,199.9,0.337,5.2,23.8,56.7,517.4,27,65,59.1,False,4,462.8,0
ag-02698,2026-02-12T17:20:00,N-511,lab,north,practice,49.4,43,36,563.9,0.827,-2.2,26.0,60.8,564.3,0,80,58.3,False,5,726.8,0
ag-02699,2026-03-17T08:45:00,S-135,lecture,south,practice,150.0,119,64,794.6,0.223,4.1,23.7,62.2,828.2,65,11,61.9,False,7,1017.2,0
ag-02700,2026-02-27T08:55:00,S-226,coworking,south,practice,34.0,32,12,219.8,0.233,8.2,24.3,49.5,554.7,48,32,50.5,False,6,544.1,0
ag-02701,2026-04-17T10:10:00,N-217,lab,north,lecture,28.5,25,22,195.6,0.35,18.8,22.9,53.5,538.5,3,85,59.9,False,1,690.5,0
ag-02702,2026-02-15T18:15:00,N-224,seminar,north,practice,59.8,54,31,424.5,0.209,1.7,22.5,45.7,714.9,69,26,62.1,False,4,888.0,0
ag-02703,2026-04-16T10:15:00,N-458,lab,north,practice,22.7,18,13,284.4,1.0,15.5,22.6,70.1,427.9,17,81,65.2,False,5,455.5,0
ag-02704,2026-04-02T10:45:00,E-118,lab,east,none,29.2,27,10,145.2,0.429,1.2,23.9,52.3,380.0,30,52,56.9,True,7,476.4,0
ag-02705,2026-02-19T13:55:00,N-176,lecture,north,lecture,86.3,65,40,469.7,0.771,2.3,21.2,55.6,674.8,21,77,49.8,False,2,857.5,0
ag-02706,2026-03-17T13:40:00,E-133,seminar,east,none,40.4,31,3,156.4,0.399,0.7,21.7,42.6,380.0,26,51,39.8,False,7,397.7,0
ag-02707,2026-03-21T14:25:00,W-527,lecture,west,lab,117.7,96,51,665.7,0.612,10.3,23.6,64.4,611.2,22,67,60.8,False,3,774.9,0
ag-02708,2026-03-17T18:30:00,E-300,coworking,east,practice,74.8,65,40,458.2,0.166,2.7,24.8,51.1,945.2,75,11,69.1,False,5,953.6,0
ag-02709,2026-03-09T13:30:00,N-222,coworking,north,practice,71.7,65,20,650.8,0.708,4.8,20.4,51.5,439.5,12,79,45.6,False,3,527.0,0
ag-02710,2026-02-18T16:20:00,N-346,lecture,north,lecture,103.8,101,67,823.9,0.653,5.8,22.6,52.1,805.5,43,65,58.2,False,2,1169.9,1
ag-02711,2026-02-12T15:25:00,W-288,coworking,west,none,28.7,27,8,170.5,0.182,-1.3,22.7,48.1,572.7,75,16,45.9,False,2,518.3,0
ag-02712,2026-03-23T16:20:00,N-435,lab,north,lab,40.8,40,30,462.0,0.774,22.3,23.7,57.0,595.9,64,34,56.8,False,4,779.5,0
ag-02713,2026-03-27T09:50:00,N-143,coworking,north,lecture,33.7,33,18,190.9,0.503,14.3,22.3,55.5,486.1,14,81,60.6,False,3,503.5,0
ag-02714,2026-04-26T16:35:00,S-369,lecture,south,lab,94.7,102,54,947.2,0.39,5.1,24.1,64.0,639.2,25,63,44.2,False,3,745.5,0
ag-02715,2026-05-02T11:00:00,N-469,lab,north,lecture,39.8,38,23,292.2,0.946,15.6,21.8,47.5,575.2,44,42,54.9,True,4,757.6,0
ag-02716,2026-04-03T16:40:00,E-530,lab,east,lab,29.8,29,25,209.9,0.76,10.2,23.9,55.3,493.6,35,55,66.4,False,7,601.1,0
ag-02717,2026-03-12T18:40:00,W-300,seminar,west,practice,55.2,53,57,338.7,0.174,3.8,24.5,75.8,995.7,70,15,66.0,False,2,1412.2,1
ag-02718,2026-04-10T08:20:00,W-217,lab,west,none,39.8,35,1,228.8,0.691,3.3,22.0,58.6,425.7,34,44,48.9,True,5,477.8,0
ag-02719,2026-05-15T13:20:00,N-151,coworking,north,lecture,40.5,35,31,208.1,0.05,13.4,24.5,69.4,671.7,20,73,59.1,True,1,814.5,0
ag-02720,2026-02-21T15:55:00,E-369,seminar,east,lecture,47.0,36,32,189.3,0.05,-1.2,22.3,57.6,734.3,23,67,62.1,True,7,964.8,0
ag-02721,2026-04-20T10:35:00,N-388,seminar,north,exam,66.9,50,45,557.4,0.622,13.1,20.8,57.0,615.7,6,90,70.1,True,2,751.0,0
ag-02722,2026-05-10T08:25:00,C-373,lab,central,lab,49.9,35,41,281.3,0.296,13.5,27.0,69.1,610.3,17,74,78.5,True,5,671.2,0
ag-02723,2026-03-07T15:40:00,S-556,lecture,south,lecture,67.8,67,69,395.4,0.223,9.0,24.0,75.9,1040.6,50,45,64.9,True,3,1400.3,1
ag-02724,2026-02-11T10:05:00,W-530,seminar,west,none,33.0,35,20,150.3,0.177,12.4,22.1,55.8,697.7,50,36,52.8,True,1,871.6,0
ag-02725,2026-02-09T12:00:00,E-381,seminar,east,lab,63.3,47,18,449.7,0.467,-3.1,25.5,61.5,487.4,0,83,47.1,False,1,555.1,0
ag-02726,2026-03-03T10:45:00,S-311,seminar,south,none,60.0,45,5,384.1,0.761,1.2,22.7,47.0,490.0,54,38,38.3,False,4,635.3,0
ag-02727,2026-04-12T14:30:00,N-426,lecture,north,practice,71.7,55,37,180.0,0.095,10.4,24.4,62.1,597.8,20,71,61.0,False,6,651.3,0
ag-02728,2026-03-13T11:40:00,N-113,seminar,north,exam,53.7,47,33,478.7,0.909,6.1,25.3,50.7,538.6,28,62,61.7,False,5,531.9,0
ag-02729,2026-03-03T16:30:00,S-528,lecture,south,lecture,55.0,61,39,541.0,0.673,0.2,20.0,63.5,538.7,43,56,60.6,False,2,751.7,0
ag-02730,2026-03-23T12:45:00,N-152,coworking,north,lecture,100.7,76,36,669.1,0.524,-2.3,22.5,51.6,651.9,38,58,57.8,False,1,833.1,0
ag-02731,2026-03-18T10:55:00,N-399,seminar,north,none,46.4,38,7,316.1,0.312,11.6,23.3,44.7,475.5,43,51,54.9,False,4,586.5,0
ag-02732,2026-05-07T10:30:00,W-507,lecture,west,lecture,128.2,92,71,845.0,0.647,10.2,25.5,64.1,813.6,0,90,54.5,True,1,1020.8,1
ag-02733,2026-05-09T17:50:00,S-460,lecture,south,practice,98.8,70,64,601.8,0.547,8.8,22.7,69.9,715.5,29,58,67.9,True,4,987.7,0
ag-02734,2026-02-28T13:20:00,C-426,lab,central,practice,44.4,34,19,263.4,0.412,8.0,23.4,51.7,543.2,53,40,57.6,False,4,659.1,0
ag-02735,2026-03-26T11:05:00,C-128,lab,central,lecture,39.5,43,39,348.2,0.698,2.9,23.4,66.3,781.8,56,28,70.9,False,2,938.1,0
ag-02736,2026-04-13T10:40:00,S-529,lab,south,lecture,54.3,38,35,516.6,0.843,15.6,25.5,65.4,538.8,48,49,68.7,False,3,733.7,0
ag-02737,2026-05-06T08:55:00,C-378,seminar,central,lecture,41.0,31,36,269.1,0.4,13.5,27.8,61.6,535.7,0,85,67.0,True,7,768.3,0
ag-02738,2026-03-26T17:45:00,S-573,lab,south,lab,35.4,30,17,300.0,0.445,12.8,22.6,58.2,561.8,42,54,58.1,False,6,551.8,0
ag-02739,2026-03-09T14:10:00,C-154,coworking,central,lecture,39.0,42,24,283.1,0.183,3.7,24.6,59.3,652.6,56,32,56.0,False,6,775.7,0
ag-02740,2026-02-22T11:20:00,C-588,lecture,central,practice,115.8,88,70,655.0,0.367,7.4,21.8,62.7,969.9,53,35,64.1,False,4,1351.7,1
ag-02741,2026-04-28T13:45:00,E-333,lab,east,lecture,34.9,37,21,421.9,0.731,7.5,21.3,42.5,440.9,27,52,61.8,False,5,658.4,0
ag-02742,2026-05-19T14:15:00,C-463,lecture,central,lecture,86.5,79,67,614.9,0.548,14.7,25.5,71.2,959.9,90,1,63.6,True,4,1265.2,1
ag-02743,2026-04-15T12:35:00,W-215,lecture,west,lab,82.7,70,35,439.1,0.238,6.4,23.3,57.1,821.6,50,41,41.9,False,2,972.0,0
ag-02744,2026-02-20T10:55:00,W-516,seminar,west,lecture,39.6,28,22,238.9,0.636,0.1,23.5,57.6,513.7,70,21,62.2,False,5,581.7,0
ag-02745,2026-04-16T09:40:00,E-110,lab,east,lecture,22.3,21,14,102.2,0.39,9.5,20.2,57.7,539.9,8,79,52.1,False,1,656.9,0
ag-02746,2026-05-15T12:45:00,E-353,lecture,east,lecture,151.3,109,71,558.0,0.378,15.2,22.9,60.7,809.6,20,84,58.2,True,2,1126.2,1
ag-02747,2026-03-25T15:40:00,W-383,lecture,west,none,115.7,102,20,684.0,0.399,3.5,22.6,63.4,486.3,17,58,45.8,False,7,472.4,0
ag-02748,2026-02-10T16:50:00,C-380,lecture,central,lecture,140.5,127,71,1550.6,0.693,-4.3,24.7,53.8,811.6,68,21,66.7,False,1,1192.3,1
ag-02749,2026-02-15T08:45:00,W-494,seminar,west,none,30.1,30,5,233.0,0.542,-1.2,23.0,41.7,380.0,33,53,40.7,True,4,319.8,0
ag-02750,2026-04-10T17:25:00,C-587,seminar,central,lecture,48.7,43,33,350.1,0.54,9.7,23.4,58.4,536.8,40,54,61.9,False,2,789.9,0
ag-02751,2026-04-07T16:50:00,W-262,lab,west,practice,46.4,40,25,238.8,0.518,11.7,23.3,72.3,505.0,0,90,56.7,False,6,680.8,0
ag-02752,2026-04-26T15:15:00,S-369,lecture,south,practice,113.7,95,51,429.4,0.198,11.8,21.4,44.8,754.0,69,31,59.0,False,4,989.8,0
ag-02753,2026-04-03T16:05:00,W-472,coworking,west,exam,87.1,75,72,652.9,0.296,4.8,27.0,61.3,936.2,71,4,71.1,False,6,1181.9,1
ag-02754,2026-05-11T16:45:00,N-308,lab,north,lecture,35.1,38,28,218.7,0.256,13.3,26.2,60.6,675.4,38,59,65.2,True,1,764.7,0
ag-02755,2026-05-02T17:40:00,S-227,lab,south,practice,27.9,20,17,139.9,0.646,18.6,25.1,57.2,408.9,20,72,63.1,True,4,485.2,0
ag-02756,2026-03-13T12:15:00,N-274,seminar,north,lecture,25.9,26,19,127.6,0.22,8.7,24.2,59.3,650.3,49,28,67.7,False,1,646.1,0
ag-02757,2026-04-05T09:40:00,S-429,seminar,south,practice,41.6,31,23,246.6,0.492,9.8,22.9,73.0,661.1,90,0,61.8,False,6,811.1,0
ag-02758,2026-04-14T18:30:00,E-314,lecture,east,exam,144.8,113,105,1112.8,0.582,14.3,22.9,67.5,1144.5,84,0,71.4,False,4,1412.3,1
ag-02759,2026-03-29T16:20:00,N-399,seminar,north,practice,78.0,55,43,412.7,0.56,1.5,21.4,55.5,735.1,32,56,60.0,False,6,945.0,0
ag-02760,2026-05-04T12:20:00,S-276,lecture,south,practice,147.0,118,86,753.2,0.407,17.7,26.1,71.4,922.6,0,90,52.6,True,4,1159.7,1
ag-02761,2026-04-14T14:30:00,C-509,seminar,central,exam,58.5,60,47,477.3,0.422,13.9,23.4,58.9,767.6,26,56,64.8,True,1,1058.3,0
ag-02762,2026-04-11T08:35:00,N-401,lab,north,lab,29.2,23,19,165.6,0.253,10.8,23.6,59.0,566.1,90,0,61.0,False,7,638.1,0
ag-02763,2026-03-24T08:35:00,S-137,seminar,south,lecture,18.0,20,18,153.2,0.476,12.4,22.5,63.4,380.0,9,77,66.7,False,1,353.7,0
ag-02764,2026-02-28T18:10:00,N-541,lecture,north,practice,138.3,129,91,680.5,0.311,-5.3,23.3,56.5,1087.4,55,24,58.5,False,4,1429.0,1
ag-02765,2026-05-09T08:35:00,E-523,seminar,east,practice,75.2,59,60,400.4,0.466,20.6,23.4,62.5,688.3,21,66,67.5,True,5,832.6,0
ag-02766,2026-02-22T16:35:00,C-149,seminar,central,practice,39.8,30,23,172.4,0.277,1.6,25.8,52.4,591.1,90,0,68.6,False,7,731.1,0
ag-02767,2026-05-19T13:05:00,E-523,seminar,east,none,46.5,33,15,136.2,0.124,22.9,23.7,66.9,645.5,49,45,54.5,True,3,657.1,0
ag-02768,2026-02-18T18:00:00,N-228,coworking,north,lab,83.3,65,61,425.8,0.597,-6.0,25.7,58.4,798.2,31,44,59.5,False,6,1139.0,1
ag-02769,2026-04-17T17:00:00,S-250,seminar,south,lecture,65.0,64,53,371.4,0.263,12.2,23.0,51.9,894.8,34,54,64.2,False,3,1027.2,0
ag-02770,2026-03-21T18:20:00,S-459,seminar,south,exam,42.5,38,25,347.9,0.742,9.5,23.7,56.4,713.4,57,40,58.4,False,4,884.4,0
ag-02771,2026-04-16T15:15:00,C-289,lab,central,practice,39.5,40,25,285.2,0.432,13.2,28.5,58.8,572.1,90,0,53.3,False,5,477.2,0
ag-02772,2026-03-22T18:35:00,S-420,lecture,south,lab,77.7,71,54,282.0,0.148,16.8,24.4,66.8,790.3,53,40,63.9,False,6,1072.3,0
ag-02773,2026-04-19T15:15:00,W-230,seminar,west,lab,55.6,54,41,299.5,0.356,18.2,25.6,70.9,677.3,34,50,60.1,False,3,750.4,0
ag-02774,2026-02-10T17:50:00,S-105,lab,south,practice,49.1,35,28,241.1,0.601,-6.2,23.8,57.4,489.6,34,54,62.6,False,4,668.1,0
ag-02775,2026-04-09T08:30:00,C-360,lecture,central,practice,97.6,80,46,484.3,0.3,9.3,23.5,52.2,715.6,22,59,53.7,False,5,807.3,0
ag-02776,2026-04-30T14:45:00,W-546,coworking,west,lecture,71.5,68,40,262.4,0.094,10.0,25.1,56.2,928.6,83,4,49.7,False,1,1084.3,0
ag-02777,2026-04-08T11:00:00,E-480,seminar,east,exam,67.2,56,41,641.3,0.693,5.2,22.5,50.2,603.3,41,55,62.5,False,5,754.4,0
ag-02778,2026-02-19T13:40:00,W-228,lab,west,exam,28.4,25,24,364.7,1.0,-0.8,22.6,44.1,539.3,45,41,67.7,False,6,665.1,0
ag-02779,2026-04-22T09:45:00,N-447,seminar,north,lecture,49.1,41,42,143.0,0.098,8.6,24.2,69.8,722.8,42,36,51.7,False,1,919.3,0
ag-02780,2026-03-05T08:30:00,W-176,lab,west,lab,23.0,23,20,196.9,0.288,-5.9,22.4,60.1,735.7,61,18,66.3,False,5,782.7,0
ag-02781,2026-05-05T15:10:00,W-193,lab,west,lab,20.8,19,19,290.2,0.922,13.1,23.1,59.6,479.6,42,56,65.5,True,7,411.5,0
ag-02782,2026-03-01T13:00:00,N-570,coworking,north,practice,48.7,43,25,400.0,0.529,-0.6,21.7,49.5,570.3,90,0,53.6,False,6,701.7,0
ag-02783,2026-05-19T14:10:00,N-371,lab,north,lecture,18.8,19,15,164.4,0.372,22.7,26.0,62.5,464.6,47,45,56.7,True,1,450.2,0
ag-02784,2026-05-17T10:45:00,S-278,lab,south,practice,24.4,21,10,192.3,0.886,18.7,24.5,52.2,466.1,26,80,58.4,True,5,586.3,0
ag-02785,2026-03-19T08:25:00,C-179,lab,central,practice,42.7,30,15,225.9,0.427,6.0,21.8,61.9,462.1,39,41,51.0,False,3,386.7,0
ag-02786,2026-05-11T13:10:00,E-192,coworking,east,none,41.3,30,10,213.3,0.409,30.0,22.4,54.4,550.2,45,46,48.6,True,6,655.5,0
ag-02787,2026-03-16T11:15:00,W-558,lecture,west,lecture,146.6,111,77,569.1,0.151,7.8,23.8,42.9,979.9,43,53,63.4,False,4,1398.5,1
ag-02788,2026-05-06T14:00:00,C-469,seminar,central,practice,58.2,41,27,523.2,0.74,16.7,22.4,49.9,478.6,0,88,60.1,True,6,507.6,0
ag-02789,2026-03-24T11:40:00,C-532,seminar,central,exam,45.6,37,31,275.1,0.173,6.8,24.3,57.8,769.4,31,60,60.6,False,5,821.0,0
ag-02790,2026-04-15T17:05:00,S-196,lecture,south,none,64.7,55,12,409.9,0.587,12.6,22.4,45.0,443.4,34,40,39.9,False,4,389.2,0
ag-02791,2026-05-16T11:10:00,N-160,lab,north,lecture,30.9,22,19,222.3,0.636,15.1,25.4,53.5,462.9,10,80,59.5,True,6,552.6,0
ag-02792,2026-05-03T18:40:00,W-303,seminar,west,practice,61.1,48,49,310.5,0.649,11.9,23.5,66.4,899.3,84,0,71.5,True,3,1133.4,1
ag-02793,2026-05-19T15:55:00,C-296,lab,central,lab,22.2,19,22,129.4,0.618,19.1,25.5,69.9,537.1,29,62,67.4,True,7,584.6,0
ag-02794,2026-04-26T12:25:00,N-406,lab,north,practice,40.1,39,20,352.1,0.582,21.8,23.6,58.8,622.4,44,30,54.3,False,1,673.6,0
ag-02795,2026-03-15T18:25:00,E-587,lecture,east,lecture,80.9,64,13,496.3,0.483,7.3,23.0,50.8,491.5,56,28,43.5,False,5,451.3,0
ag-02796,2026-02-12T09:40:00,W-578,seminar,west,practice,28.3,27,18,173.1,0.457,-0.9,23.5,58.7,610.1,85,0,53.8,False,3,521.1,0
ag-02797,2026-03-07T13:40:00,E-128,lecture,east,practice,109.1,83,24,833.8,0.821,7.5,23.5,49.5,521.4,30,63,48.7,False,4,594.7,0
ag-02798,2026-05-09T12:15:00,S-379,lecture,south,lecture,127.0,121,118,694.9,0.508,17.2,22.9,50.3,1360.3,22,73,63.6,True,2,1765.2,1
ag-02799,2026-05-18T10:05:00,N-164,lecture,north,lecture,90.1,83,77,586.3,0.686,19.4,23.5,63.4,1137.1,90,0,63.6,True,2,1325.9,1
ag-02800,2026-03-12T08:25:00,E-393,lab,east,lecture,23.7,25,22,171.7,0.534,1.2,24.2,44.6,715.0,76,10,63.3,False,4,735.3,0
ag-02801,2026-02-27T12:25:00,S-596,seminar,south,lab,32.1,34,15,306.8,0.614,6.7,23.6,37.7,605.5,90,13,50.6,False,1,767.5,0
ag-02802,2026-05-14T10:55:00,W-543,lecture,west,lecture,90.8,94,94,515.6,0.157,13.7,22.4,50.1,1162.9,33,55,65.5,True,4,1626.6,1
ag-02803,2026-02-10T08:30:00,W-318,lab,west,exam,48.3,41,42,458.4,0.765,-2.5,24.2,61.3,679.2,85,3,61.8,False,3,877.5,0
ag-02804,2026-04-14T09:05:00,N-397,lecture,north,none,108.1,101,23,569.4,0.28,11.7,20.9,50.8,570.2,24,64,53.2,False,4,593.6,0
ag-02805,2026-03-22T14:10:00,W-449,lecture,west,lecture,89.0,68,44,405.7,0.345,14.0,25.9,51.7,839.8,62,34,57.9,False,6,1067.8,0
ag-02806,2026-02-22T09:15:00,N-472,lab,north,practice,46.0,37,19,310.7,0.517,6.1,23.0,53.9,550.4,32,57,52.3,False,6,617.2,0
ag-02807,2026-04-26T11:30:00,W-263,coworking,west,lecture,34.0,34,27,286.0,0.434,6.2,25.4,50.7,829.0,62,23,65.7,True,7,944.6,0
ag-02808,2026-04-29T12:50:00,W-386,seminar,west,practice,37.7,37,25,382.3,0.791,20.2,20.0,61.8,413.1,16,81,57.0,False,2,505.0,0
ag-02809,2026-04-15T18:05:00,S-583,seminar,south,lab,64.3,61,30,624.0,0.886,13.6,22.2,60.6,761.2,90,0,48.2,False,5,783.7,0
ag-02810,2026-04-23T08:25:00,E-374,seminar,east,none,25.0,26,6,310.7,0.661,10.3,25.9,39.4,421.9,55,39,46.5,False,1,509.2,0
ag-02811,2026-04-25T18:55:00,W-109,seminar,west,exam,65.6,48,36,349.1,0.378,16.4,23.4,54.1,638.0,23,61,67.8,False,1,789.1,0
ag-02812,2026-04-23T17:25:00,C-137,coworking,central,practice,95.1,72,59,492.2,0.258,24.8,23.6,53.0,761.9,56,42,55.1,False,7,1067.1,0
ag-02813,2026-04-05T11:05:00,C-194,lab,central,none,21.4,18,0,141.6,0.34,15.6,20.9,45.3,495.1,4,90,42.0,False,6,444.1,0
ag-02814,2026-02-19T11:50:00,E-490,lecture,east,practice,126.4,92,63,634.3,0.61,9.4,23.3,51.0,935.3,86,1,57.7,False,3,1170.9,1
ag-02815,2026-05-14T14:00:00,C-497,lecture,central,lecture,51.6,55,51,564.8,0.682,7.6,24.7,67.7,686.6,26,55,56.0,True,7,900.5,0
ag-02816,2026-05-08T15:10:00,S-113,lecture,south,lecture,72.2,68,55,530.9,0.53,17.7,23.4,63.3,652.9,32,61,58.4,True,2,797.5,0
ag-02817,2026-04-13T17:30:00,N-154,seminar,north,lab,39.8,30,17,210.1,0.199,8.5,25.0,52.1,586.9,20,64,64.7,False,6,654.7,0
ag-02818,2026-02-13T16:30:00,E-516,lecture,east,lab,145.5,122,133,547.3,0.32,13.1,24.7,72.5,1368.4,19,64,69.5,False,4,2031.2,1
ag-02819,2026-05-19T09:55:00,S-362,lab,south,lecture,42.8,31,20,256.1,0.432,19.2,23.4,56.4,609.9,54,38,68.2,True,5,749.8,0
ag-02820,2026-03-18T14:50:00,C-517,seminar,central,lecture,71.3,50,48,242.5,0.391,13.7,25.8,72.2,756.1,63,27,59.1,False,4,974.2,0
ag-02821,2026-03-02T11:15:00,C-414,lab,central,lecture,30.2,31,31,243.2,0.487,-5.5,23.9,53.2,758.9,90,0,72.7,False,7,782.5,0
ag-02822,2026-04-12T12:10:00,W-550,seminar,west,lecture,81.5,59,34,511.6,0.585,15.8,23.2,52.6,799.5,68,33,53.5,False,6,1032.0,0
ag-02823,2026-03-29T09:15:00,C-338,seminar,central,practice,73.0,64,52,626.1,0.465,8.1,22.4,56.3,730.4,47,35,61.0,True,6,1012.1,0
ag-02824,2026-04-14T08:05:00,W-374,lab,west,lab,20.7,20,15,271.5,0.981,15.8,23.6,43.5,380.0,0,90,59.0,False,6,425.6,0
ag-02825,2026-05-09T13:15:00,N-385,lab,north,lab,27.3,26,24,217.3,0.798,17.9,25.4,61.4,455.0,0,90,61.4,True,4,575.0,0
ag-02826,2026-03-11T08:30:00,N-252,lab,north,lecture,38.2,40,23,242.0,0.438,3.6,21.9,59.2,532.5,43,49,56.6,False,1,682.7,0
ag-02827,2026-03-24T13:45:00,C-118,lab,central,practice,52.6,43,25,426.3,0.525,1.3,22.3,56.5,680.2,81,14,51.9,False,2,735.3,0
ag-02828,2026-04-11T14:40:00,W-449,lab,west,lecture,50.5,44,46,304.4,0.417,9.4,24.5,47.7,737.0,55,54,65.0,False,7,881.0,0
ag-02829,2026-04-03T11:40:00,C-152,lecture,central,lab,144.3,110,111,877.9,0.365,0.6,23.2,63.5,1146.6,0,87,58.7,False,7,1819.6,1
ag-02830,2026-04-05T10:10:00,E-138,seminar,east,exam,74.8,63,73,484.5,0.339,14.0,25.7,63.2,871.6,16,69,70.6,False,7,1108.7,1
ag-02831,2026-02-11T17:35:00,S-205,lecture,south,lecture,122.0,104,57,503.1,0.251,5.9,23.1,40.8,826.3,30,56,52.6,False,6,944.1,0
ag-02832,2026-04-11T12:10:00,W-305,seminar,west,lecture,35.8,37,31,308.7,0.536,9.2,23.5,53.0,673.0,40,54,62.3,True,6,949.3,0
ag-02833,2026-04-07T09:25:00,W-125,lecture,west,none,151.2,126,6,500.0,0.218,6.1,24.4,29.1,514.9,90,4,31.3,False,6,453.4,0
ag-02834,2026-05-03T08:05:00,E-226,coworking,east,lecture,31.6,33,29,284.8,0.35,11.1,23.0,59.4,684.4,25,63,62.3,True,3,761.3,0
ag-02835,2026-04-22T08:35:00,W-351,seminar,west,exam,78.3,57,59,464.8,0.32,16.9,23.8,51.9,978.4,60,31,69.6,True,5,1212.2,1
ag-02836,2026-03-08T16:15:00,N-553,lecture,north,practice,122.5,111,93,582.1,0.237,-1.5,23.9,49.9,891.8,29,73,60.7,False,2,1317.5,1
ag-02837,2026-04-17T16:35:00,C-429,lecture,central,exam,90.9,97,93,684.9,0.42,6.9,27.6,67.2,1055.0,49,32,70.7,False,2,1465.4,1
ag-02838,2026-03-31T14:05:00,N-502,lecture,north,practice,83.7,80,60,844.0,0.59,6.2,20.7,58.2,757.9,25,67,75.6,True,2,875.9,0
ag-02839,2026-04-30T13:40:00,C-256,seminar,central,lab,38.6,33,17,146.5,0.3,9.2,23.8,55.4,716.6,79,0,60.7,True,3,734.1,0
ag-02840,2026-03-19T09:40:00,S-318,seminar,south,practice,62.3,58,36,366.2,0.247,3.2,22.6,46.8,728.7,32,45,61.8,False,5,804.5,0
ag-02841,2026-05-19T16:30:00,S-533,lecture,south,lab,128.2,94,63,534.1,0.397,22.2,23.6,49.8,784.3,11,90,56.2,True,5,1106.5,1
ag-02842,2026-05-06T13:05:00,E-263,lecture,east,practice,61.4,56,34,485.2,0.332,21.7,24.1,63.4,655.5,40,56,55.9,True,3,864.6,0
ag-02843,2026-05-14T18:55:00,S-314,seminar,south,none,43.1,37,6,397.8,0.712,11.4,21.8,37.7,380.0,0,88,53.1,True,2,342.5,0
ag-02844,2026-04-26T08:25:00,N-111,lecture,north,lecture,145.7,126,101,762.4,0.155,7.3,21.9,72.4,1191.8,43,66,57.3,False,2,1599.9,1
ag-02845,2026-02-18T09:15:00,C-471,coworking,central,lab,32.5,36,37,212.1,0.393,-1.4,22.6,58.2,700.5,31,51,68.4,False,3,813.8,0
ag-02846,2026-05-18T18:20:00,N-317,coworking,north,lab,26.4,28,27,129.9,0.304,22.3,24.5,57.6,652.9,66,27,66.5,True,7,877.0,0
ag-02847,2026-05-08T10:40:00,W-588,lab,west,lecture,29.9,23,23,180.7,0.451,13.6,26.3,57.2,635.6,76,18,73.2,True,5,872.2,0
ag-02848,2026-04-02T17:00:00,C-569,lab,central,lecture,43.3,34,28,343.5,0.634,13.0,23.9,62.7,494.5,19,66,59.8,False,1,569.2,0
ag-02849,2026-02-12T12:00:00,E-503,lecture,east,lecture,74.8,69,43,584.7,0.494,-7.2,22.9,44.7,708.6,41,42,54.6,False,3,820.9,0
ag-02850,2026-03-01T14:30:00,E-470,seminar,east,exam,36.1,27,25,266.3,0.446,4.1,26.2,55.4,614.8,61,35,62.9,False,7,763.4,0
ag-02851,2026-04-11T10:15:00,S-136,lab,south,practice,46.0,39,22,224.9,0.318,8.1,21.5,56.4,528.7,62,40,59.9,False,5,633.6,0
ag-02852,2026-03-28T17:50:00,W-212,lab,west,lecture,47.8,38,35,196.4,0.454,-0.2,27.1,62.4,624.2,70,10,70.2,False,4,798.0,0
ag-02853,2026-04-01T12:15:00,W-296,lecture,west,lecture,59.9,65,41,479.1,0.389,11.8,26.6,65.9,696.7,74,37,57.2,False,5,988.3,0
ag-02854,2026-04-17T16:10:00,S-354,lab,south,practice,47.3,38,30,294.1,0.898,12.2,21.7,65.5,557.2,20,71,69.6,False,1,643.2,0
ag-02855,2026-04-25T09:30:00,N-263,lecture,north,practice,117.0,83,46,466.4,0.226,12.3,22.6,58.2,886.4,35,59,61.7,False,2,970.7,0
ag-02856,2026-02-22T14:25:00,C-315,lecture,central,practice,106.1,89,55,503.7,0.33,-2.5,21.2,50.7,818.1,24,70,52.9,False,4,843.5,0
ag-02857,2026-04-08T18:45:00,E-111,lecture,east,lecture,92.1,80,63,398.8,0.254,13.1,24.5,47.3,848.0,51,38,60.0,False,4,1125.2,1
ag-02858,2026-03-04T16:55:00,W-563,lab,west,lecture,22.0,20,17,135.6,0.488,0.5,27.5,72.9,494.0,25,55,61.9,False,2,651.0,0
ag-02859,2026-02-19T16:35:00,E-579,lecture,east,lab,80.3,59,49,576.6,0.673,-2.4,26.4,64.3,734.8,74,21,61.4,True,4,1042.9,1
ag-02860,2026-04-23T09:50:00,E-370,lecture,east,lecture,125.9,102,61,1027.4,0.521,9.3,22.1,55.7,836.6,39,66,66.1,False,3,1010.5,0
ag-02861,2026-03-02T15:25:00,C-259,seminar,central,exam,68.7,55,50,251.3,0.159,12.5,22.2,59.5,731.2,25,61,64.2,True,3,814.9,0
ag-02862,2026-04-24T17:15:00,S-371,lab,south,practice,43.2,30,16,264.0,0.422,14.5,22.3,45.4,549.9,69,28,61.0,False,1,738.3,0
ag-02863,2026-03-27T12:45:00,C-546,seminar,central,practice,74.1,61,33,397.6,0.396,21.6,21.4,68.4,680.1,64,20,56.9,False,7,766.3,0
ag-02864,2026-03-30T13:00:00,S-228,lecture,south,exam,63.6,63,58,779.5,0.716,14.4,24.9,53.0,964.0,76,18,59.2,False,6,1219.1,1
ag-02865,2026-02-15T10:35:00,S-186,coworking,south,practice,24.7,26,24,247.6,0.555,-2.3,24.1,57.3,600.2,61,22,77.4,False,1,794.7,0
ag-02866,2026-05-04T12:55:00,C-283,seminar,central,lecture,44.1,34,29,259.8,0.317,14.6,25.5,54.6,603.6,50,48,70.8,True,4,850.7,0
ag-02867,2026-03-11T08:20:00,N-227,seminar,north,exam,51.6,39,37,212.1,0.312,6.5,27.7,64.7,750.6,44,51,58.9,False,4,902.4,0
ag-02868,2026-03-19T18:20:00,N-205,lab,north,practice,42.5,40,27,255.0,0.411,6.6,24.1,40.6,545.1,67,21,59.0,True,1,752.5,0
ag-02869,2026-04-04T08:25:00,C-356,coworking,central,lab,49.8,50,21,414.7,0.506,15.3,20.7,55.3,581.9,51,17,55.5,False,1,805.3,0
ag-02870,2026-04-08T17:50:00,C-417,lab,central,lecture,27.3,29,16,226.4,1.0,15.8,22.1,63.1,533.8,65,18,59.5,True,4,702.2,0
ag-02871,2026-04-17T10:30:00,C-121,lab,central,lecture,52.4,43,37,265.4,0.576,9.4,21.3,77.5,868.9,74,35,68.6,False,4,1067.4,0
ag-02872,2026-05-19T14:55:00,N-550,lecture,north,practice,145.9,103,101,558.6,0.117,5.3,24.1,75.7,1279.2,37,44,65.3,True,2,1859.9,1
ag-02873,2026-05-16T18:35:00,C-503,lab,central,none,34.0,33,3,324.9,0.505,15.4,22.5,52.0,561.0,83,3,41.9,True,2,558.2,0
ag-02874,2026-02-28T18:05:00,E-482,lecture,east,practice,155.7,128,96,558.1,0.297,3.9,24.6,58.8,921.7,25,69,55.7,False,2,1071.6,0
ag-02875,2026-02-16T14:40:00,S-268,lecture,south,practice,49.7,55,27,496.8,0.339,-1.6,24.1,47.9,598.5,63,36,58.1,False,5,705.4,0
ag-02876,2026-03-16T09:25:00,W-581,seminar,west,lecture,69.6,59,47,569.2,0.422,6.6,23.2,49.3,811.3,90,0,67.6,False,6,868.3,0
ag-02877,2026-05-02T12:20:00,N-441,seminar,north,none,30.6,28,10,255.8,0.34,18.1,21.4,45.5,461.7,45,52,54.1,True,3,383.9,0
ag-02878,2026-02-24T10:10:00,S-581,seminar,south,lecture,65.3,46,42,303.3,0.219,-13.7,25.5,56.4,755.6,35,54,59.5,False,5,906.2,0
ag-02879,2026-04-10T08:50:00,N-135,lecture,north,practice,88.4,95,73,818.1,0.412,8.7,25.0,50.0,897.4,15,83,56.0,False,2,1240.8,1
ag-02880,2026-05-04T11:05:00,E-285,seminar,east,none,31.8,23,11,103.3,0.264,22.1,23.3,42.1,539.7,0,87,62.4,True,7,610.5,0
ag-02881,2026-03-26T15:35:00,S-367,coworking,south,lecture,49.3,34,31,199.3,0.193,2.6,24.2,71.1,761.2,70,14,56.9,False,6,949.7,0
ag-02882,2026-02-14T09:10:00,S-146,seminar,south,practice,23.9,21,20,146.8,0.439,-6.0,24.2,64.3,643.9,49,37,56.7,False,3,838.8,0
ag-02883,2026-05-04T08:15:00,E-519,lab,east,lab,25.8,23,25,258.5,0.842,10.0,23.8,54.4,421.5,15,85,61.2,True,2,566.5,0
ag-02884,2026-05-13T09:00:00,E-279,seminar,east,lecture,50.1,35,30,465.8,0.779,17.6,24.5,51.7,654.4,46,50,56.4,True,3,770.8,0
ag-02885,2026-04-20T15:00:00,E-152,seminar,east,lecture,28.0,21,19,227.9,0.567,17.8,23.2,65.4,423.2,63,18,66.0,False,4,623.8,0
ag-02886,2026-04-02T10:15:00,C-559,seminar,central,lecture,27.2,28,23,269.1,0.889,13.0,25.2,52.5,569.8,32,54,52.3,False,6,671.1,0
ag-02887,2026-05-16T08:30:00,S-279,lab,south,lecture,56.5,41,36,301.0,0.2,22.3,23.0,73.4,772.5,0,90,63.5,True,1,1057.8,0
ag-02888,2026-05-09T13:40:00,W-504,lecture,west,practice,137.4,125,111,908.9,0.677,19.0,22.7,53.5,1007.4,29,67,63.6,True,2,1367.6,1
ag-02889,2026-04-08T14:05:00,S-543,lecture,south,lab,135.0,95,82,763.2,0.803,8.1,22.4,71.1,1130.0,43,49,63.9,False,3,1460.6,1
ag-02890,2026-02-12T09:35:00,C-321,lab,central,lab,23.4,23,10,336.8,0.853,1.7,21.3,60.1,410.6,61,40,58.7,False,7,433.5,0
ag-02891,2026-05-15T13:05:00,S-411,seminar,south,practice,40.7,45,21,312.5,0.438,22.3,24.4,61.0,760.0,66,24,56.8,True,7,861.2,0
ag-02892,2026-02-09T18:25:00,N-399,lecture,north,none,107.7,102,51,1355.3,0.808,0.9,22.0,51.0,748.1,45,40,60.7,False,1,847.5,0
ag-02893,2026-03-20T09:30:00,W-468,lab,west,lab,43.8,33,19,199.2,0.495,11.5,26.6,53.2,459.8,30,60,59.7,False,3,415.9,0
ag-02894,2026-02-19T12:25:00,W-322,coworking,west,lecture,62.3,67,44,475.3,0.305,7.8,24.3,61.0,786.8,30,57,48.0,False,1,1022.4,0
ag-02895,2026-03-24T16:55:00,E-439,seminar,east,lecture,50.9,46,40,578.4,0.705,12.3,25.1,74.1,581.3,31,58,55.7,True,3,748.9,0
ag-02896,2026-04-24T17:00:00,S-303,lab,south,none,57.5,40,1,287.0,0.496,16.0,21.8,47.3,460.0,38,52,44.4,False,1,452.8,0
ag-02897,2026-04-04T16:30:00,N-569,seminar,north,practice,34.3,36,28,232.3,0.399,18.6,22.4,65.7,619.1,21,53,65.5,False,7,692.9,0
ag-02898,2026-05-02T08:05:00,S-148,seminar,south,lab,74.4,62,40,521.1,0.82,17.7,23.1,54.9,655.2,42,44,63.4,True,1,876.1,0
ag-02899,2026-04-24T14:20:00,N-349,seminar,north,practice,19.6,21,17,134.3,0.213,13.9,25.4,56.6,502.5,19,80,58.1,True,7,692.7,0
ag-02900,2026-04-09T14:15:00,E-245,seminar,east,practice,66.3,56,32,541.5,0.867,15.1,21.9,63.5,419.1,61,33,49.5,False,3,602.7,0
ag-02901,2026-03-16T18:20:00,S-204,seminar,south,lecture,52.8,39,30,368.3,0.417,-1.0,23.6,52.0,689.0,66,23,65.3,False,3,834.1,0
ag-02902,2026-04-25T16:25:00,C-347,lecture,central,practice,52.0,56,57,750.4,0.908,13.5,24.0,67.9,835.2,42,55,70.1,True,7,991.6,0
ag-02903,2026-04-11T12:25:00,N-583,seminar,north,lecture,50.9,43,32,312.6,0.574,14.1,25.2,51.7,639.9,41,44,57.9,False,7,869.5,0
ag-02904,2026-02-22T11:20:00,N-398,seminar,north,lecture,45.5,37,24,275.4,0.406,4.2,23.5,69.9,669.2,42,53,52.9,False,3,655.6,0
ag-02905,2026-03-30T14:25:00,W-392,seminar,west,lecture,60.0,50,43,523.4,0.624,15.2,25.9,64.7,633.2,11,82,60.2,False,2,900.6,0
ag-02906,2026-04-18T18:40:00,S-277,seminar,south,lecture,36.5,31,25,278.1,0.365,11.8,25.2,53.8,720.7,54,44,62.1,False,5,894.0,0
ag-02907,2026-04-17T13:30:00,S-434,lecture,south,lecture,78.9,82,43,654.8,0.941,10.8,24.3,45.4,560.9,46,38,55.9,False,2,873.7,0
ag-02908,2026-02-25T11:15:00,S-299,seminar,south,lab,85.4,63,62,326.1,0.375,-6.9,22.0,71.8,873.6,29,60,63.7,True,7,1215.4,1
ag-02909,2026-03-14T10:40:00,W-227,seminar,west,lecture,59.0,63,41,354.0,0.303,2.2,21.9,54.4,575.1,14,70,52.8,False,5,727.1,0
ag-02910,2026-02-16T17:20:00,W-542,seminar,west,practice,63.7,51,39,223.9,0.249,5.1,24.7,41.0,707.2,0,90,56.1,False,2,963.6,0
ag-02911,2026-04-11T16:40:00,S-374,seminar,south,lab,82.8,64,65,299.1,0.339,0.1,25.1,59.3,911.9,26,62,62.9,False,3,1350.5,1
ag-02912,2026-03-18T12:25:00,W-578,coworking,west,practice,82.0,64,55,361.1,0.447,8.6,23.6,63.5,769.2,67,15,63.9,False,1,1095.7,0
ag-02913,2026-05-07T14:05:00,C-376,seminar,central,lab,36.7,33,29,266.1,0.515,9.3,26.5,65.8,564.6,20,72,70.8,True,4,586.5,0
ag-02914,2026-04-19T14:20:00,E-154,lab,east,practice,41.3,42,21,402.9,0.857,14.5,26.1,46.6,659.8,54,32,55.9,False,2,773.8,0
ag-02915,2026-04-10T09:30:00,C-122,lab,central,practice,34.6,34,21,158.0,0.37,10.2,23.5,57.3,541.8,42,51,64.2,False,2,650.2,0
ag-02916,2026-03-20T16:45:00,W-142,seminar,west,exam,60.7,51,49,253.1,0.395,10.5,25.1,62.8,725.3,48,47,62.0,False,3,953.7,0
ag-02917,2026-02-19T09:45:00,S-439,seminar,south,lecture,25.2,25,15,211.1,0.506,10.2,23.6,67.1,535.8,58,28,51.8,True,7,686.9,0
ag-02918,2026-04-19T17:00:00,W-434,seminar,west,lab,40.2,42,23,457.0,0.691,20.9,22.7,66.0,737.0,89,6,56.3,False,1,824.1,0
ag-02919,2026-04-13T09:30:00,C-403,seminar,central,none,33.2,33,11,288.5,0.412,13.3,25.6,45.6,380.0,17,76,49.5,False,2,428.1,0
ag-02920,2026-03-13T12:05:00,E-470,coworking,east,lab,86.3,66,50,452.9,0.281,13.2,24.0,60.7,733.5,31,49,61.0,False,4,987.8,0
ag-02921,2026-03-23T16:40:00,E-204,lab,east,exam,35.4,26,25,292.9,0.869,10.5,24.3,66.8,658.8,65,35,70.6,False,4,793.7,0
ag-02922,2026-05-06T08:05:00,E-275,lecture,east,lecture,153.4,118,81,1284.8,0.526,1.3,23.0,64.1,1092.8,64,13,63.5,True,3,1531.8,1
ag-02923,2026-04-04T15:05:00,S-361,lab,south,lecture,52.1,44,45,340.1,0.568,11.0,24.8,60.6,693.8,35,59,62.3,False,6,835.5,0
ag-02924,2026-05-13T11:10:00,N-343,seminar,north,lecture,42.8,30,25,288.7,0.69,14.1,22.8,54.9,635.3,48,39,60.2,True,6,785.3,0
ag-02925,2026-02-24T13:20:00,C-451,lab,central,lab,30.2,23,13,158.0,0.698,-1.0,23.3,59.3,456.8,44,49,55.1,False,2,567.9,0
ag-02926,2026-03-12T11:45:00,S-549,lab,south,lecture,37.4,29,16,217.7,0.492,2.4,22.5,48.5,617.8,10,62,60.0,False,6,724.9,0
ag-02927,2026-05-10T13:50:00,C-260,coworking,central,lab,52.4,48,27,236.3,0.226,12.3,25.0,55.0,696.0,72,22,53.0,True,3,766.5,0
ag-02928,2026-02-23T18:05:00,E-487,coworking,east,exam,68.4,53,51,447.0,0.559,2.4,22.4,69.4,720.2,67,25,61.0,False,2,928.8,0
ag-02929,2026-03-19T08:30:00,W-267,coworking,west,lecture,46.2,46,43,451.4,0.703,4.1,25.2,69.2,734.9,73,8,69.6,True,7,921.3,0
ag-02930,2026-02-13T12:20:00,C-135,coworking,central,lecture,51.6,56,44,327.6,0.258,11.2,24.4,61.6,744.3,33,49,53.9,False,7,921.4,0
ag-02931,2026-03-17T18:05:00,W-149,coworking,west,lecture,77.6,54,30,393.6,0.872,2.3,21.9,38.3,607.5,32,61,50.6,False,4,671.6,0
ag-02932,2026-04-14T09:05:00,E-205,coworking,east,practice,77.7,66,31,653.9,0.596,12.0,23.6,55.5,542.5,29,55,59.0,False,5,651.1,0
ag-02933,2026-05-19T13:10:00,W-501,lab,west,lecture,35.0,26,23,289.6,0.804,24.6,23.7,75.3,648.8,37,58,63.8,True,4,618.9,0
ag-02934,2026-05-08T14:20:00,N-150,lab,north,lab,29.5,26,22,190.2,0.435,19.4,24.7,61.6,697.5,71,20,60.4,True,4,828.4,0
ag-02935,2026-03-31T17:55:00,S-259,lecture,south,none,144.7,101,21,523.4,0.073,13.7,23.2,50.9,761.2,58,37,49.9,False,5,936.5,0
ag-02936,2026-03-02T10:55:00,S-257,lecture,south,lab,141.2,108,79,839.6,0.549,12.2,22.7,66.6,1045.7,48,35,61.1,False,7,1331.7,1
ag-02937,2026-04-24T18:45:00,S-504,lecture,south,lecture,126.2,114,92,970.8,0.848,9.0,25.7,57.5,1231.2,50,29,61.6,False,5,1754.2,1
ag-02938,2026-04-26T15:05:00,W-266,seminar,west,practice,49.0,35,35,251.6,0.504,18.1,22.7,79.9,634.8,12,89,75.6,False,6,742.5,0
ag-02939,2026-03-16T15:25:00,E-384,seminar,east,practice,81.0,56,34,590.5,0.699,3.6,24.4,52.1,570.2,48,45,57.6,False,3,826.1,0
ag-02940,2026-05-17T18:00:00,C-243,lecture,central,lab,98.3,97,91,1051.0,0.609,20.0,21.7,49.5,882.2,34,49,80.8,True,5,1144.2,1
ag-02941,2026-04-08T12:55:00,W-561,lecture,west,exam,83.0,78,64,624.1,0.698,7.5,22.8,45.8,771.4,31,59,58.8,False,5,963.8,0
ag-02942,2026-05-13T11:15:00,N-231,seminar,north,lab,74.3,56,39,316.4,0.29,13.2,19.8,43.3,779.2,40,46,61.3,True,4,969.5,0
ag-02943,2026-04-07T11:25:00,W-221,lab,west,lecture,53.1,44,41,674.0,0.95,4.7,22.0,69.0,646.6,46,48,63.4,False,3,704.8,0
ag-02944,2026-03-22T15:00:00,E-481,lecture,east,lecture,131.8,129,92,774.0,0.453,12.9,23.6,56.5,1015.2,78,7,61.6,False,5,1326.2,1
ag-02945,2026-05-15T14:40:00,S-510,lecture,south,none,86.3,62,24,479.3,0.442,13.9,22.9,46.7,680.2,90,0,43.7,True,6,889.7,0
ag-02946,2026-04-13T09:35:00,S-238,seminar,south,lecture,46.5,38,27,375.4,0.424,14.1,23.7,44.7,570.0,89,11,63.1,False,2,802.2,0
ag-02947,2026-04-25T10:05:00,N-344,coworking,north,practice,42.2,45,34,230.9,0.254,19.1,24.3,43.1,737.9,80,0,54.6,False,3,672.0,0
ag-02948,2026-02-26T13:15:00,E-182,lecture,east,practice,61.8,56,24,292.1,0.304,3.5,24.7,63.4,627.1,37,52,59.3,False,7,789.5,0
ag-02949,2026-03-01T09:35:00,C-404,lecture,central,lab,75.3,64,34,360.1,0.519,2.7,24.9,46.4,641.9,43,47,54.3,False,6,859.2,0
ag-02950,2026-04-25T08:35:00,E-501,seminar,east,practice,49.6,36,21,299.5,0.374,11.2,21.3,49.5,629.7,20,70,57.0,False,6,708.2,0
ag-02951,2026-03-03T12:05:00,E-102,seminar,east,lecture,46.2,47,29,305.2,0.741,3.3,24.3,55.9,638.7,51,43,59.2,False,5,785.7,0
ag-02952,2026-03-21T12:35:00,E-568,seminar,east,exam,45.4,32,22,248.1,0.404,10.1,23.4,63.9,557.5,33,53,58.3,True,3,629.7,0
ag-02953,2026-05-13T18:45:00,E-592,lab,east,exam,25.9,18,20,144.5,0.693,20.0,24.0,51.2,556.3,54,34,70.0,True,7,635.0,0
ag-02954,2026-04-21T18:35:00,E-231,lecture,east,lab,117.1,107,102,805.9,0.644,23.6,22.2,56.1,1011.0,90,8,55.9,False,7,1574.0,1
ag-02955,2026-04-13T08:10:00,E-213,lecture,east,none,147.5,128,32,1144.2,0.353,7.3,25.0,55.7,812.7,22,68,47.9,False,4,896.9,0
ag-02956,2026-05-19T17:00:00,C-578,lab,central,none,33.9,28,6,126.8,0.215,15.2,22.5,48.9,541.1,50,34,48.3,True,4,555.1,0
ag-02957,2026-03-26T08:15:00,E-505,seminar,east,lab,50.0,50,46,320.9,0.366,10.2,24.8,67.3,673.3,4,90,63.1,True,7,857.2,0
ag-02958,2026-03-22T11:05:00,S-538,lab,south,practice,37.8,38,26,355.1,0.551,7.7,22.6,47.7,778.2,72,19,61.8,False,4,967.3,0
ag-02959,2026-04-14T08:35:00,N-365,lab,north,lecture,31.8,31,23,146.8,0.368,7.9,23.0,76.6,578.7,65,22,60.3,False,2,680.1,0
ag-02960,2026-04-13T11:55:00,W-287,seminar,west,lab,66.7,49,49,329.9,0.552,12.7,23.8,55.9,653.0,0,90,62.3,False,7,849.3,0
ag-02961,2026-05-09T17:30:00,S-132,seminar,south,lecture,28.7,26,24,256.1,0.427,4.9,24.2,55.4,687.7,29,59,63.5,True,3,866.8,0
ag-02962,2026-02-13T12:50:00,N-419,lecture,north,lab,68.7,64,25,398.1,0.692,3.1,24.2,52.1,640.5,61,32,45.2,False,2,689.2,0
ag-02963,2026-03-29T10:10:00,N-473,seminar,north,exam,43.9,32,32,185.5,0.557,7.3,21.8,75.2,617.9,11,72,70.0,False,6,747.3,0
ag-02964,2026-05-16T13:00:00,C-551,coworking,central,lab,62.4,44,39,334.2,0.506,5.4,23.4,55.0,608.6,5,86,68.0,True,1,696.7,0
ag-02965,2026-02-22T10:20:00,S-228,lecture,south,none,63.9,57,24,334.7,0.338,-1.7,23.8,45.7,585.0,44,46,56.1,False,4,749.1,0
ag-02966,2026-05-04T18:10:00,N-344,seminar,north,lab,38.0,31,23,167.7,0.42,10.5,23.5,64.3,609.2,56,39,59.1,True,7,651.3,0
ag-02967,2026-05-02T18:20:00,C-249,lecture,central,lecture,65.9,59,60,443.3,0.33,17.3,24.2,63.9,752.6,0,85,67.0,True,1,1023.1,0
ag-02968,2026-04-10T16:45:00,E-342,lecture,east,lab,93.5,81,72,710.2,0.411,5.0,26.1,53.9,805.8,22,77,64.9,False,5,1002.7,0
ag-02969,2026-03-09T12:20:00,C-118,coworking,central,lecture,73.5,71,61,628.2,0.779,3.9,23.6,66.1,771.7,30,53,63.0,False,1,962.5,0
ag-02970,2026-04-26T10:30:00,C-367,lab,central,lab,23.8,19,17,148.2,0.32,17.5,25.9,69.4,407.8,0,85,62.4,False,3,549.4,0
ag-02971,2026-03-07T12:55:00,N-239,lecture,north,none,75.3,68,1,415.3,0.654,9.9,23.0,43.0,528.0,90,0,28.3,True,6,370.3,0
ag-02972,2026-02-12T17:30:00,N-382,lecture,north,lab,116.0,98,92,1034.9,0.66,1.7,25.0,73.5,836.5,38,40,60.2,False,5,1325.1,1
ag-02973,2026-05-04T16:30:00,N-260,seminar,north,exam,77.6,62,73,838.7,0.837,18.8,24.3,73.0,941.3,61,39,65.9,True,2,1367.2,1
ag-02974,2026-04-09T17:25:00,W-312,lecture,west,none,122.9,106,38,677.2,0.312,12.2,23.6,60.8,586.4,0,89,41.1,False,4,660.4,0
ag-02975,2026-03-07T08:20:00,S-169,lecture,south,practice,134.0,99,32,496.4,0.314,3.3,22.4,44.0,691.3,83,13,51.9,False,2,890.7,0
ag-02976,2026-03-05T14:40:00,S-527,lab,south,practice,52.5,43,39,331.5,0.675,3.3,24.1,64.7,847.2,58,37,78.6,False,4,1107.1,1
ag-02977,2026-03-05T18:15:00,E-434,lecture,east,lecture,121.5,98,94,402.1,0.078,5.7,23.8,62.2,995.8,0,75,58.6,False,7,1656.7,1
ag-02978,2026-02-13T14:15:00,W-486,seminar,west,practice,41.7,42,23,404.2,0.475,2.0,24.6,53.2,625.5,86,0,51.6,False,4,692.4,0
ag-02979,2026-04-19T12:05:00,N-135,seminar,north,lab,71.6,63,24,481.3,0.266,17.2,22.9,55.6,606.7,0,85,52.5,True,2,586.0,0
ag-02980,2026-04-14T10:45:00,E-206,lab,east,practice,37.3,31,22,212.3,0.405,20.4,26.5,41.8,696.8,35,41,49.0,False,2,836.1,0
ag-02981,2026-04-24T11:35:00,W-318,lecture,west,lecture,120.0,113,74,1002.1,0.422,8.8,24.3,60.0,925.0,18,77,56.8,False,4,1056.2,0
ag-02982,2026-04-06T10:30:00,W-274,seminar,west,lecture,45.4,49,36,393.2,0.564,14.1,24.9,47.1,676.1,51,41,65.5,False,1,721.8,0
ag-02983,2026-04-21T10:45:00,W-158,seminar,west,lab,28.6,24,20,219.5,0.367,18.7,21.0,59.2,526.0,5,86,62.9,False,1,698.8,0
ag-02984,2026-03-27T13:25:00,W-170,lecture,west,practice,147.6,114,70,788.1,0.257,4.6,26.4,54.9,820.5,37,61,64.8,False,4,1033.5,0
ag-02985,2026-03-24T13:15:00,C-455,coworking,central,lecture,62.0,53,35,562.6,0.479,12.1,24.2,54.7,692.7,49,45,55.6,False,6,966.1,0
ag-02986,2026-03-31T09:40:00,N-542,lab,north,practice,25.7,28,19,245.6,0.472,10.0,23.4,63.8,744.3,68,23,70.3,False,2,977.3,0
ag-02987,2026-05-11T08:15:00,E-496,lab,east,practice,22.4,21,20,220.6,0.483,10.9,26.6,70.2,610.9,68,30,68.4,True,3,706.8,0
ag-02988,2026-04-17T17:30:00,S-368,lecture,south,lecture,70.5,78,60,557.2,0.259,4.0,25.9,57.9,736.7,22,81,59.8,False,6,1086.3,1
ag-02989,2026-03-14T08:55:00,E-395,seminar,east,none,32.9,31,6,142.0,0.05,0.1,22.9,52.8,518.1,21,67,38.1,False,1,644.4,0
ag-02990,2026-02-19T14:30:00,S-272,seminar,south,practice,23.6,25,13,185.9,0.192,0.1,25.2,49.8,553.0,45,48,54.1,False,7,551.4,0
ag-02991,2026-05-03T09:15:00,S-208,lecture,south,lecture,78.0,79,64,629.5,0.618,7.8,25.4,66.1,988.6,90,2,70.6,True,6,1146.5,1
ag-02992,2026-05-08T17:15:00,N-396,lab,north,exam,41.1,32,34,230.6,0.744,12.3,24.3,59.9,632.0,30,73,57.8,True,5,865.7,0
ag-02993,2026-04-23T13:45:00,E-220,seminar,east,lab,42.7,36,33,222.1,0.477,12.6,24.8,55.8,525.6,18,69,64.6,False,4,590.6,0
ag-02994,2026-02-15T08:15:00,C-365,lecture,central,lecture,63.8,65,67,582.8,0.473,-5.7,23.5,71.2,925.3,37,46,63.8,True,7,1157.7,1
ag-02995,2026-02-20T17:15:00,E-192,lecture,east,lecture,75.3,83,59,689.6,0.453,1.3,25.2,59.7,702.2,39,53,59.3,True,1,979.9,0
ag-02996,2026-03-07T13:55:00,W-507,lab,west,lecture,36.9,37,26,342.7,0.62,-6.2,22.3,66.4,492.1,0,90,56.1,False,3,599.8,0
ag-02997,2026-04-28T18:30:00,S-194,seminar,south,lab,53.8,43,45,274.0,0.069,15.3,23.1,71.6,683.4,74,16,66.3,False,1,846.0,0
ag-02998,2026-04-24T08:40:00,S-262,lab,south,lab,34.4,36,30,262.0,0.673,10.7,23.9,57.0,702.1,90,3,62.1,False,6,844.2,0
ag-02999,2026-05-12T10:55:00,S-300,seminar,south,lecture,65.2,48,25,528.0,0.603,20.6,21.3,38.5,417.0,1,90,43.6,True,3,484.0,0
ag-03000,2026-04-05T15:30:00,E-162,lecture,east,lecture,87.6,84,65,643.4,0.483,15.5,23.4,58.3,885.4,60,42,60.5,False,1,1178.2,1
ag-03001,2026-03-24T14:55:00,S-435,seminar,south,lab,29.4,26,11,136.7,0.351,10.3,22.7,50.3,505.5,41,37,54.5,False,1,562.7,0
ag-03002,2026-02-14T15:30:00,W-351,lecture,west,practice,130.7,104,94,550.1,0.276,2.2,26.1,52.0,1193.6,22,73,59.7,False,7,1469.0,1
ag-03003,2026-04-26T15:05:00,S-388,lab,south,none,44.4,31,4,267.4,0.791,11.4,20.3,52.4,380.0,0,84,42.0,False,5,343.3,0
ag-03004,2026-05-09T18:00:00,E-258,lab,east,practice,35.5,36,39,303.9,0.536,15.0,24.5,62.6,736.7,43,40,70.6,True,1,1022.2,0
ag-03005,2026-05-18T09:05:00,N-458,seminar,north,lecture,72.7,54,53,414.8,0.309,10.7,23.2,60.1,764.5,15,79,58.4,True,7,1115.9,1
ag-03006,2026-05-04T11:40:00,N-486,seminar,north,lecture,36.0,39,25,357.2,0.546,12.4,24.3,71.2,534.1,44,43,55.2,True,7,573.2,0
ag-03007,2026-02-20T09:45:00,S-127,coworking,south,practice,27.3,25,18,192.6,0.281,7.4,22.5,46.4,520.7,31,71,55.6,False,6,524.7,0
ag-03008,2026-03-19T15:40:00,W-242,lab,west,lecture,48.8,35,22,265.7,0.336,12.6,21.7,68.4,697.1,58,26,55.6,False,5,807.8,0
ag-03009,2026-04-27T17:40:00,W-563,seminar,west,lab,58.8,49,41,448.7,0.525,16.2,25.1,62.8,689.5,39,53,50.8,False,2,691.2,0
ag-03010,2026-05-17T18:45:00,C-376,coworking,central,exam,67.1,62,59,419.7,0.293,17.0,24.7,65.1,835.8,63,30,62.9,True,6,1058.8,0
ag-03011,2026-02-11T16:45:00,W-498,lecture,west,lab,109.1,107,58,839.5,0.324,-7.9,24.3,59.1,897.6,58,31,61.8,False,6,1103.4,1
ag-03012,2026-04-29T14:45:00,S-375,seminar,south,practice,81.0,60,43,422.2,0.268,18.0,23.7,64.6,852.5,60,31,57.5,False,3,1095.5,0
ag-03013,2026-04-24T14:55:00,W-428,lab,west,lecture,33.1,23,17,212.1,0.762,6.3,21.6,39.7,565.3,58,24,63.3,False,7,639.7,0
ag-03014,2026-02-19T10:55:00,N-158,lab,north,lab,30.1,33,22,264.5,0.99,0.1,24.8,55.3,583.7,49,41,57.2,False,7,743.4,0
ag-03015,2026-03-09T09:35:00,S-365,seminar,south,lecture,29.4,24,16,191.2,0.243,6.2,24.6,78.1,584.2,81,22,51.0,True,3,675.1,0
ag-03016,2026-05-04T12:10:00,W-473,seminar,west,lecture,79.5,62,51,566.3,0.478,13.1,20.5,55.0,706.3,21,66,58.8,True,4,897.8,0
ag-03017,2026-05-04T10:15:00,N-180,coworking,north,practice,45.0,35,30,320.0,0.454,18.9,20.8,71.6,596.5,57,44,71.1,True,3,768.8,0
ag-03018,2026-04-06T11:35:00,N-384,lecture,north,practice,173.0,124,114,660.2,0.181,18.3,26.6,63.3,1399.3,71,26,72.8,False,7,2068.7,1
ag-03019,2026-05-16T15:45:00,C-126,lecture,central,practice,99.6,100,52,815.4,0.307,14.6,21.0,43.7,850.3,26,71,49.2,True,3,998.7,0
ag-03020,2026-03-03T14:10:00,E-229,lecture,east,lab,85.4,66,34,499.7,0.846,5.4,22.3,45.0,514.6,33,54,59.5,False,7,518.6,0
ag-03021,2026-03-03T08:20:00,W-187,seminar,west,practice,27.1,24,16,192.2,0.41,8.4,23.4,49.0,569.1,23,78,60.1,False,1,609.6,0
ag-03022,2026-05-14T16:30:00,W-436,lecture,west,none,85.8,73,35,590.9,0.44,19.2,24.4,52.2,773.0,75,22,58.1,True,5,1009.8,0
ag-03023,2026-04-19T18:45:00,W-439,seminar,west,practice,32.8,26,14,222.3,0.504,2.9,22.5,41.5,574.4,62,13,55.6,False,2,536.0,0
ag-03024,2026-05-05T13:55:00,N-292,lab,north,practice,25.2,21,18,130.3,0.546,13.3,24.0,69.6,504.2,90,0,55.8,True,6,504.9,0
ag-03025,2026-02-28T10:00:00,C-259,seminar,central,practice,63.9,51,43,326.7,0.312,3.1,22.8,59.5,802.7,68,12,62.0,False,4,1038.9,0
ag-03026,2026-03-19T12:55:00,W-413,coworking,west,lecture,77.4,63,43,614.5,0.427,8.2,24.3,63.5,748.1,66,14,62.6,False,3,923.7,0
ag-03027,2026-04-14T09:30:00,W-383,lecture,west,practice,82.6,77,47,477.9,0.398,18.8,23.7,45.3,612.2,29,49,54.1,False,4,811.0,0
ag-03028,2026-03-15T15:45:00,E-236,seminar,east,lab,19.9,21,14,140.3,0.608,5.8,21.5,63.8,425.8,35,58,59.8,False,4,408.7,0
ag-03029,2026-04-15T12:15:00,S-542,lecture,south,none,100.2,85,2,537.3,0.327,7.0,20.6,46.4,383.8,28,59,44.3,False,1,244.9,0
ag-03030,2026-02-09T08:25:00,E-487,lecture,east,none,87.7,71,22,622.3,0.438,1.9,21.2,51.2,585.0,50,42,53.9,False,2,700.1,0
ag-03031,2026-03-27T09:50:00,C-476,lab,central,lab,36.1,34,25,403.0,0.658,10.6,22.4,47.4,679.1,61,21,60.3,False,5,853.7,0
ag-03032,2026-05-11T12:40:00,N-109,coworking,north,practice,32.9,30,29,187.0,0.256,17.1,25.1,63.3,629.3,49,35,63.7,True,3,780.1,0
ag-03033,2026-03-22T18:20:00,E-497,coworking,east,lab,81.0,57,38,296.9,0.474,7.5,22.6,69.8,594.2,32,62,66.6,False,1,739.0,0
ag-03034,2026-05-14T08:40:00,N-572,seminar,north,practice,32.2,23,18,239.9,0.929,17.6,23.3,54.7,480.8,33,66,56.6,True,3,549.3,0
ag-03035,2026-04-13T11:35:00,N-374,lab,north,lab,19.7,19,16,238.7,0.979,22.7,21.3,34.9,471.1,65,31,62.2,False,5,615.6,0
ag-03036,2026-04-19T08:25:00,E-541,seminar,east,lab,35.8,39,27,310.8,0.861,16.8,22.9,57.8,544.5,58,31,55.6,False,2,608.8,0
ag-03037,2026-03-28T12:55:00,C-507,lecture,central,exam,147.9,102,116,811.7,0.34,6.5,25.2,74.8,1333.6,17,75,65.9,False,4,1809.3,1
ag-03038,2026-05-10T10:50:00,W-471,lecture,west,lecture,148.8,108,100,689.0,0.622,23.0,25.8,55.7,889.9,9,77,68.2,True,2,1285.9,1
ag-03039,2026-03-21T17:20:00,E-430,lecture,east,practice,69.9,75,65,829.7,0.567,4.5,22.7,73.9,781.9,35,50,64.1,False,6,1075.0,0
ag-03040,2026-02-20T12:25:00,S-124,coworking,south,lecture,78.8,63,39,384.9,0.116,2.1,24.7,55.2,666.8,25,75,52.7,False,7,750.9,0
ag-03041,2026-03-28T17:25:00,E-183,lab,east,none,51.9,37,1,289.2,0.482,8.0,23.2,42.7,380.0,0,75,39.2,False,2,335.3,0
ag-03042,2026-03-05T12:35:00,N-242,seminar,north,lecture,35.5,28,28,320.0,0.705,3.5,23.4,68.8,516.9,0,90,63.5,False,4,657.0,0
ag-03043,2026-04-04T17:15:00,N-160,seminar,north,lecture,27.6,26,21,228.4,0.53,5.4,23.1,58.5,488.3,24,61,65.9,False,4,567.4,0
ag-03044,2026-03-31T10:25:00,W-563,seminar,west,lecture,29.8,25,24,257.5,0.573,7.2,26.0,61.7,677.8,73,15,66.7,False,5,753.4,0
ag-03045,2026-04-13T11:00:00,E-521,lab,east,lecture,28.0,20,17,240.7,0.848,21.7,25.4,58.1,507.0,59,40,54.9,False,4,584.0,0
ag-03046,2026-03-07T18:10:00,C-227,coworking,central,lab,78.8,61,40,268.7,0.131,-0.6,24.0,49.9,673.0,45,42,54.5,False,1,993.5,0
ag-03047,2026-03-10T17:45:00,N-428,lecture,north,lab,79.5,74,71,524.6,0.331,0.9,25.0,67.3,1120.6,68,20,65.5,False,1,1423.3,1
ag-03048,2026-05-14T17:10:00,W-125,seminar,west,lecture,26.5,28,18,254.8,0.611,10.6,25.2,48.9,487.8,73,13,48.3,True,5,606.6,0
ag-03049,2026-02-09T12:10:00,S-117,lecture,south,practice,89.8,88,38,407.1,0.181,-3.8,22.6,56.5,747.1,49,43,51.8,False,3,852.7,0
ag-03050,2026-03-28T09:35:00,W-188,seminar,west,practice,28.7,26,23,121.0,0.05,5.0,27.2,68.8,466.6,6,90,70.7,False,1,608.3,0
ag-03051,2026-03-17T15:10:00,N-367,lecture,north,lecture,141.8,113,92,1090.8,0.374,-4.3,26.7,63.3,1265.8,48,30,61.7,False,3,1820.2,1
ag-03052,2026-05-19T17:45:00,N-459,lecture,north,lecture,62.8,57,37,492.4,0.562,15.6,23.4,56.7,621.4,85,3,64.3,True,5,705.2,0
ag-03053,2026-02-19T13:10:00,C-291,lecture,central,practice,111.2,105,77,560.7,0.464,-2.5,23.8,55.0,986.6,16,86,59.9,False,3,1168.5,1
ag-03054,2026-05-05T18:35:00,W-171,coworking,west,practice,93.0,71,55,445.4,0.48,10.5,24.1,67.3,854.3,49,41,51.9,True,6,1103.6,1
ag-03055,2026-04-09T14:25:00,E-152,lab,east,lecture,47.3,38,32,446.2,0.826,10.3,22.2,55.8,445.2,40,57,60.2,False,7,478.4,0
ag-03056,2026-03-01T15:15:00,C-468,seminar,central,lecture,51.3,37,22,283.0,0.676,8.2,24.9,53.8,418.7,30,41,56.1,False,6,490.3,0
ag-03057,2026-02-09T15:25:00,E-156,coworking,east,none,107.9,78,17,693.4,0.464,-1.0,23.2,60.2,532.3,76,0,39.7,False,1,481.4,0
ag-03058,2026-05-13T16:00:00,W-321,seminar,west,exam,43.7,34,39,225.9,0.375,10.8,27.5,74.8,684.4,0,90,72.9,True,1,988.7,0
ag-03059,2026-04-28T18:55:00,W-409,lab,west,exam,28.6,29,23,297.4,0.927,18.1,20.7,78.0,401.0,0,76,52.2,False,6,490.7,0
ag-03060,2026-03-16T10:00:00,S-575,seminar,south,practice,83.3,62,40,719.6,0.683,13.5,22.5,56.2,589.3,37,48,55.2,False,6,711.2,0
ag-03061,2026-04-16T15:10:00,C-129,lecture,central,lecture,115.0,80,69,712.2,0.332,5.2,24.1,69.2,883.6,23,59,69.2,False,2,1302.2,1
ag-03062,2026-03-26T10:35:00,C-445,lecture,central,exam,119.3,103,114,962.6,0.563,3.9,24.9,61.6,1336.1,83,5,65.4,False,2,1897.2,1
ag-03063,2026-02-18T08:00:00,N-432,seminar,north,lecture,28.1,27,28,216.7,0.423,-12.1,23.4,60.8,566.6,46,33,69.8,False,6,702.7,0
ag-03064,2026-03-27T08:05:00,W-409,seminar,west,none,58.8,56,14,262.7,0.275,8.2,22.7,61.2,593.8,67,28,61.2,False,4,608.9,0
ag-03065,2026-04-21T14:35:00,E-593,lecture,east,lab,88.2,73,40,425.0,0.382,10.9,23.2,55.9,723.2,67,15,53.7,False,4,988.6,0
ag-03066,2026-05-12T17:50:00,W-540,lecture,west,lecture,110.1,98,73,483.8,0.345,16.1,22.9,65.4,971.6,71,3,66.3,True,6,1230.1,1
ag-03067,2026-05-03T12:50:00,W-357,lab,west,lecture,23.5,23,15,221.7,0.645,15.2,22.3,38.0,507.6,50,29,63.0,True,7,727.7,0
ag-03068,2026-05-05T18:15:00,E-161,coworking,east,exam,35.8,34,34,320.3,0.585,18.8,24.4,64.2,767.6,38,56,61.6,True,1,941.7,0
ag-03069,2026-02-20T15:55:00,N-253,lab,north,lecture,28.9,31,27,303.4,0.716,5.8,25.4,75.0,670.8,76,17,66.8,False,4,728.1,0
ag-03070,2026-04-30T18:15:00,C-377,lecture,central,lecture,86.5,73,37,402.7,0.55,7.2,20.3,50.7,675.1,42,59,64.5,False,1,803.5,0
ag-03071,2026-03-15T15:45:00,S-148,lab,south,lab,42.9,35,25,300.1,0.389,-2.0,24.3,54.4,615.6,67,17,65.9,False,6,630.1,0
ag-03072,2026-04-05T13:15:00,E-503,lecture,east,lecture,88.0,65,48,651.1,0.748,9.7,24.0,53.9,788.4,51,47,60.7,False,6,1070.5,0
ag-03073,2026-04-04T14:35:00,C-220,coworking,central,lab,86.4,67,62,329.9,0.327,-0.8,22.6,66.6,883.2,47,27,74.0,False,6,1105.7,1
ag-03074,2026-04-23T09:25:00,S-400,lecture,south,none,108.4,78,2,1018.2,0.767,9.4,20.6,46.2,380.0,34,60,54.5,False,5,338.2,0
ag-03075,2026-03-27T15:45:00,E-195,lecture,east,lecture,151.8,109,95,1146.1,0.606,5.9,24.5,56.8,958.7,14,70,66.4,False,5,1555.6,1
ag-03076,2026-05-01T11:15:00,C-424,lecture,central,lecture,67.0,73,75,490.8,0.31,18.9,24.8,50.8,878.0,28,75,69.7,True,5,1083.1,0
ag-03077,2026-03-19T16:25:00,C-191,seminar,central,lecture,51.0,38,16,209.5,0.422,9.6,21.8,35.4,563.1,13,75,58.1,False,5,683.3,0
ag-03078,2026-03-11T09:25:00,C-101,lecture,central,lecture,90.3,87,58,457.9,0.375,4.0,25.1,56.3,858.1,90,3,62.1,False,2,1080.1,0
ag-03079,2026-04-12T09:10:00,S-425,lecture,south,lecture,84.7,68,49,464.4,0.171,2.0,24.7,64.9,679.5,0,84,55.5,False,6,701.6,0
ag-03080,2026-04-16T16:10:00,E-554,seminar,east,practice,71.2,50,16,254.6,0.249,11.5,23.9,56.5,492.3,0,90,51.0,False,1,582.2,0
ag-03081,2026-03-30T11:30:00,S-480,lecture,south,practice,132.5,98,52,761.5,0.55,4.8,22.0,65.0,809.6,90,0,57.2,False,3,1031.3,0
ag-03082,2026-05-15T17:30:00,W-163,lab,west,lecture,25.9,28,29,178.1,0.53,23.2,26.5,49.4,492.8,28,69,68.5,True,5,607.6,0
ag-03083,2026-04-12T11:05:00,E-323,lab,east,practice,20.6,22,18,284.6,0.853,6.6,22.2,38.2,406.3,54,45,67.6,False,2,525.7,0
ag-03084,2026-02-21T10:20:00,E-379,seminar,east,lecture,57.0,45,39,574.8,0.745,4.7,22.4,65.5,647.8,52,34,62.8,False,4,791.6,0
ag-03085,2026-02-15T14:10:00,N-444,seminar,north,lecture,63.1,61,35,702.4,0.63,8.1,20.8,37.1,642.4,27,65,63.2,False,7,810.7,0
ag-03086,2026-02-11T15:25:00,W-256,coworking,west,practice,56.1,62,66,506.5,0.368,0.2,22.8,77.7,1001.0,50,35,78.8,False,4,1275.9,1
ag-03087,2026-02-11T11:35:00,W-133,lecture,west,lecture,67.7,66,61,554.4,0.395,0.3,25.7,54.3,765.6,38,60,63.3,False,6,928.2,0
ag-03088,2026-03-04T18:15:00,S-219,lecture,south,practice,85.6,90,36,692.9,0.313,-5.0,22.9,44.9,668.2,62,22,49.4,False,2,831.8,0
ag-03089,2026-03-29T17:50:00,S-165,lecture,south,practice,116.6,91,84,326.7,0.098,18.9,24.8,45.1,1116.5,51,48,63.8,False,1,1712.5,1
ag-03090,2026-04-03T12:05:00,C-358,seminar,central,practice,33.2,31,17,424.4,0.799,16.7,23.9,50.1,380.0,14,67,54.3,True,4,529.0,0
ag-03091,2026-03-19T17:45:00,W-240,coworking,west,lab,21.8,20,19,179.8,0.646,6.7,24.8,65.3,538.4,20,76,67.5,False,5,650.7,0
ag-03092,2026-02-14T17:40:00,C-141,seminar,central,lab,85.6,64,23,846.3,0.759,3.8,21.6,53.9,380.0,47,58,56.3,False,4,616.1,0
ag-03093,2026-02-17T11:40:00,S-224,coworking,south,none,59.5,42,1,216.1,0.419,3.3,23.1,37.4,414.5,59,23,46.5,False,7,408.9,0
ag-03094,2026-04-22T08:45:00,E-514,lab,east,lecture,29.7,23,22,165.7,0.884,27.8,25.0,61.8,616.6,19,81,59.1,False,1,779.4,0
ag-03095,2026-03-09T13:30:00,E-501,seminar,east,lab,47.7,48,32,633.9,0.708,3.0,23.9,42.4,568.7,35,58,50.7,False,2,718.3,0
ag-03096,2026-04-25T10:45:00,S-204,lab,south,lecture,33.1,23,17,222.7,0.489,11.3,24.2,52.1,660.2,78,8,64.6,False,5,693.5,0
ag-03097,2026-03-18T18:15:00,N-205,lecture,north,exam,92.8,92,75,535.7,0.219,7.6,23.2,51.8,1103.2,51,36,63.2,False,6,1608.6,1
ag-03098,2026-02-11T13:40:00,E-273,lecture,east,exam,90.8,75,75,767.6,0.482,3.4,20.9,77.3,901.3,40,52,70.1,False,7,1382.6,1
ag-03099,2026-03-12T10:10:00,W-469,lecture,west,lecture,75.0,82,65,676.3,0.7,-1.7,23.9,64.7,851.4,71,36,64.2,False,2,1080.8,0
ag-03100,2026-03-05T16:35:00,S-204,seminar,south,practice,36.4,39,29,290.3,0.628,10.3,24.2,54.2,561.6,15,63,53.8,False,5,691.6,0
ag-03101,2026-04-07T10:50:00,E-598,lab,east,lecture,49.2,34,27,188.9,0.281,15.3,24.5,60.4,557.3,0,90,64.5,False,3,644.7,0
ag-03102,2026-03-30T12:40:00,S-247,lab,south,none,45.1,38,1,422.0,0.567,11.4,22.8,56.1,380.0,0,90,38.1,False,7,457.6,0
ag-03103,2026-03-29T10:40:00,E-577,lab,east,practice,45.9,32,30,242.3,0.464,11.0,25.7,71.3,665.5,51,38,61.8,False,3,875.4,0
ag-03104,2026-05-17T09:30:00,C-129,coworking,central,lecture,74.8,58,37,441.9,0.343,20.6,24.2,54.4,687.3,42,54,60.6,True,7,839.3,0
ag-03105,2026-02-19T15:10:00,E-393,lecture,east,lecture,86.8,67,42,545.6,0.428,6.2,23.8,47.3,624.5,43,52,52.2,False,7,859.7,0
ag-03106,2026-02-19T18:35:00,N-332,lecture,north,lecture,127.9,119,75,940.5,0.271,7.2,22.8,60.3,992.7,41,32,51.1,False,3,1444.6,1
ag-03107,2026-02-17T12:20:00,S-205,seminar,south,lab,62.3,44,18,290.8,0.457,6.3,20.5,53.1,535.9,47,42,58.5,False,2,500.3,0
ag-03108,2026-03-20T15:45:00,S-472,seminar,south,practice,70.2,52,38,748.7,0.874,10.4,23.0,54.2,783.3,79,12,58.7,True,2,881.8,0
ag-03109,2026-03-09T09:05:00,N-400,lab,north,none,41.1,38,12,274.5,0.325,3.4,24.2,41.8,624.2,74,13,48.9,False,1,625.1,0
ag-03110,2026-02-20T17:50:00,S-586,lecture,south,exam,139.7,103,85,926.5,0.656,1.6,23.7,61.7,985.0,26,67,57.7,False,4,1142.3,1
ag-03111,2026-04-18T17:30:00,E-130,lab,east,practice,35.9,28,20,382.4,0.882,10.9,23.6,70.3,540.6,61,34,59.4,False,2,574.4,0
ag-03112,2026-03-13T18:40:00,S-344,lab,south,lecture,34.2,28,15,210.5,0.458,9.0,20.4,53.2,735.6,90,0,53.6,False,6,767.3,0
ag-03113,2026-03-20T11:45:00,N-540,lab,north,lecture,35.5,34,32,185.3,0.481,7.1,24.6,57.1,593.8,74,37,57.1,False,4,933.7,0
ag-03114,2026-04-24T18:25:00,W-298,coworking,west,lecture,76.7,74,79,885.9,0.617,11.6,25.6,69.2,826.8,28,62,62.6,False,1,972.8,0
ag-03115,2026-02-25T09:35:00,W-169,coworking,west,none,31.7,26,8,278.2,0.724,6.8,22.0,59.4,415.3,15,79,41.2,False,4,420.8,0
ag-03116,2026-04-12T15:00:00,E-415,lab,east,practice,35.2,39,26,405.1,0.502,2.1,24.9,45.8,581.5,6,75,55.9,False,3,642.1,0
ag-03117,2026-05-14T15:20:00,C-194,seminar,central,lab,41.8,41,37,310.4,0.721,16.6,25.2,55.8,770.5,90,0,67.5,True,1,901.5,0
ag-03118,2026-03-10T08:35:00,E-182,lecture,east,practice,180.4,126,102,1245.4,0.675,3.7,23.0,60.6,1102.2,0,76,57.8,True,7,1461.0,1
ag-03119,2026-03-14T12:30:00,C-229,lab,central,none,28.9,24,6,262.9,0.732,11.5,22.8,46.9,380.0,9,74,49.5,False,6,502.9,0
ag-03120,2026-04-15T18:45:00,W-539,seminar,west,lecture,44.5,44,28,506.5,0.946,-2.6,23.5,54.1,577.4,51,53,62.7,False,6,765.5,0
ag-03121,2026-04-02T18:20:00,S-353,lab,south,lab,31.2,32,36,168.8,0.351,15.5,24.4,61.6,742.5,44,48,74.7,False,3,886.2,0
ag-03122,2026-04-04T10:00:00,N-458,seminar,north,lecture,56.4,54,38,236.2,0.223,21.4,23.5,59.2,746.3,47,51,59.8,False,6,877.9,0
ag-03123,2026-05-10T08:35:00,C-413,seminar,central,lecture,63.0,49,46,238.1,0.148,26.9,25.8,59.5,923.4,73,1,76.4,True,7,1044.5,1
ag-03124,2026-03-28T17:55:00,N-483,seminar,north,lecture,86.9,63,42,351.2,0.453,9.6,24.1,54.0,683.0,21,76,58.2,False,7,948.1,0
ag-03125,2026-05-07T16:40:00,C-519,lecture,central,exam,110.4,85,86,698.9,0.312,11.6,24.2,62.3,1089.4,50,40,62.2,True,1,1513.9,1
ag-03126,2026-02-15T13:20:00,N-411,seminar,north,lecture,24.8,21,9,174.7,0.393,-0.1,20.8,54.3,576.2,32,62,64.8,False,1,595.5,0
ag-03127,2026-04-01T13:35:00,S-183,lecture,south,practice,112.5,81,39,792.9,0.651,15.9,25.2,52.1,653.9,71,16,60.2,False,4,958.5,0
ag-03128,2026-03-29T16:10:00,N-210,lecture,north,lab,81.5,81,43,530.0,0.388,8.1,25.4,61.8,626.6,52,38,60.8,False,3,924.8,0
ag-03129,2026-05-02T09:40:00,W-379,lecture,west,practice,162.4,123,111,1269.0,0.628,26.0,23.4,60.9,1164.4,0,90,59.8,True,2,1740.0,1
ag-03130,2026-03-23T17:50:00,S-529,lecture,south,lab,129.6,95,68,505.1,0.254,-7.4,24.9,64.4,934.8,65,24,55.7,False,5,1241.3,1
ag-03131,2026-03-14T08:55:00,N-574,seminar,north,lab,28.8,26,19,138.8,0.123,10.9,22.4,51.5,621.7,26,49,64.6,False,6,663.3,0
ag-03132,2026-04-04T16:40:00,W-522,lab,west,lecture,26.6,19,15,172.7,0.478,7.1,21.5,64.1,380.0,6,83,63.6,True,7,454.1,0
ag-03133,2026-02-28T08:10:00,E-176,lab,east,practice,37.4,37,23,356.0,0.536,12.1,24.6,61.6,525.9,0,90,61.1,False,2,723.3,0
ag-03134,2026-03-09T18:35:00,E-537,seminar,east,lecture,79.3,55,61,255.3,0.313,3.5,23.4,61.8,724.5,37,47,65.5,True,6,809.2,0
ag-03135,2026-03-16T18:35:00,S-591,seminar,south,lecture,26.0,28,18,253.7,0.684,1.5,22.1,69.9,539.9,10,78,57.1,False,2,604.9,0
ag-03136,2026-04-07T08:30:00,S-577,seminar,south,practice,49.7,51,16,220.5,0.211,7.9,23.5,54.1,578.2,17,72,44.3,False,1,689.3,0
ag-03137,2026-05-02T18:45:00,S-335,lecture,south,practice,135.0,101,58,491.7,0.422,2.2,27.5,54.8,830.2,68,33,50.8,True,4,1254.8,1
ag-03138,2026-04-18T15:20:00,N-347,lecture,north,exam,108.4,88,72,753.5,0.548,4.9,27.2,46.1,830.6,0,90,59.8,False,1,1075.0,0
ag-03139,2026-05-01T11:35:00,W-339,lecture,west,none,146.8,127,3,852.4,0.241,15.9,21.9,46.6,444.7,46,40,39.9,True,3,460.0,0
ag-03140,2026-04-22T13:05:00,S-591,lab,south,lecture,20.6,22,18,191.3,0.521,7.7,24.9,48.5,442.6,8,80,67.9,False,5,425.0,0
ag-03141,2026-02-15T08:55:00,N-440,lab,north,practice,40.2,41,27,215.9,0.336,4.2,23.8,48.0,678.0,39,54,76.3,False,1,870.9,0
ag-03142,2026-02-25T13:25:00,W-313,seminar,west,lecture,50.1,42,22,272.1,0.387,10.7,22.9,65.0,578.1,36,50,57.1,False,3,729.4,0
ag-03143,2026-03-20T12:45:00,N-387,seminar,north,none,70.5,50,11,257.5,0.2,9.2,24.5,58.2,562.4,33,54,51.9,False,1,550.5,0
ag-03144,2026-02-17T14:00:00,C-132,coworking,central,lab,101.4,75,36,479.7,0.537,4.6,21.4,38.9,686.9,45,38,57.7,False,5,892.1,0
ag-03145,2026-04-05T18:05:00,W-335,seminar,west,lab,74.5,63,41,522.8,0.612,18.3,23.0,64.7,628.3,37,55,53.7,False,3,768.2,0
ag-03146,2026-03-18T10:45:00,E-329,seminar,east,lecture,52.9,37,20,150.1,0.064,-3.0,24.1,60.1,545.1,11,73,50.7,False,1,599.9,0
ag-03147,2026-02-14T13:00:00,W-188,coworking,west,none,54.6,43,6,329.1,0.724,1.1,21.2,34.4,531.9,78,16,52.5,True,2,620.9,0
ag-03148,2026-05-01T10:30:00,C-384,seminar,central,lecture,50.2,44,35,343.8,0.793,13.1,22.0,60.3,637.3,0,81,68.0,True,1,786.3,0
ag-03149,2026-05-19T17:45:00,S-515,coworking,south,lecture,58.4,49,43,251.5,0.456,23.3,23.3,62.5,628.6,9,80,55.3,True,1,877.3,0
ag-03150,2026-02-12T11:00:00,W-356,coworking,west,practice,49.3,51,43,472.1,0.512,6.1,25.2,68.2,568.2,50,27,51.3,False,2,734.8,0
ag-03151,2026-03-02T11:35:00,E-329,seminar,east,lecture,48.6,44,36,487.6,0.722,7.5,22.6,62.4,611.0,72,19,62.3,False,7,840.7,0
ag-03152,2026-04-07T10:30:00,W-314,lab,west,none,40.5,32,8,460.5,0.851,6.2,22.3,39.9,507.0,54,36,51.9,False,2,527.8,0
ag-03153,2026-04-02T10:40:00,S-260,lecture,south,lab,71.5,56,35,430.8,0.222,6.5,22.1,55.6,699.1,60,24,62.5,False,2,899.0,0
ag-03154,2026-04-13T08:15:00,S-262,seminar,south,lecture,69.3,48,35,449.3,0.427,11.7,22.7,57.7,661.9,44,45,56.1,False,3,805.2,0
ag-03155,2026-03-10T18:10:00,C-196,seminar,central,lab,28.5,30,18,205.5,0.48,15.2,23.5,44.2,554.2,12,70,55.9,False,1,464.6,0
ag-03156,2026-04-05T14:50:00,C-298,coworking,central,lab,66.3,51,31,397.9,0.606,-3.7,23.7,45.9,815.6,81,17,60.8,False,3,915.5,0
ag-03157,2026-03-11T08:15:00,W-216,lecture,west,lecture,128.6,105,120,1241.3,0.627,2.8,23.7,71.8,1194.2,18,72,68.0,False,7,1811.9,1
ag-03158,2026-05-09T12:00:00,S-283,seminar,south,none,77.6,55,7,666.4,0.609,10.1,20.4,56.5,494.3,73,8,52.2,True,3,443.7,0
ag-03159,2026-02-22T18:05:00,N-551,lecture,north,none,74.6,65,22,341.5,0.351,-2.9,24.1,45.3,543.7,12,75,56.6,False,1,771.3,0
ag-03160,2026-04-08T12:10:00,E-241,seminar,east,lecture,66.7,61,40,537.5,0.321,15.6,21.2,58.3,754.8,80,13,55.0,False,5,941.5,0
ag-03161,2026-05-04T11:55:00,W-113,lab,west,none,45.9,40,27,239.5,0.35,20.4,22.5,60.6,521.1,23,67,51.0,True,3,801.6,0
ag-03162,2026-03-14T11:10:00,W-376,lecture,west,lab,155.9,127,101,1290.5,0.555,13.9,23.3,58.6,1271.9,58,24,69.4,False,1,1734.0,1
ag-03163,2026-04-30T11:50:00,W-229,lab,west,lab,24.0,22,15,229.2,0.638,13.8,22.1,59.8,612.5,55,46,57.4,False,4,610.7,0
ag-03164,2026-03-10T17:45:00,W-461,lecture,west,lecture,95.2,66,68,544.7,0.433,5.7,26.3,62.1,1040.1,42,45,60.6,False,4,1289.3,1
ag-03165,2026-04-04T08:50:00,C-399,coworking,central,practice,103.5,75,52,309.4,0.11,4.1,23.3,67.9,910.9,53,30,48.0,False,4,1278.5,1
ag-03166,2026-03-07T13:40:00,C-574,coworking,central,practice,65.5,63,47,653.8,0.509,0.5,22.9,53.3,783.4,49,50,56.4,False,5,1085.3,0
ag-03167,2026-04-22T09:15:00,C-293,seminar,central,practice,44.9,35,21,256.3,0.483,18.7,19.5,59.1,462.1,35,49,48.3,False,3,562.2,0
ag-03168,2026-03-25T10:40:00,S-169,lecture,south,lecture,143.8,100,71,479.7,0.207,8.2,22.2,66.7,1008.4,41,60,63.5,False,4,1362.0,1
ag-03169,2026-03-31T09:05:00,C-132,coworking,central,exam,63.8,65,51,534.0,0.746,13.0,26.8,66.4,704.8,37,54,63.9,False,6,989.0,0
ag-03170,2026-03-14T16:40:00,N-319,coworking,north,lecture,45.7,48,40,401.7,0.414,11.3,23.5,56.4,841.0,62,30,58.5,False,4,951.2,0
ag-03171,2026-02-20T12:15:00,E-364,lecture,east,exam,119.4,118,125,1215.7,0.569,0.1,22.5,66.7,1278.0,54,28,68.2,False,4,1755.8,1
ag-03172,2026-04-28T08:00:00,W-138,lecture,west,lecture,122.9,93,92,941.4,0.541,8.8,22.9,59.4,1117.7,26,48,69.9,False,1,1585.6,1
ag-03173,2026-03-23T15:05:00,N-346,lecture,north,none,68.9,76,2,776.2,0.483,-2.5,24.9,25.3,451.1,27,55,45.9,False,1,466.3,0
ag-03174,2026-05-03T09:55:00,E-361,lecture,east,practice,71.4,77,48,605.0,0.34,10.3,24.3,58.6,760.3,41,53,60.9,True,1,987.0,0
ag-03175,2026-05-09T17:40:00,S-102,seminar,south,exam,24.4,20,20,116.1,0.098,22.3,22.7,53.5,786.1,80,9,58.2,True,6,876.6,0
ag-03176,2026-05-14T12:40:00,E-331,seminar,east,lecture,64.2,45,35,247.2,0.231,30.9,25.4,55.9,640.5,24,70,55.1,True,2,853.1,0
ag-03177,2026-03-10T14:30:00,S-544,lab,south,none,45.3,37,14,310.0,0.879,5.7,23.8,57.4,467.3,45,56,60.6,False,7,538.6,0
ag-03178,2026-02-16T15:40:00,W-197,lecture,west,practice,106.6,113,93,698.3,0.277,0.0,22.3,61.0,1126.4,31,65,64.9,False,3,1573.9,1
ag-03179,2026-02-11T10:05:00,S-195,coworking,south,none,34.8,34,1,409.4,0.609,10.1,21.6,41.5,380.0,34,61,48.5,True,1,442.0,0
ag-03180,2026-03-25T08:10:00,C-501,seminar,central,lecture,76.6,53,29,790.3,0.894,10.4,23.8,58.6,579.1,58,29,55.6,False,2,749.4,0
ag-03181,2026-03-04T17:10:00,W-506,lab,west,lab,18.8,19,11,129.4,0.418,11.1,24.9,49.1,502.7,64,28,51.7,False,6,586.8,0
ag-03182,2026-04-08T08:10:00,C-261,seminar,central,lecture,85.3,59,54,258.8,0.256,6.7,22.8,44.3,783.7,0,84,60.7,False,1,1067.6,0
ag-03183,2026-02-19T14:40:00,E-329,lecture,east,lecture,117.6,84,72,732.4,0.736,-3.7,25.2,57.8,909.8,0,90,62.4,False,3,1133.6,1
ag-03184,2026-03-11T15:35:00,E-555,coworking,east,lecture,79.8,59,51,331.9,0.356,3.3,22.4,72.9,798.9,50,37,53.6,False,5,964.4,0
ag-03185,2026-02-27T09:30:00,S-263,lecture,south,practice,70.8,71,43,617.1,0.533,-2.2,23.7,54.5,571.7,34,61,50.6,False,4,715.8,0
ag-03186,2026-04-16T12:50:00,W-406,coworking,west,practice,33.1,23,15,145.9,0.558,10.6,23.8,58.2,428.5,17,73,65.0,False,5,434.3,0
ag-03187,2026-04-26T10:05:00,N-591,lab,north,none,50.9,36,7,278.0,0.723,10.7,24.2,59.8,517.4,43,59,54.6,False,5,574.6,0
ag-03188,2026-04-07T09:05:00,S-215,seminar,south,lab,54.6,51,46,443.4,0.382,10.0,24.3,52.1,793.0,47,25,67.1,False,1,1000.9,0
ag-03189,2026-04-20T17:20:00,N-395,seminar,north,practice,31.7,34,25,364.7,0.673,13.0,23.8,65.5,574.1,16,81,55.7,False,3,606.8,0
ag-03190,2026-04-05T13:05:00,E-224,lecture,east,practice,141.4,115,58,807.9,0.369,8.2,24.1,68.5,898.4,47,46,58.8,False,5,1243.5,1
ag-03191,2026-04-25T18:50:00,S-366,lecture,south,lab,160.7,127,64,1645.0,0.766,10.0,24.4,60.5,910.2,57,34,49.0,False,5,1086.8,0
ag-03192,2026-02-27T14:20:00,C-546,lecture,central,practice,69.1,58,29,235.5,0.174,-1.2,23.2,53.5,695.5,38,56,60.9,False,2,834.3,0
ag-03193,2026-04-22T11:10:00,S-136,coworking,south,practice,63.9,51,34,413.3,0.574,13.1,24.2,63.1,593.8,61,26,59.2,False,3,759.9,0
ag-03194,2026-02-11T14:10:00,E-127,coworking,east,exam,69.5,76,75,613.0,0.507,-1.1,24.4,59.9,981.0,72,31,66.5,False,3,1306.9,1
ag-03195,2026-03-08T17:35:00,C-403,lab,central,practice,34.0,29,20,307.8,0.679,5.3,23.9,61.7,562.0,49,28,66.9,False,6,726.8,0
ag-03196,2026-03-13T09:15:00,S-547,lecture,south,lab,57.6,62,47,365.0,0.591,7.6,25.0,60.2,674.8,56,31,64.6,False,3,876.2,0
ag-03197,2026-02-17T15:35:00,C-261,lab,central,exam,54.7,38,24,425.6,0.733,-3.1,23.6,68.4,542.1,44,35,59.4,False,6,566.3,0
ag-03198,2026-02-26T08:05:00,W-278,lab,west,none,34.5,36,11,471.2,0.716,4.6,23.1,43.6,506.0,51,22,53.6,False,1,546.4,0
ag-03199,2026-03-29T09:10:00,C-545,lecture,central,lecture,144.9,103,27,669.3,0.719,7.8,23.2,49.1,440.2,46,48,47.3,False,1,509.1,0
ag-03200,2026-03-29T15:45:00,E-285,lab,east,none,41.6,36,9,471.5,0.788,4.0,24.9,43.0,547.1,75,12,54.9,False,5,728.7,0
ag-03201,2026-04-23T09:45:00,C-110,lecture,central,practice,102.1,81,56,761.8,0.481,5.9,23.6,57.1,857.0,65,21,53.6,False,1,1046.5,0
ag-03202,2026-04-08T10:20:00,N-376,lab,north,none,55.3,43,12,385.5,1.0,5.3,25.1,50.1,507.2,31,51,46.2,False,3,571.5,0
ag-03203,2026-03-30T14:25:00,E-460,seminar,east,lecture,27.2,29,30,233.4,0.469,9.5,25.6,63.0,698.1,28,55,69.9,False,5,823.2,0
ag-03204,2026-05-15T12:40:00,C-212,seminar,central,exam,19.2,21,20,196.4,0.716,17.6,28.4,54.3,472.5,44,43,67.0,True,3,740.5,0
ag-03205,2026-04-18T08:45:00,N-421,lecture,north,exam,136.2,127,140,1407.3,0.545,15.0,25.1,68.2,1326.2,69,20,75.1,False,1,1924.6,1
ag-03206,2026-04-10T18:45:00,S-295,seminar,south,lecture,32.2,23,14,150.7,0.302,-1.0,24.6,75.9,579.0,44,48,55.0,False,2,623.5,0
ag-03207,2026-02-09T08:35:00,S-106,seminar,south,practice,56.7,44,38,429.9,0.734,0.7,23.4,57.7,553.2,28,64,63.6,False,6,686.4,0
ag-03208,2026-05-15T14:00:00,C-592,seminar,central,practice,26.1,24,18,300.9,0.708,23.3,24.1,48.9,524.3,14,69,57.3,True,6,557.6,0
ag-03209,2026-03-13T11:50:00,E-575,lab,east,practice,42.4,40,22,296.1,0.487,-2.2,24.7,46.4,538.6,37,49,60.8,False,1,615.1,0
ag-03210,2026-04-06T15:00:00,W-571,coworking,west,lecture,55.8,48,41,373.7,0.355,15.0,24.0,60.6,702.1,20,77,69.0,True,6,758.3,0
ag-03211,2026-05-01T13:05:00,C-563,lecture,central,none,123.2,119,57,568.0,0.2,8.3,22.0,60.1,983.4,45,50,52.3,True,3,1179.6,1
ag-03212,2026-05-06T15:50:00,N-367,lecture,north,lecture,113.6,120,115,803.5,0.308,16.5,24.4,62.0,1221.7,57,30,70.2,True,3,1802.9,1
ag-03213,2026-05-02T14:45:00,S-258,lab,south,lecture,23.5,23,22,176.3,0.453,11.9,23.1,65.4,717.4,32,63,67.4,True,3,842.7,0
ag-03214,2026-04-09T13:50:00,S-395,seminar,south,lecture,59.3,44,36,228.6,0.235,7.8,24.3,72.8,655.7,65,30,60.5,False,7,911.7,0
ag-03215,2026-02-22T16:40:00,W-507,lecture,west,lecture,88.3,66,55,480.6,0.328,2.4,25.0,65.8,719.4,28,63,54.8,False,1,1021.0,0
ag-03216,2026-04-10T18:55:00,S-325,seminar,south,lecture,44.2,43,24,205.7,0.35,10.5,26.1,59.6,798.0,81,1,47.7,False,1,735.6,0
ag-03217,2026-03-05T11:05:00,S-551,seminar,south,lab,52.8,42,25,275.4,0.277,7.8,22.3,51.5,642.5,0,90,54.6,False,5,784.8,0
ag-03218,2026-02-14T09:45:00,C-358,lab,central,lecture,46.5,37,32,286.2,0.896,2.6,22.7,52.2,689.1,57,20,56.1,False,5,751.1,0
ag-03219,2026-04-10T14:35:00,E-347,seminar,east,lecture,53.4,58,52,734.5,0.81,17.0,22.7,63.2,684.2,52,27,60.5,False,2,892.2,0
ag-03220,2026-02-15T17:00:00,E-543,seminar,east,lecture,43.9,41,22,171.0,0.097,1.2,24.2,59.6,632.1,23,66,59.4,False,5,703.3,0
ag-03221,2026-04-11T18:05:00,E-244,lab,east,lab,60.1,42,31,330.3,0.313,10.7,24.7,46.4,649.6,45,53,56.6,False,7,851.3,0
ag-03222,2026-04-07T12:40:00,S-394,lab,south,lecture,17.7,19,12,147.2,0.503,7.7,25.3,51.8,511.8,19,79,60.0,False,5,522.9,0
ag-03223,2026-03-08T14:40:00,S-106,seminar,south,practice,63.3,51,42,297.1,0.268,4.3,24.5,53.0,697.5,28,53,65.3,False,7,939.5,0
ag-03224,2026-03-12T11:30:00,C-291,seminar,central,exam,37.0,27,26,306.7,0.776,-6.3,24.1,70.4,496.1,42,51,69.3,False,6,535.5,0
ag-03225,2026-03-13T14:15:00,E-205,seminar,east,none,57.6,40,11,427.2,0.78,6.7,19.6,54.0,477.4,77,10,49.6,False,1,589.5,0
ag-03226,2026-02-11T10:00:00,S-205,lab,south,lecture,21.5,22,18,173.2,0.261,-5.4,24.7,69.9,609.7,38,50,57.6,False,5,687.3,0
ag-03227,2026-03-27T14:40:00,C-538,lab,central,lecture,61.1,43,26,363.1,0.301,11.1,22.3,70.2,568.8,86,0,57.4,False,4,556.1,0
ag-03228,2026-03-27T16:50:00,E-262,lecture,east,lecture,92.3,90,56,1004.5,0.728,9.8,23.0,49.1,719.0,6,87,53.3,False,3,1031.8,0
ag-03229,2026-03-21T13:25:00,E-395,lab,east,lecture,33.2,25,23,208.5,0.834,5.1,22.8,63.9,488.3,58,35,64.2,True,1,440.9,0
ag-03230,2026-04-22T11:25:00,W-505,coworking,west,lecture,48.9,36,27,296.1,0.339,13.2,25.0,68.9,569.8,5,79,61.2,False,2,614.7,0
ag-03231,2026-05-07T17:15:00,E-149,seminar,east,lecture,29.0,23,22,158.4,0.147,14.1,26.9,49.0,742.4,75,18,62.3,True,6,927.9,0
ag-03232,2026-05-16T16:20:00,S-174,lecture,south,none,89.7,98,53,363.7,0.1,22.1,23.2,56.0,797.9,36,46,53.6,True,7,1014.5,0
ag-03233,2026-05-05T14:20:00,S-393,seminar,south,practice,50.5,46,35,382.0,0.338,9.8,23.9,59.3,576.1,7,74,54.8,True,4,624.1,0
ag-03234,2026-04-22T11:00:00,C-288,seminar,central,practice,44.0,46,42,299.2,0.246,5.5,26.3,68.4,701.8,11,64,64.3,False,5,780.5,0
ag-03235,2026-04-08T13:40:00,E-357,lecture,east,exam,108.8,81,57,550.4,0.324,18.1,24.6,49.0,977.0,49,44,48.8,False,3,1234.9,1
ag-03236,2026-03-31T10:55:00,W-150,coworking,west,lab,49.5,37,23,324.6,0.489,14.4,25.5,65.5,567.2,43,39,52.6,False,6,721.7,0
ag-03237,2026-02-14T14:40:00,E-562,lecture,east,exam,89.4,84,71,751.9,0.519,-4.1,22.7,58.2,949.8,56,11,57.6,False,5,1102.7,1
ag-03238,2026-05-07T18:55:00,W-460,lab,west,lab,30.7,32,30,389.5,0.708,19.4,23.5,44.8,643.2,60,24,68.9,True,3,676.7,0
ag-03239,2026-05-14T15:00:00,C-338,lecture,central,lecture,116.5,82,60,689.9,0.604,13.5,23.1,42.2,850.0,30,49,60.2,True,7,975.2,0
ag-03240,2026-04-11T12:45:00,N-351,lecture,north,lecture,117.9,112,84,1383.0,0.814,13.5,23.0,60.2,961.2,46,43,55.7,False,3,1279.6,1
ag-03241,2026-03-15T17:30:00,E-540,lecture,east,exam,121.7,120,135,585.4,0.39,2.8,26.2,72.8,1576.6,80,10,74.0,False,2,2027.7,1
ag-03242,2026-03-09T10:10:00,C-548,seminar,central,lecture,22.8,25,18,242.5,0.44,8.4,22.7,60.0,627.9,41,66,45.9,False,6,702.6,0
ag-03243,2026-03-13T17:35:00,E-584,seminar,east,lecture,51.7,43,37,266.4,0.298,3.6,27.2,55.9,673.8,42,50,60.7,False,7,837.6,0
ag-03244,2026-04-05T12:30:00,E-270,lab,east,none,32.7,24,0,177.9,0.772,7.3,19.7,38.8,433.9,90,2,49.3,False,5,391.4,0
ag-03245,2026-04-26T09:45:00,C-580,coworking,central,none,60.8,51,12,287.2,0.327,10.4,26.1,61.3,478.9,13,81,54.6,False,1,603.4,0
ag-03246,2026-04-25T11:40:00,S-284,coworking,south,lab,27.4,27,21,169.1,0.477,15.9,25.9,58.0,507.4,35,66,56.6,False,2,611.0,0
ag-03247,2026-04-07T09:50:00,C-401,seminar,central,practice,79.5,60,32,264.2,0.29,5.1,20.6,36.1,636.1,51,35,48.7,True,5,810.1,0
ag-03248,2026-02-20T18:00:00,C-328,seminar,central,practice,21.4,20,11,192.0,0.577,-5.2,22.7,50.4,590.4,64,29,58.9,False,4,599.9,0
ag-03249,2026-04-12T13:10:00,W-543,lecture,west,practice,156.3,124,109,1404.5,0.548,9.1,24.1,60.0,1246.6,4,89,68.0,False,7,1661.2,1
ag-03250,2026-04-25T15:30:00,C-591,seminar,central,none,51.4,38,1,259.5,0.366,11.0,20.7,46.8,445.3,90,5,45.0,False,5,410.0,0
ag-03251,2026-03-18T10:15:00,E-210,seminar,east,none,86.4,61,8,437.8,0.57,0.9,20.1,57.9,455.5,61,29,46.7,False,4,452.6,0
ag-03252,2026-02-15T13:20:00,S-304,lecture,south,none,69.5,66,9,870.2,0.773,1.0,24.6,54.1,421.8,78,15,46.5,False,5,490.8,0
ag-03253,2026-05-11T10:25:00,C-465,coworking,central,practice,21.7,20,13,187.9,0.346,11.8,23.8,55.3,441.7,11,62,52.7,True,3,494.0,0
ag-03254,2026-04-30T12:35:00,E-459,lecture,east,lecture,56.3,56,29,412.6,0.203,11.6,22.3,54.6,663.8,75,4,53.7,False,6,678.5,0
ag-03255,2026-03-29T17:00:00,S-388,lab,south,lecture,34.8,38,24,435.7,0.59,14.6,24.4,46.7,553.9,55,34,53.0,False,2,461.0,0
ag-03256,2026-04-11T12:45:00,C-411,lecture,central,practice,96.6,87,46,336.5,0.222,12.3,23.0,58.0,841.0,50,32,64.0,False,4,1170.4,1
ag-03257,2026-03-04T18:05:00,N-203,lecture,north,practice,124.1,110,75,691.0,0.229,2.0,20.4,64.3,896.0,8,76,61.0,False,3,1286.9,1
ag-03258,2026-05-11T11:40:00,W-335,lab,west,lecture,42.0,40,45,333.3,0.671,17.0,25.2,71.2,758.1,53,39,64.4,True,2,909.6,0
ag-03259,2026-02-10T17:10:00,S-535,seminar,south,lecture,74.3,55,55,422.8,0.303,4.7,25.1,70.0,869.9,57,45,66.2,True,3,1196.4,1
ag-03260,2026-04-18T08:45:00,N-247,lecture,north,lab,128.7,93,85,626.1,0.144,9.3,23.8,68.2,981.9,12,82,66.7,True,6,1306.4,1
ag-03261,2026-03-08T17:25:00,W-416,lecture,west,practice,144.2,119,56,730.0,0.265,4.1,21.7,51.6,849.2,86,0,54.3,True,4,1046.4,0
ag-03262,2026-04-05T13:40:00,C-557,seminar,central,none,51.2,45,9,304.3,0.57,14.0,23.6,55.9,513.8,30,73,46.9,False,2,550.1,0
ag-03263,2026-04-23T17:50:00,W-260,seminar,west,lecture,50.1,41,26,261.8,0.175,13.4,24.2,47.0,611.8,0,81,63.9,False,3,775.5,0
ag-03264,2026-05-13T10:15:00,E-231,lecture,east,lab,87.7,64,75,456.4,0.171,9.3,23.2,68.5,956.6,28,76,63.7,True,4,1288.0,1
ag-03265,2026-05-12T14:50:00,W-592,seminar,west,none,45.9,45,21,348.2,0.351,22.0,24.1,37.4,558.9,31,60,51.5,True,5,656.0,0
ag-03266,2026-04-20T09:45:00,C-373,seminar,central,lab,45.3,39,22,304.4,0.328,15.4,22.8,36.7,640.0,66,13,51.1,False,5,831.8,0
ag-03267,2026-02-10T18:20:00,S-160,lecture,south,lecture,132.2,112,93,1628.0,0.92,-3.3,22.0,55.9,892.6,64,28,55.2,False,3,1333.4,1
ag-03268,2026-04-16T13:45:00,N-431,lecture,north,none,83.9,77,19,360.2,0.185,21.1,20.6,47.0,604.4,30,54,40.7,False,1,666.3,0
ag-03269,2026-04-08T08:55:00,E-338,coworking,east,lab,44.7,38,27,410.4,0.683,13.0,24.6,46.1,603.4,65,23,71.3,False,3,747.1,0
ag-03270,2026-03-11T13:40:00,C-472,lecture,central,lecture,108.2,84,43,582.7,0.293,3.7,22.8,62.4,715.2,23,63,63.0,False,2,864.6,0
ag-03271,2026-03-22T11:00:00,E-565,lecture,east,lecture,159.1,116,79,801.4,0.576,13.9,24.3,49.3,907.4,30,53,57.2,False,6,1315.2,1
ag-03272,2026-02-28T17:55:00,W-583,lecture,west,lab,76.5,71,66,486.1,0.271,0.4,24.7,63.5,753.5,15,81,62.1,False,1,1197.8,1
ag-03273,2026-04-13T15:35:00,W-233,lecture,west,none,79.0,66,13,312.3,0.374,9.6,20.8,39.2,389.4,0,90,47.4,False,2,523.8,0
ag-03274,2026-04-30T16:00:00,S-587,seminar,south,lab,28.8,23,12,221.7,0.526,18.6,25.2,57.8,681.5,57,36,55.3,False,6,718.2,0
ag-03275,2026-05-17T08:35:00,W-344,lecture,west,practice,85.2,65,71,935.9,0.851,14.2,24.0,67.0,887.6,90,1,69.3,True,6,1267.3,1
ag-03276,2026-05-08T12:30:00,N-514,lecture,north,practice,144.7,102,71,573.8,0.23,15.6,27.5,54.2,1005.5,53,53,49.1,True,7,1414.5,1
ag-03277,2026-05-18T15:25:00,E-360,lecture,east,lab,118.8,92,74,592.5,0.609,16.7,23.5,56.2,798.1,38,53,53.4,True,6,1121.8,1
ag-03278,2026-04-03T11:20:00,W-516,seminar,west,lab,18.2,20,12,170.1,0.421,4.9,23.9,65.7,639.2,71,31,57.4,False,1,652.7,0
ag-03279,2026-05-17T08:40:00,E-540,seminar,east,practice,57.3,60,53,350.6,0.163,11.8,27.5,67.2,883.2,29,79,57.9,True,1,1197.5,1
ag-03280,2026-04-24T08:05:00,W-114,seminar,west,none,61.2,49,6,300.8,0.653,13.6,21.7,49.8,486.0,15,80,45.8,False,3,587.0,0
ag-03281,2026-04-17T08:45:00,C-363,lab,central,practice,21.8,21,16,167.5,0.6,11.5,23.7,48.5,431.4,13,75,58.5,False,5,538.7,0
ag-03282,2026-04-02T16:40:00,C-207,seminar,central,practice,78.5,57,27,824.2,0.847,3.1,21.6,38.0,558.9,45,41,52.5,False,6,654.4,0
ag-03283,2026-02-26T17:45:00,N-322,seminar,north,practice,22.2,21,11,137.3,0.392,-3.7,25.3,51.9,507.9,50,45,58.0,False,1,467.4,0
ag-03284,2026-05-03T18:20:00,S-290,seminar,south,lecture,56.5,62,52,392.7,0.502,11.0,25.0,68.4,675.0,9,89,67.1,True,3,882.8,0
ag-03285,2026-03-07T13:25:00,C-203,lecture,central,practice,141.7,127,82,596.6,0.151,2.2,24.2,56.4,1178.6,63,31,50.2,False,5,1574.8,1
ag-03286,2026-04-11T18:55:00,N-115,seminar,north,lecture,60.4,60,44,199.4,0.099,-4.1,26.2,53.4,865.3,42,39,69.6,False,7,1044.8,0
ag-03287,2026-04-16T17:30:00,W-576,seminar,west,lecture,66.3,51,38,504.6,0.496,15.0,24.0,64.9,712.1,25,58,59.8,False,6,866.5,0
ag-03288,2026-03-17T18:45:00,S-298,lecture,south,practice,106.4,86,70,544.9,0.109,2.5,26.9,52.3,932.5,47,29,59.4,False,2,1139.2,1
ag-03289,2026-05-09T18:05:00,C-382,lab,central,lecture,30.3,24,22,168.6,0.607,13.7,22.3,49.9,676.6,90,0,74.0,True,2,693.7,0
ag-03290,2026-03-14T17:35:00,E-472,seminar,east,practice,83.0,64,32,537.4,0.757,7.1,21.6,46.9,555.8,67,29,48.1,False,6,696.3,0
ag-03291,2026-02-22T09:00:00,E-228,lab,east,lecture,35.5,29,18,213.2,0.542,4.9,23.3,66.4,667.9,70,18,60.2,False,1,736.2,0
ag-03292,2026-03-10T12:10:00,E-386,lecture,east,lecture,121.9,119,93,790.7,0.432,6.1,23.2,50.7,1089.0,41,46,64.9,False,5,1465.0,1
ag-03293,2026-03-04T08:35:00,C-101,lab,central,exam,37.8,33,30,335.4,0.463,8.4,21.3,76.1,601.4,55,31,63.2,True,6,786.4,0
ag-03294,2026-03-02T11:55:00,N-323,seminar,north,none,49.1,44,6,301.0,0.373,10.6,19.9,56.1,638.6,59,33,46.6,False,7,748.6,0
ag-03295,2026-03-12T10:30:00,C-475,lecture,central,exam,147.0,124,96,842.9,0.296,-0.2,24.6,63.8,1143.9,0,85,56.7,False,5,1567.2,1
ag-03296,2026-04-02T10:40:00,S-148,lecture,south,exam,158.4,128,140,942.6,0.259,4.0,24.2,67.7,1450.2,48,46,63.1,True,6,1971.2,1
ag-03297,2026-03-25T12:05:00,C-263,lab,central,lab,18.5,19,14,180.4,0.594,4.0,24.7,55.0,489.9,7,71,70.7,False,1,634.3,0
ag-03298,2026-03-12T17:00:00,S-450,lab,south,lab,29.6,31,22,269.6,0.432,5.6,23.4,57.5,546.9,39,53,52.0,False,7,682.3,0
ag-03299,2026-05-06T17:45:00,N-158,lab,north,practice,42.9,32,29,234.6,0.312,23.7,25.2,46.3,650.5,23,60,70.9,True,7,675.6,0
ag-03300,2026-03-15T10:25:00,W-511,lecture,west,lecture,107.7,88,54,661.5,0.684,-4.0,23.5,62.5,810.2,59,23,54.1,False,6,864.2,0
ag-03301,2026-03-12T17:40:00,E-202,coworking,east,practice,91.0,69,42,409.5,0.323,1.5,24.1,52.8,792.0,57,45,51.4,False,4,892.0,0
ag-03302,2026-05-03T15:15:00,S-399,seminar,south,lecture,29.5,24,18,283.2,0.624,18.5,21.7,74.6,482.8,60,35,57.9,True,2,519.4,0
ag-03303,2026-04-24T15:05:00,W-405,seminar,west,practice,26.7,20,14,76.9,0.187,11.9,26.4,50.4,646.4,59,40,53.2,False,2,634.3,0
ag-03304,2026-03-23T16:10:00,C-493,lecture,central,exam,106.7,80,81,613.4,0.7,6.8,26.1,55.7,1053.4,90,0,61.3,False,1,1409.7,1
ag-03305,2026-02-21T08:40:00,S-520,seminar,south,lecture,72.4,53,45,462.6,0.413,10.8,21.7,74.2,753.4,28,65,60.5,False,7,1037.7,0
ag-03306,2026-02-12T10:10:00,E-431,lecture,east,none,66.3,69,2,647.3,0.346,6.2,22.2,48.1,470.7,17,77,42.4,False,7,355.3,0
ag-03307,2026-04-11T08:40:00,S-179,seminar,south,lab,35.6,25,21,112.8,0.25,14.6,24.5,57.1,592.8,6,81,59.8,False,7,658.8,0
ag-03308,2026-05-09T11:05:00,W-315,lecture,west,practice,109.7,89,57,813.5,0.676,10.9,24.3,51.4,921.8,14,74,56.4,True,7,1138.0,1
ag-03309,2026-04-01T13:25:00,E-404,lecture,east,practice,79.8,79,56,897.8,0.58,10.8,24.6,65.9,741.5,64,34,62.6,False,6,959.6,0
ag-03310,2026-04-08T10:30:00,S-381,lecture,south,exam,75.3,56,55,452.9,0.736,13.9,23.4,60.4,945.4,46,55,68.8,False,2,1163.2,1
ag-03311,2026-02-18T17:20:00,W-349,coworking,west,practice,68.2,51,51,211.2,0.249,-2.5,24.4,73.4,796.5,90,0,66.1,False,1,1098.9,0
ag-03312,2026-03-05T13:05:00,S-361,lecture,south,none,161.3,115,30,898.2,0.602,-0.0,24.4,48.2,456.4,11,72,59.5,False,7,598.8,0
ag-03313,2026-02-09T11:30:00,C-497,seminar,central,exam,71.8,57,55,454.5,0.41,-0.9,22.7,54.2,821.0,8,81,58.2,False,4,943.2,0
ag-03314,2026-05-06T18:10:00,C-455,coworking,central,lab,50.3,50,34,498.8,0.82,22.3,23.3,58.8,642.3,50,43,57.4,True,7,692.7,0
ag-03315,2026-04-23T11:50:00,W-130,lecture,west,lecture,136.0,112,88,1097.6,0.668,12.6,25.4,55.4,893.6,28,50,73.5,False,6,1377.6,1
ag-03316,2026-05-02T11:05:00,S-451,lab,south,lecture,38.8,42,48,564.8,0.732,9.6,23.5,46.3,762.7,8,79,67.7,True,3,978.8,0
ag-03317,2026-03-27T17:35:00,E-450,lecture,east,practice,52.8,57,38,412.7,0.672,3.5,24.5,62.7,680.1,29,58,51.6,False,2,798.5,0
ag-03318,2026-04-10T14:05:00,E-160,coworking,east,lab,56.9,40,29,236.2,0.407,3.3,22.2,57.8,729.4,56,33,56.7,False,7,972.5,0
ag-03319,2026-04-12T12:50:00,E-285,lecture,east,lecture,151.4,111,87,1011.4,0.442,8.8,25.3,63.3,1111.7,57,35,53.5,False,1,1600.4,1
ag-03320,2026-03-31T08:45:00,N-450,seminar,north,lecture,64.1,46,34,545.7,0.593,8.6,21.9,62.6,725.9,50,44,70.8,True,2,975.2,0
ag-03321,2026-02-12T13:00:00,N-435,lab,north,lab,18.7,20,8,141.5,0.315,1.7,23.3,40.7,436.8,25,70,54.4,False,5,443.4,0
ag-03322,2026-03-02T09:40:00,W-199,lab,west,lecture,22.6,21,18,200.7,0.735,6.6,23.1,56.2,408.9,37,38,60.2,False,5,416.5,0
ag-03323,2026-03-22T18:35:00,W-123,lecture,west,none,63.5,69,4,804.3,0.592,6.0,20.6,48.7,380.0,19,63,37.5,False,7,408.1,0
ag-03324,2026-02-11T16:00:00,N-208,coworking,north,practice,50.3,41,34,463.5,0.66,5.1,23.3,47.3,516.0,38,45,68.6,False,5,623.5,0
ag-03325,2026-03-21T10:10:00,C-461,lecture,central,practice,102.5,86,66,709.0,0.303,12.3,23.9,51.4,872.6,34,49,56.3,False,4,1037.4,0
ag-03326,2026-03-02T17:35:00,C-371,lab,central,lecture,33.3,28,15,329.2,0.767,5.4,23.4,64.6,539.0,36,52,57.0,False,1,686.6,0
ag-03327,2026-02-13T12:45:00,E-284,seminar,east,lecture,46.2,42,33,432.3,0.476,-4.6,25.2,64.0,702.8,47,33,63.1,False,7,923.0,0
ag-03328,2026-04-29T17:40:00,S-400,lab,south,lecture,49.7,36,28,290.7,0.432,21.4,24.5,50.9,507.2,36,54,60.9,False,4,602.2,0
ag-03329,2026-03-19T13:05:00,W-154,seminar,west,none,39.1,43,5,350.9,0.326,5.5,22.2,42.1,432.5,54,32,48.2,False,4,458.4,0
ag-03330,2026-02-18T08:25:00,N-237,lecture,north,lecture,122.6,120,78,1063.1,0.443,-1.1,23.8,51.3,792.5,18,68,60.7,False,1,940.2,0
ag-03331,2026-03-09T16:20:00,S-242,coworking,south,lecture,51.7,53,48,461.4,0.291,2.7,22.9,71.0,767.5,20,64,63.4,True,2,1129.2,1
ag-03332,2026-05-09T18:05:00,C-527,lecture,central,lecture,79.6,78,76,511.4,0.388,15.6,24.0,55.2,955.4,73,15,64.4,True,6,1297.3,1
ag-03333,2026-05-18T15:10:00,W-315,lab,west,practice,44.8,32,30,330.7,0.702,9.6,22.9,55.0,460.8,25,66,60.1,True,5,499.7,0
ag-03334,2026-02-28T18:55:00,C-456,seminar,central,practice,30.6,30,17,212.4,0.545,1.8,22.5,69.2,419.5,45,56,57.3,True,3,564.0,0
ag-03335,2026-02-28T18:55:00,N-597,seminar,north,lecture,31.2,29,29,200.0,0.422,7.3,24.2,49.8,715.9,62,27,75.0,False,7,859.9,0
ag-03336,2026-02-25T14:10:00,E-290,seminar,east,lecture,27.2,22,19,173.1,0.348,-1.9,21.0,59.0,607.9,37,56,64.6,False,5,728.0,0
ag-03337,2026-03-23T11:05:00,W-378,seminar,west,lab,42.5,34,20,400.6,0.734,9.8,21.9,62.7,479.1,58,39,54.3,False,2,601.9,0
ag-03338,2026-05-12T11:30:00,E-260,seminar,east,lab,57.2,50,51,396.0,0.389,15.0,23.8,71.3,790.7,39,58,62.7,True,1,1020.9,0
ag-03339,2026-05-19T10:50:00,N-325,seminar,north,none,27.4,21,9,130.8,0.298,19.2,26.2,62.0,416.4,16,76,63.1,True,3,483.2,0
ag-03340,2026-02-19T18:15:00,W-232,seminar,west,practice,78.2,54,21,410.1,0.254,-4.4,23.1,67.6,677.3,52,43,39.7,False,4,780.4,0
ag-03341,2026-04-17T08:00:00,N-535,coworking,north,practice,38.8,39,17,273.5,0.645,10.8,20.4,55.8,529.8,11,72,49.4,False,3,550.4,0
ag-03342,2026-04-03T09:30:00,W-305,coworking,west,practice,29.1,29,22,249.5,0.465,9.9,23.8,59.5,556.2,27,65,61.5,True,4,775.6,0
ag-03343,2026-02-22T13:40:00,N-512,seminar,north,lecture,24.6,27,22,112.1,0.146,0.9,22.8,44.2,549.5,26,61,72.4,False,6,668.3,0
ag-03344,2026-04-05T09:40:00,C-104,coworking,central,practice,80.5,77,67,490.7,0.306,17.5,22.5,59.3,950.5,35,55,60.0,False,1,1244.8,1
ag-03345,2026-05-05T14:55:00,N-150,lab,north,none,39.1,28,11,240.1,0.728,11.8,23.5,55.3,397.7,79,18,51.8,True,6,492.9,0
ag-03346,2026-02-15T13:55:00,N-552,seminar,north,none,78.7,55,1,601.6,0.658,-3.4,20.6,47.4,380.0,7,87,32.7,False,2,444.9,0
ag-03347,2026-05-07T13:15:00,S-237,lecture,south,lab,85.8,65,38,413.7,0.224,13.7,23.3,67.1,744.8,9,65,53.0,True,2,903.2,0
ag-03348,2026-05-03T14:25:00,S-473,seminar,south,practice,55.5,46,33,326.8,0.636,9.3,25.2,60.3,504.9,0,88,60.8,True,4,490.8,0
ag-03349,2026-05-07T11:25:00,S-213,lab,south,lecture,26.1,22,18,132.4,0.611,17.9,27.3,63.3,494.3,37,65,68.5,True,5,589.1,0
ag-03350,2026-03-09T08:25:00,S-198,seminar,south,lecture,46.0,48,38,320.3,0.575,1.5,25.0,50.1,586.1,69,20,63.1,False,7,810.5,0
ag-03351,2026-05-17T15:55:00,N-382,seminar,north,none,41.0,43,10,425.9,0.656,14.6,22.8,42.9,586.5,35,46,44.0,True,6,608.2,0
ag-03352,2026-03-09T16:10:00,E-464,lab,east,lecture,28.1,27,22,249.8,0.412,13.4,23.3,57.6,597.7,6,90,59.1,False,4,761.5,0
ag-03353,2026-05-05T08:35:00,N-133,seminar,north,lecture,48.4,39,37,167.5,0.308,6.9,21.6,61.1,732.1,35,69,62.0,True,4,862.2,0
ag-03354,2026-05-11T18:25:00,W-151,lecture,west,practice,82.6,77,73,570.4,0.165,9.6,22.9,62.8,1036.7,40,67,61.6,True,2,1358.4,1
ag-03355,2026-04-18T11:50:00,W-455,coworking,west,practice,45.6,50,35,184.3,0.153,12.1,22.0,66.6,781.2,38,32,57.3,False,7,930.0,0
ag-03356,2026-02-25T08:10:00,S-154,lecture,south,lab,93.3,89,37,580.0,0.525,-4.4,23.6,48.1,621.9,34,60,58.8,False,1,818.3,0
ag-03357,2026-03-23T10:15:00,S-428,seminar,south,lecture,25.8,27,19,217.1,0.326,16.5,24.2,50.5,591.3,67,28,62.4,False,6,769.1,0
ag-03358,2026-03-15T10:20:00,N-437,seminar,north,none,47.9,34,6,301.3,0.83,5.5,24.7,49.1,380.0,21,56,45.2,False,1,405.4,0
ag-03359,2026-04-26T17:50:00,S-209,seminar,south,exam,74.5,63,74,805.9,0.705,13.4,25.6,67.7,862.7,15,71,70.0,False,6,1090.2,1
ag-03360,2026-04-24T15:40:00,C-446,lecture,central,lecture,133.7,107,74,994.9,0.647,13.8,23.6,62.7,848.0,90,11,56.8,False,4,1097.2,0
ag-03361,2026-05-12T09:25:00,W-361,seminar,west,exam,27.2,25,22,171.8,0.345,13.0,24.8,53.8,684.7,64,28,57.3,True,6,825.7,0
ag-03362,2026-04-29T09:00:00,E-319,coworking,east,exam,88.8,67,57,441.0,0.372,16.1,24.9,76.4,796.6,49,47,67.4,False,2,1087.1,0
ag-03363,2026-02-16T10:20:00,S-520,lecture,south,practice,84.6,61,45,564.9,0.435,-2.2,25.2,51.0,663.1,14,76,63.7,True,1,850.4,0
ag-03364,2026-02-18T16:50:00,N-512,lecture,north,none,119.7,98,31,958.4,0.571,-0.2,22.5,53.5,565.2,25,56,49.0,False,7,724.2,0
ag-03365,2026-05-14T13:55:00,C-243,lecture,central,none,139.2,118,48,1498.2,0.906,12.0,21.3,49.6,737.9,66,14,48.4,True,1,990.2,0
ag-03366,2026-02-16T17:30:00,C-102,lecture,central,lab,96.2,90,69,733.4,0.699,-0.9,23.0,72.5,916.2,31,48,60.7,False,6,1044.2,0
ag-03367,2026-02-13T10:05:00,W-314,lab,west,practice,60.8,42,30,301.1,0.82,4.6,22.9,54.7,561.5,12,90,57.3,False,1,618.0,0
ag-03368,2026-04-25T18:00:00,S-439,lecture,south,practice,122.9,102,65,1040.7,0.923,7.1,21.6,53.6,848.4,63,15,56.4,False,5,1146.6,1
ag-03369,2026-03-20T17:50:00,N-133,lab,north,none,55.9,41,1,229.9,0.451,12.2,21.9,50.5,488.0,67,18,42.2,False,7,644.6,0
ag-03370,2026-05-03T18:00:00,W-261,lab,west,practice,32.9,30,23,240.6,0.221,16.4,26.6,58.4,655.9,75,22,61.2,True,5,917.9,0
ag-03371,2026-05-02T10:45:00,E-542,lecture,east,practice,170.3,127,78,760.0,0.261,15.9,23.9,41.2,751.4,22,70,52.0,True,4,1175.5,1
ag-03372,2026-04-04T18:40:00,S-460,lab,south,lab,48.7,44,35,336.6,0.29,8.4,23.9,55.7,620.7,24,64,66.8,False,6,778.0,0
ag-03373,2026-02-13T13:50:00,N-421,seminar,north,lecture,36.8,32,24,181.6,0.275,9.4,21.3,53.1,669.0,43,59,57.8,False,5,842.2,0
ag-03374,2026-02-27T08:40:00,C-207,coworking,central,none,66.0,50,7,268.1,0.298,0.6,22.2,58.4,520.7,72,23,43.6,False,3,650.6,0
ag-03375,2026-03-12T10:30:00,W-394,lecture,west,lecture,116.7,115,72,823.3,0.586,7.9,21.7,49.0,846.1,27,60,56.7,False,2,1157.7,1
ag-03376,2026-04-11T12:45:00,E-350,coworking,east,lecture,55.3,40,25,411.7,0.676,6.6,24.6,57.5,383.8,0,90,56.0,False,3,435.7,0
ag-03377,2026-03-16T11:30:00,C-521,seminar,central,lecture,25.0,21,17,273.5,0.725,3.5,24.1,56.1,380.0,4,75,55.8,False,5,496.2,0
ag-03378,2026-03-27T10:20:00,E-404,lab,east,lecture,44.7,36,25,438.7,0.677,2.7,22.0,64.3,608.6,79,4,64.1,False,7,647.8,0
ag-03379,2026-03-13T18:55:00,C-390,lab,central,lecture,35.3,26,21,229.4,0.987,0.6,21.9,61.9,455.9,51,30,54.2,False,2,525.0,0
ag-03380,2026-02-14T12:35:00,S-413,lecture,south,lecture,128.1,122,57,1075.0,0.42,0.6,22.5,41.2,911.6,45,51,59.7,False,7,1210.5,1
ag-03381,2026-03-20T08:25:00,E-574,lecture,east,lab,163.0,129,109,1325.8,0.465,10.5,23.2,60.2,1087.1,26,57,60.9,False,3,1398.3,1
ag-03382,2026-02-14T14:50:00,S-577,lecture,south,practice,109.4,94,44,521.9,0.337,-5.2,24.1,62.8,893.4,70,10,53.6,False,1,1133.0,1
ag-03383,2026-04-28T16:30:00,E-240,coworking,east,practice,50.9,51,25,432.0,0.495,9.9,25.9,40.7,720.6,51,42,56.8,False,7,739.8,0
ag-03384,2026-04-20T15:15:00,E-586,coworking,east,lecture,81.2,59,41,529.3,0.621,7.3,23.6,69.3,612.9,55,31,60.3,False,2,721.0,0
ag-03385,2026-04-28T11:05:00,C-248,seminar,central,lecture,44.2,34,29,351.4,0.811,11.0,21.2,52.7,608.3,35,58,68.4,False,7,717.0,0
ag-03386,2026-02-17T13:40:00,W-234,lecture,west,lecture,88.3,92,74,489.0,0.266,-1.2,25.2,57.7,907.7,67,22,69.3,True,2,1383.5,1
ag-03387,2026-03-18T12:00:00,C-428,seminar,central,lecture,20.6,22,18,161.7,0.34,11.0,25.4,66.3,643.6,75,24,67.6,False,4,852.6,0
ag-03388,2026-03-11T11:25:00,S-518,lab,south,none,35.4,29,15,344.6,0.686,2.3,21.3,54.5,483.8,36,52,56.4,False,7,605.1,0
ag-03389,2026-04-27T11:50:00,S-535,seminar,south,practice,58.5,55,20,503.6,0.448,18.4,23.7,31.5,508.7,65,33,53.4,False,7,499.6,0
ag-03390,2026-02-23T08:20:00,W-531,lecture,west,lab,83.8,62,54,452.9,0.675,1.6,21.9,72.6,841.9,44,49,59.5,False,5,1133.5,1
ag-03391,2026-04-27T16:25:00,S-500,lab,south,practice,57.7,42,34,338.9,0.383,16.0,22.1,55.0,710.5,44,42,67.2,False,5,869.0,0
ag-03392,2026-04-01T18:15:00,E-334,lecture,east,none,127.1,117,9,998.6,0.594,6.9,24.3,46.7,435.0,81,0,44.8,False,6,397.4,0
ag-03393,2026-04-18T08:55:00,S-130,lab,south,practice,41.0,31,21,211.0,0.539,20.4,24.8,67.8,653.2,90,2,64.2,True,3,745.3,0
ag-03394,2026-04-25T17:45:00,W-502,lecture,west,lecture,65.5,70,51,517.1,0.61,13.9,25.4,57.8,877.3,84,0,53.1,False,7,1000.8,0
ag-03395,2026-03-31T09:45:00,E-236,lecture,east,lecture,99.6,84,74,647.2,0.311,-0.4,24.4,59.4,1017.0,80,0,58.6,False,7,1440.3,1
ag-03396,2026-03-01T09:15:00,N-562,lab,north,lab,23.7,24,22,170.7,0.45,3.1,20.8,53.6,524.5,55,36,69.2,False,7,647.8,0
ag-03397,2026-02-26T18:50:00,W-590,seminar,west,lab,32.6,29,20,263.5,0.36,-0.1,25.7,72.6,517.1,0,90,55.8,False,7,625.5,0
ag-03398,2026-03-16T08:50:00,C-382,lecture,central,practice,94.1,102,95,1111.3,0.51,7.5,23.3,59.2,1071.0,68,25,64.4,False,5,1332.8,1
ag-03399,2026-02-09T11:15:00,E-355,lecture,east,lab,109.2,90,58,849.5,0.433,3.5,24.0,50.9,716.0,28,68,57.1,False,3,918.8,0
ag-03400,2026-05-06T11:10:00,W-228,seminar,west,lecture,54.9,52,47,334.8,0.276,18.2,24.1,66.7,884.9,45,51,67.0,True,5,1125.3,1
ag-03401,2026-02-10T08:45:00,E-439,lecture,east,practice,126.6,108,74,848.2,0.351,0.5,23.6,57.3,965.0,82,11,63.8,False,5,1320.8,1
ag-03402,2026-04-07T12:40:00,N-414,lab,north,lecture,36.8,27,7,213.6,0.406,9.5,21.7,57.7,557.0,33,63,56.7,False,4,548.1,0
ag-03403,2026-04-22T10:05:00,S-400,lab,south,lecture,34.4,28,19,253.0,1.0,6.8,22.9,58.0,483.2,56,34,58.2,False,4,689.3,0
ag-03404,2026-02-17T12:35:00,S-165,lecture,south,none,87.2,70,1,540.1,0.631,9.1,20.8,41.9,381.3,42,49,44.6,False,2,477.7,0
ag-03405,2026-05-02T12:40:00,S-587,lecture,south,lecture,89.5,87,53,792.5,0.358,19.5,22.3,60.5,888.2,90,4,59.7,True,3,1203.8,1
ag-03406,2026-03-27T16:30:00,C-299,seminar,central,practice,40.8,36,27,340.6,0.75,3.8,25.0,61.9,380.0,7,84,47.8,False,4,479.4,0
ag-03407,2026-03-22T13:20:00,E-248,lecture,east,lecture,143.8,103,60,804.7,0.661,9.6,23.6,44.3,738.9,51,45,54.3,False,4,834.5,0
ag-03408,2026-02-27T12:25:00,S-214,lecture,south,lecture,101.7,94,31,502.5,0.335,3.1,22.9,57.1,619.5,55,41,53.2,False,6,766.0,0
ag-03409,2026-02-11T09:20:00,E-267,lab,east,none,22.8,21,7,192.1,0.474,10.0,20.9,56.1,611.4,82,4,47.9,False,6,609.4,0
ag-03410,2026-03-05T14:45:00,C-445,lecture,central,lecture,66.1,73,64,529.3,0.558,0.3,24.3,59.9,952.5,66,19,64.5,False,6,1173.6,1
ag-03411,2026-05-08T14:40:00,N-288,seminar,north,practice,71.2,50,44,319.2,0.522,19.5,25.6,45.6,702.2,29,56,65.6,True,1,803.2,0
ag-03412,2026-02-23T09:35:00,S-330,lab,south,practice,22.1,18,21,136.5,0.726,2.8,27.3,59.5,470.1,0,90,71.5,False,1,516.2,0
ag-03413,2026-04-07T11:35:00,C-446,coworking,central,lecture,35.6,37,31,301.4,0.459,10.0,21.8,54.6,607.5,59,28,64.0,False,6,676.6,0
ag-03414,2026-05-03T09:35:00,E-491,lecture,east,practice,70.9,60,59,468.8,0.586,15.6,26.0,70.1,827.8,26,72,59.5,True,1,946.9,0
ag-03415,2026-04-02T11:50:00,C-324,lecture,central,none,106.6,110,54,753.9,0.722,1.2,22.5,67.4,672.0,18,66,56.8,False,3,878.6,0
ag-03416,2026-04-18T15:50:00,C-101,seminar,central,lab,37.2,26,18,239.0,0.35,8.8,23.4,52.9,743.3,82,7,58.1,False,7,654.2,0
ag-03417,2026-02-14T16:10:00,N-160,lecture,north,lab,67.5,56,46,566.0,0.498,6.3,25.8,62.8,589.1,7,71,64.1,False,3,669.7,0
ag-03418,2026-05-06T08:35:00,N-482,seminar,north,practice,29.2,21,16,164.3,0.388,8.4,25.3,59.5,544.2,39,47,63.8,True,7,721.7,0
ag-03419,2026-03-30T08:40:00,E-270,lab,east,lecture,43.7,34,39,398.5,0.598,16.8,27.1,74.9,788.6,55,25,75.5,False,5,933.0,0
ag-03420,2026-04-17T09:00:00,C-277,lecture,central,lecture,61.1,55,40,731.0,0.75,7.6,22.4,69.3,716.0,46,35,63.8,False,2,776.5,0
ag-03421,2026-04-08T10:50:00,N-437,lab,north,lecture,28.1,22,18,250.4,0.542,9.7,24.7,64.4,635.8,48,42,61.5,False,5,713.4,0
ag-03422,2026-03-29T14:25:00,E-386,seminar,east,lecture,49.6,45,32,407.4,0.73,-8.2,26.3,60.9,688.7,38,55,62.7,False,4,684.6,0
ag-03423,2026-04-22T16:10:00,S-306,seminar,south,exam,37.5,35,27,276.3,0.466,11.1,22.5,48.4,611.6,84,0,65.6,False,3,639.4,0
ag-03424,2026-02-28T15:55:00,C-277,lecture,central,lab,69.4,56,51,390.0,0.451,7.3,22.8,47.2,751.9,46,56,63.7,False,6,915.1,0
ag-03425,2026-03-20T18:45:00,S-233,lab,south,practice,21.9,18,10,130.4,0.74,4.6,23.5,55.2,380.0,40,45,61.2,False,3,427.1,0
ag-03426,2026-03-23T08:50:00,S-590,lecture,south,practice,117.5,128,38,619.4,0.266,18.2,21.6,40.5,872.0,88,10,48.4,False,2,1166.9,1
ag-03427,2026-03-26T15:55:00,N-548,lecture,north,lecture,162.7,114,89,465.1,0.068,12.4,23.9,40.0,957.6,8,74,53.7,False,6,1333.9,1
ag-03428,2026-03-07T08:10:00,C-302,lecture,central,none,172.4,129,32,1219.3,0.453,8.5,22.8,50.3,471.9,57,33,50.7,False,2,544.7,0
ag-03429,2026-03-10T18:15:00,E-222,lab,east,none,19.4,20,7,110.8,0.549,5.1,22.7,45.6,579.2,48,32,52.8,False,1,760.3,0
ag-03430,2026-03-19T14:25:00,N-314,lecture,north,lab,84.8,91,49,679.3,0.371,1.9,23.9,49.8,812.6,65,24,58.5,False,5,1063.1,0
ag-03431,2026-02-27T10:25:00,S-257,lab,south,none,21.4,23,7,194.0,0.471,-7.7,24.6,46.2,523.0,90,0,48.5,False,4,451.8,0
ag-03432,2026-04-23T17:25:00,E-450,coworking,east,lab,80.3,71,68,460.5,0.406,15.1,25.0,55.9,710.3,5,90,72.4,False,7,1005.7,0
ag-03433,2026-05-11T16:25:00,E-478,lecture,east,practice,79.1,82,70,395.3,0.21,17.8,24.4,53.7,1116.4,62,16,68.1,True,3,1493.0,1
ag-03434,2026-05-04T17:15:00,W-357,seminar,west,practice,52.6,38,21,135.2,0.155,11.8,20.3,67.3,666.9,20,56,57.2,True,6,794.0,0
ag-03435,2026-04-09T16:00:00,C-357,seminar,central,lecture,54.8,58,46,340.6,0.13,7.2,25.6,67.6,835.3,44,46,61.2,False,1,989.8,0
ag-03436,2026-04-12T15:00:00,C-573,lecture,central,lecture,155.0,120,51,573.4,0.38,9.1,26.1,54.4,795.6,32,64,56.7,False,3,959.8,0
ag-03437,2026-02-09T16:05:00,W-105,coworking,west,practice,44.7,47,41,277.5,0.349,-3.3,22.4,61.0,722.4,44,42,61.2,False,3,896.1,0
ag-03438,2026-05-16T15:40:00,N-158,seminar,north,practice,50.4,36,42,253.0,0.324,16.1,25.0,54.5,761.0,36,55,69.1,True,2,920.7,0
ag-03439,2026-03-29T16:35:00,W-586,seminar,west,lecture,44.7,39,41,148.8,0.067,15.3,26.1,66.9,760.2,11,67,66.0,False,5,972.2,0
ag-03440,2026-03-17T17:55:00,C-294,lecture,central,none,86.9,87,26,706.2,0.272,4.0,23.8,43.1,515.9,29,60,46.2,False,3,671.5,0
ag-03441,2026-04-11T12:30:00,W-573,lecture,west,lecture,119.7,119,109,1086.2,0.411,5.3,23.3,58.0,849.9,0,90,68.4,True,5,1535.8,1
ag-03442,2026-04-21T08:15:00,W-145,lab,west,lecture,37.7,34,29,220.8,0.37,10.9,24.7,73.7,729.2,53,25,59.8,True,6,873.0,0
ag-03443,2026-04-28T12:00:00,E-220,coworking,east,lab,50.6,39,23,445.3,0.63,11.2,23.8,44.2,554.5,69,32,58.5,False,2,658.8,0
ag-03444,2026-03-13T10:00:00,N-259,seminar,north,exam,51.4,39,37,196.1,0.443,-0.9,24.1,73.4,737.0,25,56,69.9,False,1,1025.5,0
ag-03445,2026-02-11T08:40:00,W-291,lab,west,lecture,22.2,22,18,112.3,0.433,-5.6,24.3,61.4,419.7,1,90,54.5,False,4,593.1,0
ag-03446,2026-05-11T09:35:00,E-529,lab,east,none,43.9,44,23,356.7,0.693,17.5,23.8,50.9,380.0,9,74,55.9,True,4,591.6,0
ag-03447,2026-05-06T15:20:00,C-541,seminar,central,none,51.1,50,17,354.1,0.257,18.6,23.4,47.5,699.0,72,14,51.5,True,7,880.2,0
ag-03448,2026-02-17T08:00:00,C-208,lecture,central,lab,119.6,100,45,1051.8,0.472,0.0,22.5,50.6,616.3,37,48,58.9,True,4,705.2,0
ag-03449,2026-05-01T13:10:00,C-412,lab,central,practice,30.7,28,23,240.9,0.414,12.4,22.2,54.3,554.0,47,30,51.7,True,3,694.3,0
ag-03450,2026-04-30T09:00:00,S-120,lab,south,lecture,35.2,35,27,276.2,0.657,5.7,24.3,60.7,720.8,44,37,58.9,False,5,876.2,0
ag-03451,2026-02-15T18:30:00,W-524,seminar,west,lecture,66.1,58,57,617.0,0.768,5.4,23.9,84.0,802.6,58,33,64.9,False,5,1008.3,0
ag-03452,2026-04-28T14:35:00,S-113,lab,south,lecture,29.3,23,23,242.2,0.699,18.7,27.5,73.5,398.4,9,90,63.1,False,2,566.3,0
ag-03453,2026-05-03T17:30:00,W-541,lecture,west,none,108.3,78,35,835.5,0.506,17.0,24.9,52.4,826.1,86,1,44.8,True,4,1064.5,0
ag-03454,2026-02-18T10:00:00,S-239,seminar,south,none,21.0,20,4,186.6,0.789,2.1,21.4,66.9,443.4,43,54,55.1,False,2,433.4,0
ag-03455,2026-04-03T18:35:00,W-591,lab,west,none,24.0,18,3,160.0,0.663,5.8,19.0,54.4,380.0,47,36,41.6,False,5,432.1,0
ag-03456,2026-04-06T14:05:00,S-488,lecture,south,lab,109.0,91,67,439.5,0.284,8.8,24.4,35.2,933.4,40,37,62.0,False,5,1134.8,1
ag-03457,2026-04-09T18:35:00,W-557,lecture,west,practice,111.9,79,56,482.6,0.338,-0.4,24.5,67.1,862.0,36,58,68.8,True,5,1046.0,0
ag-03458,2026-05-11T09:25:00,S-515,lab,south,lecture,54.8,39,27,227.0,0.422,21.6,22.2,52.6,554.0,72,17,60.5,True,3,730.9,0
ag-03459,2026-03-12T08:35:00,W-240,coworking,west,practice,88.6,69,39,554.7,0.626,8.8,23.0,59.3,857.0,65,21,54.3,False,6,1068.5,0
ag-03460,2026-02-17T08:30:00,N-505,lab,north,lecture,47.6,39,32,487.5,0.868,3.4,25.1,68.8,619.1,62,27,45.7,False,1,772.3,0
ag-03461,2026-04-19T16:20:00,W-582,lecture,west,none,117.9,96,6,714.5,0.367,5.9,20.3,30.0,636.7,51,44,27.3,False,5,661.4,0
ag-03462,2026-03-29T11:15:00,E-281,lecture,east,practice,53.2,58,33,459.8,0.394,8.1,21.4,51.7,727.9,0,90,61.4,False,6,926.6,0
ag-03463,2026-03-12T10:45:00,S-288,seminar,south,practice,77.1,59,36,313.6,0.258,6.5,26.0,69.8,651.9,16,65,53.9,False,3,851.8,0
ag-03464,2026-05-17T09:50:00,N-530,lab,north,lecture,42.5,34,26,278.3,0.509,16.6,22.0,66.6,523.8,49,47,64.5,True,6,701.2,0
ag-03465,2026-02-21T14:50:00,W-216,lab,west,lecture,55.1,39,33,273.2,0.365,0.4,23.3,62.4,640.5,34,60,63.7,False,7,932.1,0
ag-03466,2026-05-02T17:10:00,C-429,seminar,central,lecture,41.5,36,22,163.9,0.091,21.1,26.0,48.4,684.3,47,44,55.3,True,6,730.6,0
ag-03467,2026-04-04T10:25:00,S-501,lecture,south,lecture,100.1,80,64,459.1,0.479,6.5,25.7,41.8,799.6,57,29,65.1,False,6,1040.1,0
ag-03468,2026-03-25T15:05:00,N-307,lab,north,lab,38.8,27,16,166.5,0.54,10.2,26.0,41.5,380.0,54,37,57.2,False,1,449.7,0
ag-03469,2026-03-23T15:35:00,N-403,lecture,north,none,52.0,56,1,326.2,0.446,4.0,23.6,48.8,435.6,45,56,43.7,False,7,431.1,0
ag-03470,2026-05-05T17:00:00,E-221,lecture,east,none,82.9,71,38,365.6,0.221,19.2,25.3,41.9,566.2,17,68,51.3,True,1,667.0,0
ag-03471,2026-03-18T17:10:00,W-485,lecture,west,none,77.9,65,6,574.2,0.457,10.4,21.6,44.7,398.8,0,80,50.7,False,7,393.7,0
ag-03472,2026-02-27T16:00:00,N-102,seminar,north,lecture,50.9,45,28,277.2,0.411,1.4,23.3,44.5,549.7,67,14,62.7,False,1,678.2,0
ag-03473,2026-03-03T18:15:00,E-446,lecture,east,lecture,163.0,113,89,1320.3,0.762,3.3,21.3,53.5,865.3,0,90,67.6,False,4,1177.2,1
ag-03474,2026-05-10T17:45:00,C-292,lecture,central,lecture,84.1,76,75,399.0,0.374,20.7,24.7,67.5,998.4,72,15,64.5,True,5,1405.3,1
ag-03475,2026-03-03T14:05:00,N-275,seminar,north,practice,44.4,32,20,210.0,0.174,15.5,22.9,51.3,485.5,4,84,51.4,False,1,626.0,0
ag-03476,2026-05-07T12:55:00,N-216,coworking,north,lab,78.6,65,38,341.8,0.331,20.6,22.4,45.7,745.6,70,15,57.6,True,6,763.1,0
ag-03477,2026-03-30T15:25:00,C-176,lab,central,none,20.4,21,9,190.6,0.375,14.7,22.6,60.5,466.4,61,23,58.3,True,6,592.2,0
ag-03478,2026-03-18T10:20:00,S-520,lab,south,none,30.6,25,9,274.2,0.666,11.1,22.4,62.4,380.1,7,77,39.9,False,3,331.9,0
ag-03479,2026-03-01T16:45:00,N-527,lecture,north,lecture,114.0,122,61,676.5,0.48,6.8,23.1,44.8,713.5,0,90,57.4,False,5,955.4,0
ag-03480,2026-05-06T16:20:00,C-550,coworking,central,lecture,93.2,67,57,253.8,0.17,8.3,26.2,59.0,859.5,14,78,62.4,True,1,1096.0,1
ag-03481,2026-03-26T13:50:00,E-316,seminar,east,lab,66.8,48,26,386.2,0.221,-2.5,23.4,49.3,603.9,0,90,47.1,False,7,746.4,0
ag-03482,2026-03-21T18:05:00,W-375,coworking,west,lecture,96.6,69,35,654.0,0.507,6.9,24.3,50.9,496.4,24,71,49.7,False,6,548.2,0
ag-03483,2026-04-11T13:55:00,E-239,lab,east,lecture,41.9,33,22,327.9,0.899,5.3,22.9,58.1,385.3,9,87,52.5,False,7,510.6,0
ag-03484,2026-04-22T11:50:00,W-426,lab,west,lab,47.9,43,18,340.3,0.467,1.4,21.3,46.5,516.4,90,0,50.5,False,7,601.1,0
ag-03485,2026-02-26T17:50:00,S-348,lab,south,lecture,26.1,27,20,346.3,0.8,4.5,24.1,56.6,450.2,12,80,60.5,False,7,486.7,0
ag-03486,2026-03-30T16:30:00,S-201,lab,south,lecture,34.7,37,30,357.8,0.619,6.8,25.1,65.3,543.4,16,62,60.9,False,1,693.3,0
ag-03487,2026-02-23T17:00:00,S-340,lecture,south,lab,139.3,98,94,1272.3,0.782,4.6,24.1,60.0,1139.4,70,27,68.8,False,3,1603.5,1
ag-03488,2026-03-07T08:20:00,S-170,lab,south,practice,35.8,33,28,405.1,0.774,15.0,22.9,57.5,504.1,23,78,65.4,False,6,669.3,0
ag-03489,2026-03-27T16:05:00,C-335,lecture,central,lecture,117.2,86,82,907.6,0.476,11.2,23.8,64.1,945.8,50,50,67.2,False,3,1380.8,1
ag-03490,2026-02-22T17:05:00,E-366,lecture,east,practice,168.0,117,77,777.0,0.634,-3.0,23.7,57.1,1029.6,54,38,60.1,False,3,1258.4,1
ag-03491,2026-04-05T18:20:00,S-326,lecture,south,lecture,66.5,64,42,386.2,0.322,9.9,21.9,56.3,699.3,0,76,55.1,True,1,969.6,0
ag-03492,2026-02-11T09:20:00,C-138,seminar,central,lab,40.5,40,23,194.3,0.344,0.2,22.5,55.4,670.6,33,50,55.3,False,6,583.7,0
ag-03493,2026-05-06T08:30:00,W-464,lab,west,none,27.6,26,1,255.3,0.748,17.6,22.3,18.0,439.0,50,47,42.8,True,3,472.6,0
ag-03494,2026-04-27T18:05:00,N-211,lecture,north,none,126.8,103,5,587.7,0.149,13.4,22.0,43.5,491.2,62,17,35.0,False,1,439.4,0
ag-03495,2026-02-22T09:45:00,C-465,lab,central,practice,37.7,36,23,328.7,0.599,2.1,26.8,62.3,515.7,42,56,60.6,False,5,622.0,0
ag-03496,2026-04-01T09:30:00,S-447,lecture,south,exam,74.9,78,66,615.0,0.84,4.7,22.9,64.9,1060.2,80,2,58.8,True,1,1149.6,1
ag-03497,2026-03-10T11:55:00,W-503,seminar,west,practice,58.3,44,41,230.7,0.365,11.7,25.8,67.7,721.8,41,47,73.0,False,4,928.2,0
ag-03498,2026-03-20T15:00:00,E-156,lecture,east,practice,110.5,96,54,906.6,0.496,9.4,24.2,46.9,806.1,29,53,54.5,False,5,1093.5,0
ag-03499,2026-05-16T11:55:00,C-165,lab,central,practice,39.0,34,34,407.5,0.653,13.5,24.6,73.2,682.6,44,42,71.9,True,2,884.0,0
ag-03500,2026-05-09T14:55:00,N-438,seminar,north,practice,38.7,27,16,148.2,0.345,14.7,23.1,49.2,547.2,0,81,52.0,True,3,611.8,0
ag-03501,2026-03-27T12:50:00,N-228,seminar,north,lecture,21.3,23,17,180.5,0.509,9.6,26.3,69.8,532.3,34,59,59.5,True,5,555.1,0
ag-03502,2026-04-06T08:00:00,W-522,coworking,west,lab,60.4,44,32,366.0,0.559,6.9,22.6,58.5,616.1,0,90,47.5,False,2,875.0,0
ag-03503,2026-04-05T11:55:00,W-211,lab,west,lecture,42.1,38,32,364.9,0.411,10.1,25.7,51.1,638.7,74,13,66.5,False,6,696.7,0
ag-03504,2026-04-10T09:10:00,N-385,seminar,north,lecture,26.8,26,16,252.9,0.49,15.6,22.8,56.0,383.5,0,90,46.5,False,4,568.4,0
ag-03505,2026-03-11T08:10:00,C-193,coworking,central,lecture,81.9,58,34,476.7,0.734,2.4,20.1,59.2,672.6,23,63,63.6,False,3,766.3,0
ag-03506,2026-05-17T09:05:00,S-555,coworking,south,practice,34.4,28,16,279.7,0.518,19.4,24.3,43.2,477.6,48,53,54.2,True,3,521.5,0
ag-03507,2026-03-27T18:50:00,C-241,seminar,central,practice,44.6,35,18,390.9,0.523,18.0,24.7,50.7,552.1,50,36,49.1,False,4,610.9,0
ag-03508,2026-02-26T09:35:00,W-220,coworking,west,practice,38.1,33,19,231.5,0.267,5.1,23.1,57.6,670.3,44,59,56.3,False,7,618.7,0
ag-03509,2026-05-04T17:20:00,N-194,lab,north,lecture,32.2,29,25,159.7,0.347,7.6,24.4,48.8,753.1,73,22,61.9,True,6,920.5,0
ag-03510,2026-04-19T17:50:00,E-126,seminar,east,none,73.8,54,16,335.6,0.346,13.0,23.9,47.0,399.1,0,89,52.9,False,2,489.7,0
ag-03511,2026-05-18T17:45:00,N-473,coworking,north,none,44.5,31,8,163.4,0.469,5.9,23.4,37.5,488.5,55,43,43.8,True,2,583.2,0
ag-03512,2026-04-18T18:20:00,S-359,seminar,south,exam,64.5,48,44,353.3,0.428,15.8,22.6,50.1,682.7,46,40,67.2,False,2,889.5,0
ag-03513,2026-04-04T10:25:00,C-359,lab,central,none,38.8,27,2,314.2,0.882,8.6,22.6,38.3,380.0,35,62,49.7,False,5,361.9,0
ag-03514,2026-05-09T15:20:00,C-170,coworking,central,lecture,76.3,77,68,587.6,0.588,7.2,23.4,85.7,920.1,41,55,69.2,True,1,1179.8,1
ag-03515,2026-03-31T13:00:00,W-392,seminar,west,lecture,34.0,31,17,267.1,0.551,11.5,21.7,59.8,611.2,36,45,58.5,False,3,619.4,0
ag-03516,2026-05-08T17:15:00,E-339,seminar,east,none,58.0,48,23,282.2,0.245,12.1,26.8,44.7,695.8,74,2,50.1,True,7,896.6,0
ag-03517,2026-04-05T10:15:00,S-246,lecture,south,lecture,129.0,112,95,874.8,0.605,18.0,24.3,47.2,974.4,70,32,59.1,False,6,1404.8,1
ag-03518,2026-04-26T10:25:00,W-445,seminar,west,none,65.9,58,10,508.8,0.433,19.5,21.7,54.6,444.5,5,85,46.9,False,2,524.1,0
ag-03519,2026-03-29T18:25:00,C-341,lab,central,none,28.4,26,12,328.5,0.849,4.7,22.7,72.1,380.0,53,48,52.7,False,6,483.3,0
ag-03520,2026-05-13T15:15:00,C-187,seminar,central,lab,59.8,64,48,368.1,0.279,17.5,23.6,56.4,645.2,0,90,58.9,True,6,869.8,0
ag-03521,2026-04-25T10:35:00,C-538,lecture,central,lecture,129.6,125,78,1113.9,0.428,3.1,23.0,56.3,971.9,32,54,60.2,False,1,1197.7,1
ag-03522,2026-05-05T16:35:00,C-259,lab,central,lab,36.8,35,35,315.4,0.322,14.1,22.9,76.3,641.7,2,90,72.2,True,1,817.4,0
ag-03523,2026-04-28T11:45:00,C-574,lecture,central,lecture,119.9,112,77,787.0,0.569,9.8,21.9,50.6,1090.4,80,3,56.0,True,1,1432.3,1
ag-03524,2026-04-05T12:30:00,E-457,lab,east,lab,57.5,44,38,455.7,0.479,7.7,27.0,49.2,634.1,21,59,61.3,False,2,765.5,0
ag-03525,2026-05-14T11:40:00,N-305,lecture,north,lecture,127.4,123,113,1167.1,0.633,13.5,25.9,67.3,1081.1,29,56,63.8,True,7,1587.3,1
ag-03526,2026-04-20T14:10:00,S-235,coworking,south,none,79.4,63,25,558.9,0.343,17.3,25.1,51.9,592.5,28,58,56.0,True,5,742.3,0
ag-03527,2026-02-20T09:25:00,E-164,lab,east,lab,32.6,29,14,237.4,0.334,-2.5,22.6,33.1,553.0,43,41,46.0,False,1,555.9,0
ag-03528,2026-03-03T16:00:00,N-102,seminar,north,practice,87.9,61,58,458.9,0.382,10.2,24.2,44.7,894.5,46,51,57.7,False,1,1238.8,1
ag-03529,2026-02-10T18:05:00,C-347,lab,central,lab,22.0,19,13,275.0,0.981,-1.2,21.8,61.7,598.2,72,29,59.6,False,6,704.5,0
ag-03530,2026-03-06T13:25:00,W-535,seminar,west,practice,50.3,37,18,379.4,0.528,11.8,22.5,59.0,434.2,0,90,63.6,False,1,500.2,0
ag-03531,2026-04-22T18:35:00,W-590,lab,west,lab,35.4,25,21,128.6,0.405,3.2,24.8,60.0,497.8,55,28,65.2,False,1,613.5,0
ag-03532,2026-03-18T18:45:00,W-532,lecture,west,practice,116.8,112,81,1098.2,0.484,2.2,22.1,60.2,960.2,46,33,49.7,False,3,1180.1,1
ag-03533,2026-04-06T17:55:00,S-291,seminar,south,lab,26.7,20,17,180.6,0.616,10.6,23.5,58.2,380.0,10,86,60.5,False,6,528.4,0
ag-03534,2026-02-17T18:25:00,N-275,lecture,north,none,68.2,73,14,765.6,0.613,1.9,23.6,42.7,380.0,0,86,45.9,False,4,458.9,0
ag-03535,2026-04-04T12:30:00,C-561,lecture,central,none,66.7,61,1,630.2,0.442,11.7,21.5,47.1,392.3,18,66,40.6,False,6,329.8,0
ag-03536,2026-05-03T08:35:00,N-118,seminar,north,lecture,70.9,57,37,242.9,0.198,14.7,25.4,58.9,687.3,0,75,63.1,True,6,862.0,0
ag-03537,2026-04-13T15:45:00,N-340,coworking,north,lecture,83.5,63,47,553.8,0.29,17.5,21.7,60.8,711.6,10,82,52.9,False,2,978.7,0
ag-03538,2026-03-23T15:40:00,W-268,lecture,west,lecture,110.7,94,61,764.0,0.479,7.7,22.6,60.4,827.7,29,67,50.8,False,4,1108.2,1
ag-03539,2026-04-14T14:15:00,W-513,lecture,west,exam,157.0,122,137,932.2,0.202,18.4,26.8,69.4,1236.5,16,69,66.6,False,7,1892.6,1
ag-03540,2026-02-11T12:50:00,E-391,coworking,east,none,70.9,60,9,387.1,0.445,-5.8,21.2,60.9,480.0,68,9,42.7,False,3,500.2,0
ag-03541,2026-04-02T10:25:00,E-301,lecture,east,practice,142.1,128,100,1048.7,0.648,12.2,23.6,53.9,1206.6,29,63,55.0,False,6,1494.8,1
ag-03542,2026-02-27T17:20:00,N-434,lecture,north,practice,132.1,101,89,1200.5,0.725,12.5,24.1,60.1,893.9,56,33,61.7,False,1,1265.1,1
ag-03543,2026-04-15T13:35:00,C-502,seminar,central,practice,40.6,43,30,419.7,0.546,6.6,23.4,61.2,593.6,8,74,62.9,False,4,790.1,0
ag-03544,2026-03-18T12:15:00,C-349,lecture,central,lecture,165.2,126,56,859.7,0.473,6.2,22.7,45.6,683.9,56,30,59.8,False,2,924.5,0
ag-03545,2026-04-04T10:25:00,W-191,lab,west,exam,59.7,42,28,517.6,0.719,15.5,24.6,49.2,532.7,8,77,59.5,False,3,698.3,0
ag-03546,2026-03-21T15:50:00,C-442,lecture,central,none,106.5,104,33,927.1,0.403,10.8,23.5,67.3,667.5,79,23,47.1,False,6,686.0,0
ag-03547,2026-02-23T18:55:00,W-238,seminar,west,lab,18.6,20,15,132.9,0.265,-8.1,21.8,49.2,642.6,36,51,52.2,False,7,820.5,0
ag-03548,2026-04-08T12:40:00,N-465,lecture,north,practice,75.3,80,64,871.5,0.766,3.3,27.1,55.7,831.3,11,76,70.6,False,4,1036.7,0
ag-03549,2026-04-22T18:45:00,N-234,lab,north,lecture,21.8,22,20,161.5,0.312,12.4,22.3,72.5,728.3,81,12,62.1,False,5,883.0,0
ag-03550,2026-05-11T11:30:00,N-304,lecture,north,practice,85.6,90,91,560.2,0.377,5.3,27.8,72.0,1246.1,60,30,75.9,True,7,1600.4,1
ag-03551,2026-03-11T15:30:00,S-334,lab,south,none,22.3,20,5,137.1,0.775,5.2,24.4,42.5,380.0,35,55,44.9,False,6,408.7,0
ag-03552,2026-04-05T14:20:00,E-443,coworking,east,exam,59.4,49,45,493.2,0.602,8.1,23.8,62.5,717.6,30,46,59.3,False,5,972.3,0
ag-03553,2026-03-17T14:00:00,W-527,lab,west,lecture,22.3,23,16,188.1,0.769,0.1,23.8,31.9,538.7,41,51,54.2,False,6,630.7,0
ag-03554,2026-02-25T12:20:00,E-217,lecture,east,lecture,115.0,98,50,789.0,0.455,7.8,24.0,46.2,597.2,19,78,52.3,False,6,784.7,0
ag-03555,2026-04-29T17:25:00,N-483,lecture,north,none,115.3,121,45,1069.0,0.544,9.2,22.1,62.2,797.4,58,24,43.6,True,5,948.0,0
ag-03556,2026-03-04T10:00:00,E-431,lab,east,lab,49.1,39,34,423.4,0.568,-1.5,22.0,55.9,567.0,0,77,61.8,True,2,757.5,0
ag-03557,2026-03-13T15:55:00,N-150,lecture,north,none,119.8,103,25,945.1,0.522,7.7,23.5,55.5,616.3,57,28,44.8,False,4,701.6,0
ag-03558,2026-03-23T11:50:00,N-227,coworking,north,lecture,50.7,44,25,503.4,0.622,5.5,20.4,65.7,559.1,43,51,54.3,False,4,721.3,0
ag-03559,2026-05-12T14:20:00,E-338,lecture,east,none,79.8,57,24,438.9,0.379,17.0,23.0,47.5,594.7,0,90,45.1,True,4,653.5,0
ag-03560,2026-04-28T09:30:00,E-122,lab,east,lecture,43.7,42,36,376.9,0.413,10.3,26.7,50.2,667.6,49,43,56.5,False,2,801.4,0
ag-03561,2026-02-22T14:40:00,W-377,seminar,west,lab,27.2,28,24,325.1,0.645,3.3,22.8,51.9,576.2,62,23,62.2,False,4,654.7,0
ag-03562,2026-04-02T13:45:00,E-414,lecture,east,none,67.8,68,8,526.1,0.355,11.2,23.5,53.3,396.2,24,65,34.6,False,4,396.8,0
ag-03563,2026-04-23T09:40:00,N-236,lab,north,lab,61.6,44,31,703.9,1.0,6.0,25.2,56.8,466.0,0,80,58.1,False,6,656.0,0
ag-03564,2026-03-17T18:05:00,S-501,lab,south,none,45.1,32,5,325.5,0.746,-0.9,21.5,43.5,380.0,0,86,53.3,False,5,385.3,0
ag-03565,2026-03-29T12:35:00,C-508,lecture,central,lab,107.2,101,101,1102.0,0.787,11.6,26.5,61.0,958.7,27,55,64.9,False,4,1442.7,1
ag-03566,2026-02-25T13:50:00,E-136,coworking,east,none,77.3,56,15,336.1,0.585,9.1,22.2,38.7,521.6,23,70,41.6,False,4,591.3,0
ag-03567,2026-02-21T13:30:00,C-546,lab,central,none,29.1,26,1,236.8,0.516,1.5,23.7,50.9,447.5,48,46,43.4,False,2,544.1,0
ag-03568,2026-03-07T12:55:00,N-283,lecture,north,lab,64.8,70,54,417.2,0.384,6.5,24.4,61.8,838.3,43,32,60.6,False,1,1152.5,1
ag-03569,2026-03-10T10:50:00,C-151,lab,central,lecture,30.8,24,24,191.5,0.82,11.7,23.0,51.2,418.2,23,68,66.2,False,4,515.2,0
ag-03570,2026-05-13T11:20:00,S-182,lecture,south,exam,119.8,96,106,1252.9,0.829,17.2,25.7,72.5,1272.9,51,38,58.0,True,7,1733.4,1
ag-03571,2026-04-10T14:55:00,E-366,seminar,east,none,58.0,43,15,340.8,0.735,10.0,21.3,50.9,461.7,10,75,42.1,False,3,584.2,0
ag-03572,2026-02-11T16:40:00,W-525,lab,west,practice,22.7,18,15,217.0,0.863,3.6,21.4,79.2,496.7,90,0,70.3,False,2,482.4,0
ag-03573,2026-04-30T15:20:00,C-455,seminar,central,practice,57.4,54,38,470.1,0.473,5.8,26.6,47.0,704.3,75,8,60.7,False,2,787.6,0
ag-03574,2026-04-09T09:05:00,E-215,seminar,east,lab,58.1,43,40,234.6,0.44,5.3,22.7,65.0,448.6,0,90,54.9,True,2,598.6,0
ag-03575,2026-03-30T18:05:00,W-372,lecture,west,practice,130.0,112,79,908.0,0.259,6.7,22.8,52.8,991.3,73,4,59.3,True,1,1238.9,1
ag-03576,2026-03-08T10:55:00,E-376,seminar,east,lab,56.0,42,41,301.9,0.393,11.7,23.7,88.0,748.7,71,26,65.5,False,1,892.9,0
ag-03577,2026-03-17T16:15:00,W-164,lab,west,exam,26.1,29,28,448.5,0.997,16.0,23.5,62.4,627.3,30,64,65.3,False,4,824.3,0
ag-03578,2026-03-29T18:00:00,E-398,lab,east,none,28.4,23,13,280.5,0.695,12.6,21.9,60.5,430.0,42,56,52.7,False,5,478.4,0
ag-03579,2026-04-05T10:35:00,C-403,coworking,central,lecture,53.6,57,61,518.8,0.431,13.0,24.7,55.5,679.6,0,90,72.5,False,5,1012.7,0
ag-03580,2026-03-17T12:35:00,W-428,coworking,west,lab,76.5,60,36,402.8,0.166,-0.1,24.8,61.1,787.2,90,0,58.2,False,5,882.8,0
ag-03581,2026-02-16T13:35:00,C-531,lab,central,lecture,39.0,37,27,344.4,0.764,-0.6,22.5,44.1,658.2,54,39,61.0,False,5,800.4,0
ag-03582,2026-03-21T18:15:00,N-384,lecture,north,practice,123.1,113,77,856.3,0.444,5.4,25.6,61.5,888.2,0,90,61.5,False,4,1194.5,1
ag-03583,2026-03-18T11:00:00,C-194,seminar,central,exam,83.3,58,39,563.2,0.524,4.4,26.2,63.2,829.7,70,18,54.1,False,7,928.4,0
ag-03584,2026-05-15T10:45:00,S-280,lecture,south,lecture,105.8,107,95,906.9,0.29,16.3,25.1,68.2,1144.2,49,42,62.1,True,1,1592.2,1
ag-03585,2026-05-15T16:15:00,E-506,lecture,east,lecture,161.1,122,97,1137.0,0.607,16.7,25.0,43.3,929.9,28,63,61.9,True,7,1218.3,1
ag-03586,2026-03-24T18:50:00,C-229,lecture,central,lecture,85.6,85,76,497.7,0.083,12.8,22.5,44.8,1173.7,37,40,70.2,False,2,1597.4,1
ag-03587,2026-05-03T13:45:00,E-503,seminar,east,practice,32.4,27,21,215.0,0.393,12.9,24.3,54.2,617.2,29,52,61.7,True,7,844.8,0
ag-03588,2026-03-13T10:25:00,W-174,lecture,west,lecture,104.0,87,43,534.9,0.498,2.4,23.5,52.6,695.8,49,39,51.9,False,5,856.9,0
ag-03589,2026-03-17T12:10:00,E-269,lecture,east,lecture,141.9,106,67,537.0,0.358,6.0,24.7,53.2,1086.1,90,6,55.5,False,6,1272.5,1
ag-03590,2026-02-28T08:10:00,E-250,seminar,east,practice,66.2,64,42,627.2,0.473,9.0,24.5,43.8,744.2,31,66,50.0,False,1,1012.6,0
ag-03591,2026-02-24T13:50:00,W-563,lab,west,lecture,27.9,22,16,107.9,0.306,5.5,23.9,55.8,568.5,30,60,59.5,False,1,728.9,0
ag-03592,2026-04-10T08:30:00,S-592,lecture,south,lab,93.9,81,72,743.6,0.605,13.7,23.3,63.6,981.7,71,22,60.2,False,2,1409.6,1
ag-03593,2026-05-18T08:35:00,S-253,lecture,south,practice,100.1,76,55,728.0,0.573,16.7,22.8,54.0,830.7,47,39,54.8,True,5,1062.9,0
ag-03594,2026-04-05T09:10:00,E-470,seminar,east,none,27.3,22,3,168.1,0.772,-1.0,20.8,62.9,380.0,41,29,45.9,False,4,438.2,0
ag-03595,2026-02-15T16:55:00,C-343,lecture,central,lecture,110.6,97,66,465.2,0.263,0.6,24.4,66.9,938.0,56,38,59.2,False,4,1241.5,1
ag-03596,2026-03-23T16:00:00,E-571,coworking,east,lecture,99.1,77,80,596.3,0.456,4.9,24.6,70.6,940.1,43,57,65.2,False,7,1313.7,1
ag-03597,2026-04-29T17:15:00,E-238,seminar,east,practice,80.8,59,38,674.4,0.626,14.1,23.4,44.8,503.4,14,82,67.4,False,1,654.9,0
ag-03598,2026-02-22T09:40:00,N-124,lecture,north,practice,125.0,116,67,933.0,0.559,-0.9,22.1,65.9,935.4,90,9,61.8,False,1,1153.9,1
ag-03599,2026-04-13T14:20:00,C-228,seminar,central,practice,34.7,33,20,333.0,0.534,11.5,23.9,62.5,528.6,37,61,54.2,False,4,573.1,0
ag-03600,2026-05-06T17:00:00,E-222,seminar,east,none,36.9,31,9,332.7,0.585,5.5,24.2,45.7,401.1,22,55,52.7,True,4,336.3,0
ag-03601,2026-02-11T08:50:00,E-268,coworking,east,lecture,77.6,65,43,447.4,0.348,7.6,23.7,49.5,786.7,32,59,56.1,False,5,947.2,0
ag-03602,2026-05-10T15:10:00,S-292,coworking,south,practice,76.4,77,54,398.2,0.169,18.4,23.3,63.2,927.1,82,7,66.8,True,5,1125.0,1
ag-03603,2026-03-28T08:45:00,N-201,coworking,north,practice,58.8,44,42,506.2,0.675,-2.0,23.9,74.5,574.7,40,42,62.2,True,6,712.5,0
ag-03604,2026-05-15T17:10:00,E-370,lecture,east,none,74.8,59,28,813.3,0.77,10.5,23.3,36.8,426.3,0,90,45.7,True,1,535.9,0
ag-03605,2026-03-21T12:50:00,S-165,lecture,south,lecture,131.4,129,103,555.5,0.112,8.8,23.5,57.8,1295.6,41,56,69.8,False,1,1876.4,1
ag-03606,2026-04-18T13:05:00,E-423,lecture,east,lecture,130.1,112,65,1075.2,0.565,16.8,23.1,53.0,694.1,36,55,63.6,False,3,1020.5,0
ag-03607,2026-02-16T09:40:00,C-362,lecture,central,lecture,97.4,70,44,558.6,0.218,-2.8,23.0,52.9,788.3,43,47,59.4,False,2,1071.5,0
ag-03608,2026-03-31T11:15:00,W-391,seminar,west,lecture,67.3,64,50,374.5,0.378,12.0,25.6,68.6,703.4,38,47,67.3,False,7,940.6,0
ag-03609,2026-04-11T11:20:00,E-231,lecture,east,exam,137.5,99,108,708.3,0.857,-2.1,24.8,69.1,1192.5,81,0,62.5,False,7,1666.7,1
ag-03610,2026-02-15T14:30:00,E-438,lab,east,none,37.0,26,11,189.4,0.459,-1.8,22.3,52.8,575.7,40,57,48.4,False,6,668.6,0
ag-03611,2026-05-19T16:20:00,C-190,lecture,central,lecture,163.8,125,91,884.4,0.608,13.1,22.9,52.1,961.8,50,34,49.3,True,5,1371.5,1
ag-03612,2026-03-03T11:45:00,N-222,lecture,north,lecture,97.9,86,75,704.9,0.463,-0.7,24.0,55.4,849.2,29,57,60.4,False,4,1099.6,0
ag-03613,2026-02-28T16:20:00,S-523,seminar,south,practice,41.0,38,25,282.6,0.379,-3.8,25.2,66.3,720.1,90,17,52.7,False,2,930.3,0
ag-03614,2026-03-07T09:25:00,N-453,lab,north,lab,36.3,26,17,388.2,0.992,4.9,20.9,56.2,380.0,47,39,56.6,False,3,441.9,0
ag-03615,2026-03-30T08:45:00,C-412,coworking,central,practice,42.1,32,27,186.2,0.241,4.2,24.5,61.4,663.9,90,0,54.6,False,1,734.0,0
ag-03616,2026-03-28T09:05:00,W-410,seminar,west,practice,27.3,29,19,117.6,0.24,-2.1,25.2,79.5,524.9,32,54,57.6,False,3,544.4,0
ag-03617,2026-04-13T10:05:00,C-190,coworking,central,practice,83.7,64,39,661.5,0.606,4.2,23.6,51.3,632.7,46,41,53.5,False,2,798.2,0
ag-03618,2026-04-28T14:25:00,N-231,seminar,north,lab,52.7,58,55,428.4,0.333,9.9,22.9,68.8,905.3,51,45,62.0,False,1,1140.2,1
ag-03619,2026-04-11T16:35:00,C-478,lab,central,none,17.7,18,3,143.4,0.748,13.5,20.6,49.4,380.0,48,27,41.3,False,3,470.3,0
ag-03620,2026-04-26T17:00:00,S-365,lecture,south,practice,176.4,126,83,1302.0,0.48,14.4,25.3,68.7,825.0,14,57,57.2,False,5,1228.7,1
ag-03621,2026-04-25T10:20:00,N-472,seminar,north,none,33.3,27,15,200.2,0.419,21.4,24.1,62.4,548.7,29,66,56.4,False,6,649.3,0
ag-03622,2026-04-12T12:15:00,N-173,seminar,north,lecture,31.4,27,19,185.0,0.682,14.7,23.5,48.5,451.9,8,81,62.3,False,6,520.9,0
ag-03623,2026-05-03T08:10:00,N-564,seminar,north,practice,42.2,30,31,149.1,0.224,16.1,25.9,67.1,614.8,38,51,62.9,True,6,731.0,0
ag-03624,2026-03-02T17:20:00,S-445,lab,south,practice,36.6,28,16,262.5,0.914,10.2,20.0,64.0,380.0,0,87,50.4,False,3,441.9,0
ag-03625,2026-03-09T17:50:00,E-440,lecture,east,practice,139.8,108,96,811.2,0.341,-1.6,24.3,59.6,1222.7,90,1,60.3,False,3,1577.4,1
ag-03626,2026-04-16T14:10:00,C-522,lecture,central,lecture,72.4,56,53,389.8,0.568,12.2,23.4,65.3,727.5,33,52,63.7,False,5,897.6,0
ag-03627,2026-05-04T13:25:00,S-465,lecture,south,none,60.8,66,18,573.8,0.445,4.9,24.2,50.6,587.9,80,12,57.3,True,5,680.4,0
ag-03628,2026-04-24T08:50:00,S-219,lecture,south,lab,132.3,108,87,648.9,0.528,20.1,22.4,58.8,1163.7,73,8,52.5,True,7,1560.7,1
ag-03629,2026-03-02T15:00:00,W-181,lecture,west,lab,116.1,113,89,1257.6,0.871,9.0,24.6,56.8,949.6,41,47,61.3,False,4,1364.6,1
ag-03630,2026-02-27T11:15:00,S-483,lecture,south,lab,85.0,84,57,717.6,0.694,0.5,25.0,59.4,668.7,26,60,60.4,False,4,1008.1,0
ag-03631,2026-04-09T09:50:00,N-288,lecture,north,lecture,111.6,101,73,952.6,0.603,12.1,25.6,69.8,782.9,25,65,61.5,False,2,949.5,0
ag-03632,2026-02-24T13:25:00,C-172,seminar,central,practice,51.0,40,31,441.2,0.594,-7.7,22.8,64.4,603.0,23,71,56.2,False,7,776.4,0
ag-03633,2026-02-20T14:50:00,S-318,lecture,south,lab,72.5,70,52,327.7,0.261,4.3,22.3,75.4,809.3,64,22,51.0,False,3,979.4,0
ag-03634,2026-03-24T15:40:00,E-118,lab,east,lecture,26.5,23,24,334.7,0.858,14.9,23.4,50.3,539.9,18,71,65.0,False,4,665.3,0
ag-03635,2026-04-15T13:50:00,E-503,lab,east,practice,49.1,38,28,363.4,0.68,15.7,25.0,58.1,531.6,31,50,60.9,True,1,480.3,0
ag-03636,2026-04-02T11:15:00,S-375,lecture,south,lecture,106.1,80,65,488.0,0.324,0.6,22.7,72.0,925.9,8,89,65.3,False,4,1293.4,1
ag-03637,2026-05-11T15:00:00,W-206,lecture,west,lecture,79.2,60,61,455.5,0.542,13.2,22.3,68.4,858.3,38,35,58.3,True,5,1074.9,0
ag-03638,2026-05-12T12:00:00,N-105,lab,north,lecture,34.3,30,26,193.6,0.461,7.4,24.1,56.6,728.7,78,21,73.1,True,2,950.9,0
ag-03639,2026-02-22T17:55:00,C-544,coworking,central,practice,45.7,48,50,393.6,0.66,3.4,26.1,62.8,797.8,18,77,66.6,False,3,924.2,0
ag-03640,2026-02-22T11:45:00,N-474,lecture,north,practice,98.7,104,67,776.6,0.64,-7.6,20.7,58.8,732.7,22,69,49.8,False,6,899.2,0
ag-03641,2026-05-09T08:05:00,W-114,seminar,west,lecture,73.3,52,39,543.3,0.535,17.3,22.7,49.3,785.5,52,35,54.6,True,3,814.0,0
ag-03642,2026-05-09T12:35:00,E-329,lecture,east,practice,123.8,100,69,709.1,0.406,11.7,25.3,48.9,1042.6,29,55,60.8,True,2,1319.6,1
ag-03643,2026-04-27T10:50:00,C-102,lecture,central,lecture,68.5,55,39,328.5,0.353,4.1,24.1,59.5,680.6,36,61,66.7,False,5,844.1,0
ag-03644,2026-05-14T09:10:00,E-242,coworking,east,none,44.8,40,12,354.3,0.359,12.0,22.0,40.7,520.5,7,85,49.6,True,7,469.4,0
ag-03645,2026-05-12T16:55:00,S-132,lecture,south,lab,92.6,83,60,726.0,0.438,9.9,23.7,59.6,908.0,61,37,57.7,True,4,1160.1,1
ag-03646,2026-03-17T10:20:00,W-366,lab,west,practice,38.0,29,20,320.4,0.883,1.2,21.8,61.9,380.0,56,29,60.3,False,4,556.6,0
ag-03647,2026-04-25T13:25:00,W-183,lecture,west,lecture,59.0,65,45,318.5,0.127,21.7,24.7,47.0,736.4,1,90,57.3,False,5,953.5,0
ag-03648,2026-03-21T12:20:00,C-538,lecture,central,practice,93.0,100,58,555.8,0.293,7.2,26.4,58.5,943.6,89,8,59.4,False,2,1134.3,1
ag-03649,2026-04-10T13:55:00,E-493,seminar,east,exam,73.2,52,29,404.8,0.552,6.9,25.3,60.7,680.9,42,64,55.1,False,4,827.5,0
ag-03650,2026-02-14T18:25:00,W-519,lecture,west,lecture,82.0,76,45,928.8,0.691,-1.4,23.0,69.5,717.6,65,14,64.3,False,2,833.0,0
ag-03651,2026-02-20T18:05:00,W-127,lecture,west,lab,109.5,109,62,806.8,0.309,0.3,22.8,57.0,916.5,61,47,56.1,False,7,1222.0,1
ag-03652,2026-04-11T08:05:00,W-219,lab,west,lecture,24.2,18,15,133.3,0.476,11.3,23.1,67.1,680.0,55,24,64.5,False,5,813.1,0
ag-03653,2026-02-26T16:25:00,W-500,seminar,west,lecture,39.2,31,24,326.2,0.518,6.4,23.7,56.5,478.7,3,83,58.1,False,6,599.8,0
ag-03654,2026-02-09T12:35:00,C-530,lab,central,lecture,41.9,44,25,275.4,0.655,-9.7,22.1,39.3,537.1,17,84,52.6,True,4,518.4,0
ag-03655,2026-03-17T12:45:00,E-156,lecture,east,lab,112.1,123,107,796.2,0.304,6.0,24.9,61.2,1248.7,25,59,62.8,False,1,1754.6,1
ag-03656,2026-05-12T13:10:00,N-188,lecture,north,exam,94.0,70,58,672.3,0.382,12.4,25.5,64.3,717.9,0,88,74.8,True,5,944.5,0
ag-03657,2026-05-01T14:35:00,E-451,seminar,east,lecture,44.9,38,27,188.7,0.294,15.4,23.4,59.2,646.6,58,33,51.3,True,7,927.9,0
ag-03658,2026-04-20T10:25:00,W-471,lecture,west,exam,149.5,119,101,825.3,0.448,9.0,22.0,64.4,974.5,28,70,55.9,False,4,1333.1,1
ag-03659,2026-02-26T08:45:00,N-443,seminar,north,exam,57.9,40,40,244.5,0.586,11.0,26.3,64.6,795.2,66,11,66.6,False,4,916.9,0
ag-03660,2026-05-03T14:35:00,E-269,lecture,east,none,91.0,94,17,612.4,0.208,12.0,24.4,50.1,584.9,58,17,46.7,True,6,769.5,0
ag-03661,2026-02-21T11:25:00,N-157,lecture,north,exam,80.0,71,61,707.0,0.487,0.5,24.7,72.4,918.8,22,82,71.8,False,2,1267.2,1
ag-03662,2026-04-16T15:10:00,W-460,lecture,west,lab,162.7,113,95,972.6,0.356,4.6,21.6,72.5,1046.8,11,66,60.5,True,6,1410.1,1
ag-03663,2026-03-05T09:35:00,N-446,seminar,north,lab,54.7,47,38,360.6,0.56,9.8,20.4,61.3,723.8,86,4,68.0,False,3,953.7,0
ag-03664,2026-04-25T12:45:00,S-170,lab,south,lecture,24.3,27,20,302.3,0.57,20.3,25.4,52.9,535.9,35,41,62.9,True,6,664.4,0
ag-03665,2026-04-03T12:15:00,C-585,lecture,central,practice,143.9,109,61,1044.8,0.613,5.1,21.8,65.0,818.4,7,76,58.5,False,3,1118.0,1
ag-03666,2026-05-01T11:45:00,C-129,seminar,central,lab,40.8,36,19,339.6,0.604,18.0,21.4,59.5,471.2,56,27,57.5,True,1,592.9,0
ag-03667,2026-03-15T16:55:00,E-141,seminar,east,lab,28.0,25,16,232.4,0.427,-0.6,22.8,55.1,525.0,16,74,57.4,False,5,573.5,0
ag-03668,2026-04-12T14:45:00,N-184,coworking,north,lecture,30.3,23,15,186.7,0.73,20.9,21.0,64.0,462.8,42,55,52.2,False,1,614.4,0
ag-03669,2026-02-11T08:15:00,S-565,seminar,south,practice,68.0,64,47,678.0,0.769,4.5,24.2,66.8,799.9,39,53,56.8,False,6,1015.0,0
ag-03670,2026-03-12T18:40:00,N-263,lecture,north,lecture,79.7,77,53,515.4,0.604,6.9,23.0,46.9,785.7,72,12,52.1,False,3,1010.7,0
ag-03671,2026-04-01T13:20:00,N-336,lecture,north,exam,66.4,63,39,592.5,0.573,15.6,22.8,61.0,824.8,77,15,53.7,False,6,1019.8,0
ag-03672,2026-02-14T13:10:00,C-380,seminar,central,lecture,54.9,44,30,423.4,0.677,-0.9,20.4,53.8,683.1,47,50,58.6,False,4,933.9,0
ag-03673,2026-05-07T17:20:00,S-209,lecture,south,practice,71.7,56,46,442.1,0.341,16.9,23.8,63.7,797.9,27,54,67.2,True,4,941.3,0
ag-03674,2026-03-28T15:50:00,E-236,coworking,east,lab,62.8,50,39,189.2,0.095,0.0,24.5,64.5,894.8,29,59,53.8,False,5,984.4,0
ag-03675,2026-05-04T17:05:00,E-425,lecture,east,lecture,120.6,121,100,916.8,0.495,14.8,24.2,56.4,1296.9,90,0,64.2,True,1,1830.1,1
ag-03676,2026-04-29T16:05:00,S-400,lab,south,lecture,24.5,27,24,302.4,0.595,14.2,22.0,58.3,667.5,59,23,68.9,False,2,748.0,0
ag-03677,2026-04-25T12:55:00,C-154,lecture,central,lecture,115.4,126,91,951.4,0.418,16.7,23.8,69.1,1192.5,66,21,65.4,False,5,1694.3,1
ag-03678,2026-03-29T18:15:00,N-301,seminar,north,lecture,32.1,25,15,93.3,0.076,16.4,22.3,62.5,521.7,0,85,58.9,True,7,572.3,0
ag-03679,2026-04-10T13:45:00,W-454,lecture,west,none,103.5,100,14,1118.1,0.594,8.1,23.4,48.8,560.0,57,23,44.9,False,1,604.7,0
ag-03680,2026-03-29T14:35:00,W-112,lab,west,lecture,43.4,31,23,263.7,0.34,7.1,24.9,55.7,471.4,3,89,59.3,False,5,569.2,0
ag-03681,2026-03-06T15:10:00,N-121,seminar,north,practice,33.7,33,20,173.2,0.206,13.1,23.8,52.1,624.0,15,64,53.7,False,3,762.0,0
ag-03682,2026-03-31T16:20:00,N-410,lecture,north,practice,72.4,57,55,444.5,0.436,9.0,21.3,64.2,764.4,53,40,61.8,False,6,1019.0,0
ag-03683,2026-04-15T17:50:00,W-512,coworking,west,none,41.2,29,9,258.5,0.379,10.2,23.7,43.9,585.0,87,7,48.1,False,4,724.5,0
ag-03684,2026-03-03T18:35:00,C-122,seminar,central,exam,27.0,20,18,178.1,0.418,7.4,25.0,62.7,511.1,65,42,69.4,True,4,621.2,0
ag-03685,2026-05-11T16:05:00,N-421,lecture,north,lab,146.2,107,82,799.7,0.379,10.9,19.5,69.6,981.5,9,90,57.7,True,3,1348.6,1
ag-03686,2026-02-22T18:55:00,S-189,coworking,south,lecture,58.7,49,36,360.8,0.344,1.0,25.1,57.2,539.5,18,70,62.5,False,2,772.0,0
ag-03687,2026-03-26T17:50:00,S-263,lecture,south,lab,106.3,81,61,376.1,0.24,7.7,22.8,68.1,832.1,74,0,56.2,False,4,1022.2,0
ag-03688,2026-05-13T13:15:00,S-275,lecture,south,exam,126.8,114,113,824.2,0.274,20.2,22.3,61.8,1053.2,18,68,58.8,True,4,1397.9,1
ag-03689,2026-05-15T11:35:00,N-523,seminar,north,practice,79.4,58,34,406.1,0.38,18.7,22.9,68.0,661.0,22,61,56.9,True,6,792.2,0
ag-03690,2026-02-09T16:20:00,E-512,lecture,east,practice,147.7,113,87,590.7,0.348,10.1,25.4,62.3,1173.8,44,57,63.5,False,6,1603.3,1
ag-03691,2026-04-23T14:20:00,S-364,lecture,south,lecture,115.8,112,71,1004.9,0.668,16.7,23.6,51.3,823.3,60,30,55.3,False,4,1069.6,0
ag-03692,2026-02-18T13:50:00,W-440,seminar,west,lab,67.5,55,34,265.0,0.385,-0.8,23.4,53.9,619.0,53,41,64.6,False,2,811.3,0
ag-03693,2026-03-01T12:45:00,W-494,lab,west,lab,45.7,43,27,357.4,0.582,4.2,23.6,57.2,677.9,71,25,53.8,False,4,781.9,0
ag-03694,2026-05-15T08:50:00,E-237,coworking,east,lab,26.1,28,22,335.3,0.605,7.6,23.8,45.4,507.1,45,43,63.7,True,3,552.9,0
ag-03695,2026-05-06T08:30:00,N-391,seminar,north,lab,81.7,62,44,595.5,0.496,13.2,25.7,56.7,838.9,48,48,58.4,True,6,1112.3,1
ag-03696,2026-02-20T11:15:00,N-439,lab,north,lecture,37.5,34,38,226.4,0.491,0.6,26.9,61.8,662.4,35,54,59.0,False,7,870.8,0
ag-03697,2026-02-28T16:20:00,C-103,lab,central,exam,36.2,32,33,206.7,0.581,7.5,23.5,75.0,635.6,52,46,63.5,True,5,881.5,0
ag-03698,2026-03-03T16:20:00,E-325,lab,east,exam,34.9,29,27,419.2,0.861,-5.0,24.3,47.0,538.6,39,45,67.3,False,7,808.3,0
ag-03699,2026-02-10T15:50:00,W-184,seminar,west,lab,60.3,54,32,490.4,0.336,3.2,24.6,42.7,669.9,46,71,62.4,False,1,772.4,0
ag-03700,2026-05-06T10:55:00,N-517,seminar,north,none,66.8,54,10,328.9,0.237,17.3,23.1,42.6,568.0,54,40,44.0,True,2,661.5,0
ag-03701,2026-02-16T16:20:00,S-232,lecture,south,lab,117.0,95,61,599.0,0.307,0.1,26.7,46.1,1047.3,68,17,66.5,False,2,1507.7,1
ag-03702,2026-02-16T11:55:00,W-554,seminar,west,lecture,45.7,39,20,380.1,0.659,-0.7,23.3,49.8,612.5,90,0,47.6,False,3,643.1,0
ag-03703,2026-04-27T11:30:00,E-511,lab,east,practice,22.6,22,15,134.8,0.514,20.5,23.9,65.8,431.9,40,53,49.9,False,2,455.4,0
ag-03704,2026-04-01T13:25:00,S-320,coworking,south,lab,62.8,46,24,267.3,0.339,11.2,22.9,38.9,657.4,39,37,54.7,False,7,733.9,0
ag-03705,2026-03-14T11:45:00,N-172,coworking,north,exam,30.1,33,25,319.6,0.531,7.6,21.9,59.3,573.2,52,48,58.9,False,4,650.5,0
ag-03706,2026-05-14T15:10:00,C-359,lecture,central,practice,178.1,128,94,996.2,0.557,22.3,24.8,63.9,1131.0,58,28,61.1,True,1,1363.6,1
ag-03707,2026-03-07T08:35:00,E-352,seminar,east,practice,64.5,57,21,366.2,0.519,8.8,22.2,45.2,412.0,5,74,49.4,False,6,536.5,0
ag-03708,2026-05-04T14:15:00,C-279,seminar,central,exam,45.1,34,37,267.5,0.36,26.8,22.8,65.7,705.7,52,42,77.6,True,4,901.1,0
ag-03709,2026-03-14T08:50:00,N-368,lecture,north,practice,109.3,94,69,450.6,0.168,9.7,22.6,70.2,888.4,20,72,54.5,False,2,1040.9,0
ag-03710,2026-03-21T11:20:00,W-260,lab,west,none,26.2,29,1,346.5,0.98,11.6,21.5,47.2,404.1,54,35,38.3,False,5,279.1,0
ag-03711,2026-02-10T10:50:00,E-483,lab,east,lecture,32.6,34,27,211.0,0.228,-1.3,26.7,50.4,751.5,49,35,59.2,False,1,834.3,0
ag-03712,2026-02-16T13:20:00,N-537,lab,north,lecture,29.6,28,26,180.4,0.212,3.2,25.8,72.6,722.5,84,0,69.9,False,7,826.7,0
ag-03713,2026-03-26T12:40:00,E-281,seminar,east,lecture,18.3,20,14,246.4,0.839,6.3,23.2,53.6,480.7,72,9,57.5,False,3,419.1,0
ag-03714,2026-05-05T13:25:00,N-255,lecture,north,lecture,119.6,119,90,661.1,0.469,22.1,23.9,43.8,941.6,19,53,58.0,True,4,1530.3,1
ag-03715,2026-05-13T10:20:00,N-269,lab,north,lecture,35.2,32,28,242.1,0.334,16.4,24.9,62.8,563.3,0,87,61.1,True,3,771.5,0
ag-03716,2026-03-30T15:10:00,S-355,coworking,south,exam,90.1,77,70,560.7,0.548,10.3,24.5,43.7,669.6,38,40,71.0,False,1,867.8,0
ag-03717,2026-05-05T11:00:00,W-226,coworking,west,practice,95.2,69,50,569.7,0.471,13.6,25.8,71.9,672.2,51,24,63.8,True,7,966.8,0
ag-03718,2026-04-12T16:20:00,S-399,seminar,south,exam,28.6,28,27,202.6,0.258,9.7,25.0,57.5,678.6,53,37,71.0,True,6,690.2,0
ag-03719,2026-05-09T14:35:00,C-456,coworking,central,lecture,23.3,23,15,141.9,0.472,14.3,24.6,49.1,450.8,26,61,49.6,True,7,624.6,0
ag-03720,2026-03-10T15:30:00,C-517,seminar,central,practice,70.1,50,36,666.4,0.939,5.4,23.6,60.7,692.7,18,70,53.3,False,7,843.1,0
ag-03721,2026-02-14T12:45:00,C-445,lecture,central,lecture,86.0,94,92,1188.1,0.854,-0.6,24.3,78.5,1168.4,90,0,67.7,True,7,1378.8,1
ag-03722,2026-02-09T14:40:00,W-162,lab,west,lecture,38.3,38,27,271.0,0.397,3.9,23.4,57.0,847.8,87,0,56.9,False,5,974.8,0
ag-03723,2026-03-11T12:20:00,W-291,lab,west,practice,37.0,36,23,277.7,0.44,2.5,25.4,63.7,410.2,16,85,51.1,False,3,523.8,0
ag-03724,2026-03-24T14:30:00,E-368,seminar,east,none,78.2,56,28,347.3,0.38,19.7,23.5,70.8,664.4,21,63,52.2,True,7,802.1,0
ag-03725,2026-03-01T11:35:00,W-122,lecture,west,lab,165.1,116,77,486.5,0.219,0.4,22.5,44.9,963.1,33,58,57.9,False,3,1160.1,1
ag-03726,2026-03-04T18:00:00,C-204,seminar,central,lecture,23.9,20,15,142.7,0.487,10.2,22.6,70.6,643.5,60,32,54.8,False,3,792.6,0
ag-03727,2026-04-15T13:35:00,N-279,seminar,north,lecture,41.7,40,32,448.7,0.586,13.8,23.1,60.5,661.9,27,51,60.6,False,2,778.5,0
ag-03728,2026-04-05T13:40:00,S-149,lab,south,exam,42.0,31,23,185.6,0.214,7.5,23.4,57.5,686.0,71,24,57.0,False,2,904.9,0
ag-03729,2026-04-05T13:45:00,N-567,seminar,north,lecture,76.8,62,55,566.5,0.5,10.1,24.0,52.5,690.4,11,78,61.0,False,6,949.5,0
ag-03730,2026-03-06T17:10:00,W-111,lecture,west,lecture,106.9,95,40,447.2,0.379,1.6,23.9,58.6,672.7,19,76,46.8,False,2,868.6,0
ag-03731,2026-03-20T18:50:00,E-559,lecture,east,none,161.9,121,22,794.3,0.339,5.4,23.8,30.5,549.5,29,69,45.9,False,2,613.2,0
ag-03732,2026-04-10T11:35:00,W-540,lab,west,none,28.9,20,9,176.5,0.374,10.9,21.5,69.3,492.2,0,79,51.4,False,7,486.6,0
ag-03733,2026-03-14T10:30:00,C-322,coworking,central,lecture,44.5,33,25,268.7,0.574,7.5,23.6,51.6,560.3,44,51,69.3,False,7,556.3,0
ag-03734,2026-02-26T16:10:00,C-235,coworking,central,exam,39.5,29,28,276.8,0.485,4.1,20.9,61.0,613.0,37,56,58.7,False,3,775.0,0
ag-03735,2026-05-05T18:25:00,C-357,seminar,central,lecture,80.5,58,44,424.7,0.735,19.0,22.9,72.6,627.6,52,29,52.3,True,6,856.5,0
ag-03736,2026-02-11T15:05:00,S-263,lab,south,lecture,43.9,36,41,440.5,0.969,3.4,23.7,69.3,586.9,10,77,73.2,False,2,774.7,0
ag-03737,2026-04-07T13:50:00,W-531,seminar,west,lab,51.9,36,25,280.9,0.621,10.1,22.5,54.3,565.7,45,49,55.7,False,5,669.1,0
ag-03738,2026-03-28T10:20:00,W-489,seminar,west,practice,68.2,56,53,563.3,0.541,11.5,22.3,79.3,806.4,81,6,75.6,False,7,1092.1,0
ag-03739,2026-03-31T13:40:00,E-556,seminar,east,lab,37.8,39,15,437.9,0.758,6.3,23.2,41.7,408.1,20,76,49.0,False,3,293.4,0
ag-03740,2026-04-27T16:20:00,E-459,lecture,east,lecture,113.3,105,72,798.0,0.807,12.8,23.1,56.8,766.5,28,52,71.6,False,6,1108.3,1
ag-03741,2026-03-12T12:30:00,N-441,lecture,north,none,92.0,84,2,402.1,0.135,-2.2,22.5,42.2,437.1,36,47,45.2,False,6,384.2,0
ag-03742,2026-04-06T11:40:00,S-344,seminar,south,lab,46.5,46,40,537.6,0.73,8.7,22.6,70.8,521.1,11,86,72.1,False,5,615.8,0
ag-03743,2026-05-16T12:00:00,E-361,lecture,east,lecture,114.6,87,51,650.6,0.41,20.8,23.8,55.7,765.7,33,50,57.9,True,7,901.6,0
ag-03744,2026-05-14T09:00:00,C-498,lab,central,practice,37.2,30,24,261.6,0.446,22.2,22.6,54.0,618.1,84,11,59.2,True,6,707.3,0
ag-03745,2026-03-04T15:00:00,N-489,lecture,north,lecture,167.8,117,68,682.2,0.33,10.8,22.2,62.3,894.9,40,57,63.5,True,2,1296.9,1
ag-03746,2026-02-27T10:10:00,S-565,lab,south,practice,19.4,18,7,114.4,0.356,3.3,21.7,60.2,540.2,21,76,51.3,False,5,528.0,0
ag-03747,2026-05-13T08:05:00,W-378,seminar,west,exam,69.2,52,61,353.0,0.158,11.2,26.1,79.9,967.6,47,46,74.3,True,6,1235.1,1
ag-03748,2026-05-13T16:20:00,N-360,lab,north,practice,32.2,23,15,179.5,0.55,20.8,24.4,57.6,584.9,76,9,60.2,True,4,628.2,0
ag-03749,2026-03-17T10:55:00,E-565,lab,east,none,55.3,41,2,449.5,0.874,12.9,22.1,47.0,418.3,59,37,38.5,False,5,393.8,0
ag-03750,2026-03-15T15:45:00,N-159,lecture,north,none,106.3,79,7,726.0,0.591,10.0,22.2,41.9,428.5,67,45,47.5,False,2,533.0,0
ag-03751,2026-02-16T16:55:00,W-240,lecture,west,practice,97.3,93,72,472.0,0.291,1.6,25.2,57.4,941.9,32,51,61.2,False,5,1238.3,1
ag-03752,2026-04-15T14:35:00,N-367,lecture,north,lecture,93.7,74,43,744.4,0.436,10.3,23.7,62.2,684.7,43,38,57.9,False,7,705.5,0
ag-03753,2026-04-20T11:20:00,E-461,lab,east,exam,41.2,43,48,268.4,0.412,8.3,25.5,71.8,838.3,54,35,72.2,False,7,1015.4,1
ag-03754,2026-03-17T16:15:00,W-327,seminar,west,lab,67.8,51,53,365.5,0.359,10.2,25.4,84.5,674.5,76,9,71.3,True,2,1035.3,0
ag-03755,2026-05-12T12:20:00,S-467,lecture,south,none,146.2,107,12,1159.6,0.527,3.9,23.7,41.2,392.6,25,68,45.7,True,4,468.5,0
ag-03756,2026-05-17T17:40:00,C-411,lecture,central,none,56.6,56,17,290.4,0.139,22.3,24.3,40.0,605.9,50,32,43.2,True,2,606.6,0
ag-03757,2026-03-05T18:35:00,C-579,coworking,central,none,50.2,43,16,335.9,0.457,3.9,22.2,45.9,595.3,59,22,55.1,False,2,608.4,0
ag-03758,2026-04-18T17:15:00,S-255,lecture,south,exam,143.3,106,121,900.0,0.552,9.3,25.7,67.4,1002.9,21,72,56.5,False,1,1516.7,1
ag-03759,2026-04-27T09:10:00,C-141,lecture,central,exam,121.1,109,117,717.6,0.19,6.7,24.8,51.2,1306.4,69,27,62.9,False,3,2018.7,1
ag-03760,2026-05-13T09:00:00,C-538,lab,central,none,34.5,26,14,151.3,0.398,13.3,25.8,56.2,490.9,57,36,63.9,True,2,562.6,0
ag-03761,2026-03-31T11:15:00,S-432,lab,south,lab,37.7,30,27,212.5,0.213,4.3,23.8,59.6,548.8,19,62,71.5,False,3,681.8,0
ag-03762,2026-02-17T12:45:00,W-521,lecture,west,lecture,131.1,104,88,853.0,0.274,-2.8,24.7,56.6,1174.3,57,33,67.4,True,2,1585.7,1
ag-03763,2026-02-25T18:55:00,S-247,seminar,south,practice,37.6,39,24,171.3,0.112,1.7,20.2,57.1,675.0,60,37,55.0,False,2,695.2,0
ag-03764,2026-03-23T09:55:00,S-595,lab,south,lecture,27.1,27,18,164.8,0.293,5.2,24.4,64.1,616.9,0,90,61.1,False,4,662.4,0
ag-03765,2026-03-30T14:50:00,N-450,lab,north,none,27.7,30,10,405.3,0.759,14.4,25.4,38.6,459.5,34,78,40.2,False,2,553.7,0
ag-03766,2026-03-30T13:15:00,W-239,lecture,west,lecture,87.4,70,56,354.4,0.454,6.5,25.6,68.2,750.3,16,87,64.1,False,1,887.3,0
ag-03767,2026-04-13T13:25:00,N-141,lab,north,lecture,24.0,20,11,102.8,0.388,2.7,22.2,56.2,417.8,10,90,54.4,False,5,471.8,0
ag-03768,2026-05-10T13:35:00,W-451,seminar,west,lecture,54.6,38,24,341.9,0.513,9.7,24.0,52.8,718.9,89,0,69.0,True,4,863.9,0
ag-03769,2026-04-17T16:55:00,E-490,lecture,east,exam,151.8,122,137,866.4,0.51,15.9,23.2,59.8,1150.3,33,53,70.7,False,2,1951.3,1
ag-03770,2026-03-22T16:05:00,W-197,seminar,west,lecture,26.5,27,20,146.9,0.395,11.6,24.3,66.7,696.4,75,11,68.0,False,5,757.6,0
ag-03771,2026-05-02T14:00:00,N-343,seminar,north,lecture,55.7,45,48,336.5,0.297,2.6,24.8,74.7,747.5,9,69,60.6,True,6,867.3,0
ag-03772,2026-04-27T14:55:00,W-164,seminar,west,lecture,53.0,53,32,378.5,0.148,13.3,25.2,58.1,519.2,4,84,61.8,False,1,718.5,0
ag-03773,2026-02-25T13:55:00,W-403,seminar,west,exam,39.0,40,25,331.3,0.613,-4.0,21.7,64.2,540.3,3,76,63.1,False,6,702.3,0
ag-03774,2026-03-10T12:10:00,E-371,lecture,east,practice,135.2,104,50,752.9,0.4,6.5,23.3,51.6,746.8,31,59,50.2,False,6,919.3,0
ag-03775,2026-05-16T17:30:00,S-168,lecture,south,practice,134.2,103,102,816.3,0.758,18.8,21.6,47.1,1008.1,0,90,63.9,True,1,1383.7,1
ag-03776,2026-02-20T18:05:00,C-442,lecture,central,exam,65.4,66,61,389.3,0.472,3.5,23.9,59.4,927.3,44,36,63.2,False,6,1089.8,0
ag-03777,2026-03-20T12:40:00,N-378,seminar,north,exam,72.6,57,52,302.7,0.272,9.2,22.5,60.1,920.9,76,25,59.7,False,1,1178.9,1
ag-03778,2026-04-06T08:30:00,C-384,lecture,central,practice,72.1,76,36,498.6,0.56,12.7,22.3,51.4,828.6,43,49,46.5,False,6,957.9,0
ag-03779,2026-05-08T12:25:00,W-313,lecture,west,lab,153.6,126,93,1097.1,0.407,25.9,22.6,61.2,868.6,10,77,55.0,True,7,1401.4,1
ag-03780,2026-04-14T09:30:00,S-458,lecture,south,lecture,135.4,101,68,1173.2,0.617,16.1,23.1,72.5,934.7,51,40,56.7,False,2,1190.1,1
ag-03781,2026-02-19T08:55:00,W-430,lecture,west,practice,64.6,62,50,539.5,0.57,-4.7,25.5,67.5,905.0,74,8,77.0,False,4,1040.8,1
ag-03782,2026-03-13T12:25:00,N-575,lab,north,practice,24.1,18,11,198.2,0.527,4.6,21.0,47.8,556.4,49,46,52.7,False,2,683.4,0
ag-03783,2026-03-03T16:00:00,E-429,lecture,east,exam,123.9,127,123,1254.8,0.504,-3.0,25.1,62.8,1406.5,90,0,69.9,False,5,1763.7,1
ag-03784,2026-05-08T08:30:00,E-311,lecture,east,exam,113.4,95,102,837.1,0.756,12.2,25.3,62.8,1266.2,59,25,66.0,True,3,1605.5,1
ag-03785,2026-03-13T16:25:00,N-376,lecture,north,lecture,62.3,66,70,634.4,0.6,6.4,26.0,53.7,951.1,90,0,69.1,False,7,1093.5,0
ag-03786,2026-02-24T13:00:00,W-317,lecture,west,practice,96.3,88,58,654.7,0.352,0.2,23.9,49.8,735.5,29,56,50.3,False,1,987.6,0
ag-03787,2026-04-22T17:40:00,W-586,coworking,west,practice,65.0,51,17,625.6,0.783,10.8,22.3,44.5,528.2,24,89,51.2,False,4,593.6,0
ag-03788,2026-05-04T13:40:00,E-492,lecture,east,lab,75.7,63,29,603.8,0.399,16.2,23.6,57.8,545.9,17,67,54.0,True,4,683.2,0
ag-03789,2026-03-19T13:25:00,E-548,lecture,east,practice,83.2,69,44,858.2,0.828,10.0,22.2,51.4,630.7,51,35,63.2,False,4,740.9,0
ag-03790,2026-02-19T13:35:00,S-578,lecture,south,none,112.3,108,31,539.3,0.121,9.0,23.3,43.9,720.6,48,46,50.9,False,4,794.1,0
ag-03791,2026-03-24T10:50:00,S-509,lab,south,lecture,30.4,32,22,250.0,0.615,19.6,23.3,53.0,467.8,0,84,63.0,False,2,671.2,0
ag-03792,2026-02-10T08:15:00,S-438,seminar,south,practice,55.8,39,28,246.0,0.482,7.1,25.4,68.2,667.3,55,41,62.9,False,5,809.7,0
ag-03793,2026-05-18T09:30:00,N-481,seminar,north,lecture,38.4,27,20,225.8,0.435,9.4,24.2,47.0,505.0,15,66,62.6,True,3,582.5,0
ag-03794,2026-03-31T12:00:00,E-331,lab,east,lecture,45.6,40,23,460.7,0.611,0.8,22.8,62.4,463.4,20,66,58.2,False,7,555.8,0
ag-03795,2026-03-25T18:00:00,N-348,lecture,north,lab,102.9,75,60,462.3,0.091,7.1,22.3,61.7,992.9,43,45,61.0,False,1,1347.0,1
ag-03796,2026-03-03T08:20:00,C-302,coworking,central,none,69.8,56,23,446.2,0.25,0.9,22.9,52.0,660.2,69,23,54.9,True,7,872.2,0
ag-03797,2026-02-14T15:05:00,S-386,lecture,south,lecture,114.5,80,73,989.4,0.656,-4.5,21.8,61.9,809.4,30,58,64.9,False,6,1001.4,0
ag-03798,2026-03-03T15:55:00,N-328,seminar,north,lecture,52.2,55,45,512.5,0.476,-2.6,23.4,71.6,569.2,7,86,48.1,False,6,695.2,0
ag-03799,2026-03-08T18:55:00,W-248,lab,west,lecture,28.8,23,14,198.7,0.719,-1.2,21.9,61.6,432.0,13,69,55.4,False,3,461.7,0
ag-03800,2026-02-18T15:50:00,C-170,lecture,central,exam,124.9,88,69,1018.4,0.712,-5.3,25.6,60.6,992.2,64,33,57.5,False,4,1285.3,1
ag-03801,2026-03-29T18:10:00,E-336,seminar,east,exam,67.1,50,43,415.8,0.322,11.7,23.9,74.0,622.5,66,35,62.5,False,4,893.6,0
ag-03802,2026-05-10T14:10:00,W-561,lecture,west,lecture,91.7,70,80,696.6,0.548,18.9,25.8,72.1,987.5,13,77,74.4,True,3,1370.8,1
ag-03803,2026-05-19T18:30:00,C-288,coworking,central,lecture,57.0,48,34,260.6,0.179,16.2,26.5,64.9,718.2,37,48,61.1,True,4,783.7,0
ag-03804,2026-04-25T10:30:00,W-588,seminar,west,lecture,73.7,56,47,362.8,0.205,13.6,24.7,65.3,874.6,34,48,63.7,True,7,1092.8,0
ag-03805,2026-04-29T10:45:00,W-452,lab,west,lab,37.2,28,15,390.3,0.782,9.4,21.7,46.7,490.8,17,79,51.7,False,5,557.9,0
ag-03806,2026-05-18T10:30:00,W-358,lecture,west,lab,87.5,64,57,346.2,0.387,8.7,25.4,55.0,763.1,0,86,59.9,True,5,971.3,0
ag-03807,2026-05-06T11:45:00,S-369,seminar,south,none,43.1,30,8,160.5,0.156,13.5,19.4,45.9,488.8,36,47,52.7,True,7,468.2,0
ag-03808,2026-04-07T17:10:00,N-547,lecture,north,lecture,116.9,92,71,858.2,0.685,10.1,21.6,60.6,789.6,0,90,61.9,False,2,936.8,0
ag-03809,2026-04-17T11:55:00,N-220,lecture,north,practice,62.3,69,63,438.3,0.491,14.5,23.3,66.7,977.5,45,32,57.2,False,7,1260.1,1
ag-03810,2026-03-24T18:45:00,E-339,seminar,east,lab,52.3,45,31,405.5,0.314,5.5,25.7,58.6,620.3,0,90,65.0,False,5,1034.3,1
ag-03811,2026-02-24T10:05:00,S-380,lecture,south,none,82.7,84,11,453.4,0.36,4.9,23.6,58.9,603.6,90,2,47.5,False,5,676.0,0
ag-03812,2026-05-01T16:10:00,N-513,seminar,north,lecture,53.3,50,22,465.3,0.358,15.6,23.1,52.0,565.4,29,55,57.1,True,4,572.1,0
ag-03813,2026-04-16T10:25:00,N-117,seminar,north,practice,33.7,27,18,251.4,0.593,12.3,23.5,65.0,678.8,51,38,56.1,False,3,886.9,0
ag-03814,2026-02-09T14:55:00,N-249,lab,north,practice,23.9,19,11,121.4,0.321,-0.7,24.4,46.6,543.8,35,68,52.8,False,2,643.8,0
ag-03815,2026-03-07T15:15:00,N-203,lecture,north,lecture,73.2,77,52,489.2,0.373,4.8,23.3,48.3,771.8,34,65,54.1,False,3,937.0,0
ag-03816,2026-03-03T13:15:00,W-208,coworking,west,lecture,31.7,35,25,155.2,0.198,12.1,23.6,56.5,796.5,58,31,60.8,False,7,1002.5,0
ag-03817,2026-02-15T12:05:00,S-127,lecture,south,lab,110.6,87,49,393.0,0.156,7.3,23.9,56.0,915.9,90,10,67.1,False,2,1130.0,1
ag-03818,2026-04-14T08:30:00,W-556,seminar,west,lab,47.3,51,26,642.6,0.734,15.1,21.2,49.4,591.3,41,57,57.1,False,5,590.7,0
ag-03819,2026-04-16T14:45:00,S-130,coworking,south,exam,35.8,33,29,255.7,0.663,15.0,26.6,64.6,580.8,54,30,63.2,False,5,745.8,0
ag-03820,2026-02-24T14:05:00,N-573,lecture,north,lecture,139.9,119,113,1488.4,0.654,4.6,24.9,65.4,989.7,47,46,68.7,False,4,1349.5,1
ag-03821,2026-05-09T11:55:00,N-551,lab,north,none,30.8,23,8,169.5,0.782,5.6,21.5,41.8,382.2,0,90,50.1,True,4,417.4,0
ag-03822,2026-02-22T18:20:00,S-304,lab,south,practice,38.1,31,26,173.4,0.239,8.7,24.9,57.4,608.6,90,0,69.8,False,2,668.6,0
ag-03823,2026-02-18T15:35:00,N-107,lecture,north,none,77.0,84,16,626.4,0.576,-2.0,23.5,49.3,641.2,90,1,50.2,False,3,662.3,0
ag-03824,2026-04-11T17:00:00,C-261,seminar,central,lecture,34.3,29,27,207.9,0.299,7.9,24.2,54.3,455.2,14,78,58.1,False,6,549.5,0
ag-03825,2026-05-08T09:25:00,N-142,lab,north,lecture,26.5,27,26,153.7,0.435,27.0,23.9,70.6,638.4,70,30,63.0,True,1,714.9,0
ag-03826,2026-04-16T13:55:00,C-331,lecture,central,lecture,145.6,127,81,1125.7,0.294,8.4,24.7,52.3,837.6,55,24,58.9,False,2,1156.1,1
ag-03827,2026-03-24T13:00:00,N-507,seminar,north,lab,67.1,50,36,521.5,0.669,11.8,20.6,57.7,594.1,69,10,64.2,False,7,697.4,0
ag-03828,2026-03-09T16:05:00,S-135,lecture,south,practice,110.4,80,25,643.0,0.446,3.1,21.7,46.8,788.2,61,28,51.6,False,7,941.5,0
ag-03829,2026-03-28T08:25:00,C-412,lab,central,practice,61.5,44,22,374.8,0.596,-6.9,23.3,40.4,434.0,25,71,56.7,False,1,607.7,0
ag-03830,2026-03-17T12:40:00,E-521,coworking,east,exam,49.9,52,38,404.6,0.749,3.1,24.2,66.8,662.0,74,16,50.4,False,4,850.4,0
ag-03831,2026-04-11T17:15:00,N-285,coworking,north,lab,72.2,55,40,484.0,0.362,-2.2,25.7,71.4,812.0,25,73,48.9,False,7,983.9,0
ag-03832,2026-03-25T16:30:00,C-493,lab,central,practice,42.6,34,25,185.8,0.506,11.3,24.0,62.8,667.7,45,63,58.0,False,6,789.9,0
ag-03833,2026-05-19T18:30:00,C-476,seminar,central,exam,51.8,44,39,243.4,0.487,15.9,22.6,54.0,685.0,37,62,59.4,True,5,744.7,0
ag-03834,2026-04-06T15:35:00,C-409,lecture,central,exam,101.0,77,79,619.4,0.257,10.1,24.6,56.9,1106.7,65,27,49.7,False,3,1415.2,1
ag-03835,2026-03-08T15:20:00,N-111,seminar,north,none,53.6,44,8,312.2,0.255,9.8,22.3,50.0,380.0,39,51,45.5,False,1,322.6,0
ag-03836,2026-05-01T13:50:00,W-222,lecture,west,practice,112.4,94,79,414.9,0.298,2.6,25.8,66.1,877.7,25,49,57.5,True,6,1266.1,1
ag-03837,2026-04-16T15:50:00,S-505,lab,south,practice,26.3,27,17,266.9,0.553,7.8,24.1,58.9,554.2,41,69,57.5,False,1,704.2,0
ag-03838,2026-03-06T08:20:00,C-384,lecture,central,lab,146.1,117,67,474.2,0.156,6.7,22.7,48.8,945.0,86,0,59.1,False,6,1200.8,1
ag-03839,2026-04-27T14:05:00,N-159,lecture,north,lecture,89.7,62,52,501.1,0.416,16.1,26.5,51.9,768.6,0,90,68.8,False,2,897.3,0
ag-03840,2026-03-15T14:35:00,E-516,seminar,east,lab,65.2,51,27,340.9,0.586,14.4,20.3,47.0,559.8,0,88,57.5,False,7,667.9,0
ag-03841,2026-05-08T15:30:00,E-505,lab,east,lab,30.7,25,19,224.1,0.894,18.3,25.3,63.9,491.2,45,42,65.9,True,2,517.0,0
ag-03842,2026-05-15T13:45:00,C-297,lab,central,lecture,24.9,20,11,133.5,0.323,22.6,26.0,58.7,474.4,25,65,63.9,True,4,652.4,0
ag-03843,2026-02-15T09:45:00,E-190,lecture,east,lab,101.9,113,58,1265.1,0.548,-4.6,23.2,44.8,709.0,24,72,53.5,False,6,783.1,0
ag-03844,2026-03-10T12:10:00,E-581,lab,east,lab,24.8,19,11,211.2,1.0,2.6,24.0,66.3,380.0,22,64,54.1,False,2,350.5,0
ag-03845,2026-04-02T12:05:00,W-544,lecture,west,lab,61.3,59,54,266.3,0.3,3.1,23.7,54.0,831.2,32,55,63.4,False,2,1193.9,1
ag-03846,2026-03-29T18:35:00,W-142,lecture,west,lecture,89.1,91,88,784.4,0.512,4.1,25.5,60.8,956.1,33,43,72.0,True,1,1467.0,1
ag-03847,2026-03-16T11:55:00,W-192,seminar,west,practice,38.2,29,11,204.2,0.267,10.6,22.2,47.3,493.5,40,42,47.6,False,7,592.8,0
ag-03848,2026-03-15T15:30:00,E-262,lab,east,practice,45.4,32,23,263.5,0.646,1.5,23.6,50.4,401.5,0,90,59.0,False,5,658.6,0
ag-03849,2026-03-13T11:55:00,W-578,seminar,west,none,61.2,43,8,560.6,0.762,-0.6,23.5,58.0,380.0,59,35,46.0,False,2,496.7,0
ag-03850,2026-03-11T14:55:00,N-525,seminar,north,practice,67.5,60,32,430.2,0.204,6.1,25.9,49.5,779.8,77,9,52.5,False,6,960.5,0
ag-03851,2026-02-20T16:05:00,C-349,coworking,central,lecture,27.1,26,15,196.2,0.723,0.7,21.7,39.9,597.0,63,30,57.7,False,5,674.7,0
ag-03852,2026-04-03T18:40:00,W-364,seminar,west,lecture,52.7,38,20,403.7,0.615,10.3,21.9,44.6,638.8,54,33,63.5,False,5,600.7,0
ag-03853,2026-05-08T11:30:00,S-481,seminar,south,exam,22.1,21,22,212.3,0.771,24.4,24.3,65.1,633.7,35,46,67.3,True,7,647.4,0
ag-03854,2026-05-06T08:10:00,E-508,lab,east,exam,17.4,19,14,235.2,0.709,17.2,24.4,53.3,380.0,34,43,56.7,True,5,376.0,0
ag-03855,2026-03-17T17:45:00,E-201,coworking,east,exam,60.4,63,74,367.3,0.336,12.8,25.0,61.7,899.6,68,35,66.6,False,1,1436.9,1
ag-03856,2026-04-01T13:30:00,S-493,lecture,south,lecture,142.7,112,92,1010.4,0.666,4.0,24.6,56.9,1172.4,29,59,62.7,False,4,1629.7,1
ag-03857,2026-05-18T12:50:00,S-389,seminar,south,lab,36.9,40,25,330.4,0.703,9.7,25.5,45.7,697.7,43,32,65.2,True,5,805.5,0
ag-03858,2026-05-12T13:00:00,W-267,lecture,west,lecture,155.3,108,90,682.2,0.222,10.5,24.4,63.1,1010.7,42,54,66.6,True,3,1343.6,1
ag-03859,2026-02-24T09:20:00,N-270,lab,north,lab,53.1,42,39,268.2,0.468,4.8,25.1,69.1,776.5,27,58,67.5,True,6,899.7,0
ag-03860,2026-03-29T18:30:00,W-182,lecture,west,none,118.0,102,31,1152.8,0.568,4.5,21.9,59.8,564.4,43,45,58.3,True,4,768.0,0
ag-03861,2026-04-28T11:50:00,C-218,lab,central,practice,25.5,20,13,172.6,0.335,7.7,22.5,58.8,445.6,15,89,52.1,False,3,520.3,0
ag-03862,2026-03-03T14:25:00,C-140,lecture,central,lecture,126.0,87,76,521.0,0.439,-4.3,24.2,49.3,945.9,19,67,52.7,False,1,1413.6,1
ag-03863,2026-04-21T16:05:00,C-371,coworking,central,practice,72.0,55,26,541.7,0.551,20.7,23.7,38.7,557.6,0,90,56.2,False,3,607.0,0
ag-03864,2026-02-09T10:05:00,S-187,lab,south,lecture,22.2,19,16,257.3,0.823,-11.1,23.7,56.3,524.1,51,43,61.0,False,7,594.7,0
ag-03865,2026-02-15T17:35:00,E-285,seminar,east,lecture,34.1,26,23,158.7,0.261,3.5,23.1,45.4,582.7,49,39,61.4,False,2,719.0,0
ag-03866,2026-02-28T15:40:00,C-386,lecture,central,practice,157.0,113,68,932.6,0.377,1.1,23.8,53.4,1039.2,60,34,49.7,False,2,1490.3,1
ag-03867,2026-04-20T12:40:00,C-206,seminar,central,none,80.7,56,1,723.4,0.715,13.3,21.9,37.9,380.0,48,40,49.5,False,6,500.3,0
ag-03868,2026-03-24T14:50:00,E-232,seminar,east,lecture,53.0,56,42,259.8,0.166,4.2,25.0,65.3,737.1,62,33,65.6,False,4,1044.3,0
ag-03869,2026-03-14T09:25:00,C-267,seminar,central,lab,45.7,32,22,275.6,0.82,6.9,20.7,67.8,573.2,43,48,58.9,True,2,800.2,0
ag-03870,2026-03-26T15:25:00,N-163,lecture,north,lecture,95.2,105,91,954.1,0.708,2.3,23.3,69.0,855.8,13,75,66.7,False,7,1185.2,1
ag-03871,2026-04-09T08:30:00,C-289,lab,central,practice,40.2,33,26,312.6,0.658,3.3,24.0,53.6,585.9,33,57,64.4,False,3,817.6,0
ag-03872,2026-03-09T09:00:00,N-103,seminar,north,lecture,57.5,41,37,249.0,0.534,7.4,20.6,60.4,710.3,9,78,62.4,True,7,1080.7,0
ag-03873,2026-04-06T16:45:00,N-372,lab,north,practice,36.8,29,13,217.2,0.373,10.0,23.5,44.0,491.2,13,73,49.1,False,7,590.0,0
ag-03874,2026-03-24T14:35:00,C-406,seminar,central,lecture,46.0,43,37,281.2,0.213,4.1,24.1,63.7,637.3,2,90,62.9,False,6,851.2,0
ag-03875,2026-04-26T10:50:00,E-395,lecture,east,practice,110.4,95,49,1072.8,0.581,22.2,23.6,52.7,675.5,18,77,63.0,False,2,891.5,0
ag-03876,2026-05-05T10:35:00,W-504,seminar,west,lab,42.8,44,24,277.2,0.126,14.3,25.3,42.4,577.3,36,57,54.4,True,4,751.6,0
ag-03877,2026-04-20T16:25:00,C-527,lab,central,lecture,22.7,18,18,173.3,0.704,22.1,19.9,70.0,518.4,68,21,70.1,False,7,639.8,0
ag-03878,2026-03-09T09:50:00,S-295,seminar,south,lecture,22.6,23,23,106.3,0.276,11.9,22.9,66.9,613.9,69,28,59.1,False,4,792.8,0
ag-03879,2026-05-06T15:50:00,C-399,lecture,central,lab,105.3,116,77,524.9,0.164,17.2,23.6,56.4,980.0,49,29,59.0,True,5,1328.9,1
ag-03880,2026-04-12T10:05:00,C-267,lecture,central,lab,120.7,111,89,767.6,0.638,8.7,24.7,71.7,916.1,48,50,67.5,False,5,1269.8,1
ag-03881,2026-03-13T13:45:00,N-249,seminar,north,lab,23.4,22,7,244.0,0.774,-5.6,22.9,40.8,426.8,50,48,49.2,False,2,471.9,0
ag-03882,2026-03-09T14:05:00,C-107,coworking,central,lecture,37.9,31,27,115.0,0.093,12.1,24.0,64.1,682.5,20,69,57.5,False,6,723.6,0
ag-03883,2026-02-11T17:05:00,N-157,lecture,north,lecture,164.9,119,101,1259.3,0.518,-0.2,25.7,69.0,913.7,11,67,55.9,False,1,1261.8,1
ag-03884,2026-03-29T10:15:00,S-531,seminar,south,lecture,76.1,60,56,608.9,0.768,5.5,23.5,66.1,850.8,40,52,61.7,False,4,1198.3,1
ag-03885,2026-03-05T08:25:00,N-225,seminar,north,practice,43.8,40,23,195.5,0.151,0.4,25.7,69.6,499.4,19,69,57.5,False,7,711.1,0
ag-03886,2026-03-28T16:40:00,S-268,seminar,south,exam,58.9,56,56,804.5,0.823,13.4,23.6,56.1,862.0,72,20,66.3,True,6,1017.6,0
ag-03887,2026-03-03T16:15:00,C-320,seminar,central,lecture,40.1,29,24,122.8,0.164,-1.7,23.2,61.4,747.9,41,47,59.2,False,1,819.3,0
ag-03888,2026-03-06T09:50:00,W-242,lecture,west,practice,120.2,129,103,860.1,0.758,4.9,24.5,52.6,1085.2,66,22,74.0,False,6,1487.5,1
ag-03889,2026-03-28T15:50:00,E-531,lab,east,none,41.9,40,7,453.3,0.936,-1.7,20.6,43.2,486.5,31,52,52.7,True,2,509.6,0
ag-03890,2026-05-12T08:50:00,S-583,lecture,south,lecture,116.7,90,74,447.5,0.114,12.6,23.1,62.8,1017.5,54,31,56.7,True,3,1328.6,1
ag-03891,2026-04-05T15:25:00,C-292,seminar,central,practice,19.2,20,13,186.0,0.412,6.2,23.6,63.3,537.6,50,60,61.4,False,4,576.5,0
ag-03892,2026-04-24T15:25:00,S-106,coworking,south,lecture,33.0,32,20,315.9,0.689,8.8,23.6,62.1,494.3,2,90,62.6,False,7,582.1,0
ag-03893,2026-02-22T13:05:00,E-363,seminar,east,none,33.3,23,6,80.4,0.134,4.2,21.9,62.2,558.4,67,23,51.1,False,7,641.4,0
ag-03894,2026-02-25T18:20:00,S-500,lecture,south,practice,89.4,82,78,909.7,0.725,-2.0,22.9,62.9,826.0,27,60,68.5,False,6,1131.5,1
ag-03895,2026-05-08T18:30:00,N-204,seminar,north,exam,43.0,41,35,393.7,0.691,11.9,24.1,51.4,678.6,62,30,62.5,True,5,946.8,0
ag-03896,2026-05-15T15:50:00,S-537,seminar,south,lecture,44.4,40,24,284.4,0.357,15.9,23.9,52.0,569.9,41,50,63.7,True,2,724.4,0
ag-03897,2026-02-15T11:40:00,S-169,coworking,south,none,36.4,28,4,184.7,0.602,0.4,22.7,46.4,438.6,48,35,46.2,False,4,553.1,0
ag-03898,2026-04-24T13:20:00,S-328,lab,south,lecture,35.0,32,23,356.1,0.8,10.3,26.3,50.7,518.0,32,58,62.0,False,7,613.9,0
ag-03899,2026-03-16T17:15:00,E-376,seminar,east,lab,70.5,55,42,535.9,0.465,11.6,24.6,62.5,720.3,69,29,62.0,False,3,1068.5,0
ag-03900,2026-05-05T14:45:00,E-168,lab,east,practice,40.8,34,29,427.8,0.9,14.0,24.7,53.7,430.6,17,76,58.9,True,2,489.7,0
ag-03901,2026-03-18T17:05:00,E-594,seminar,east,lab,84.7,62,45,272.0,0.179,1.9,24.8,66.2,655.9,2,87,60.9,False,4,784.5,0
ag-03902,2026-02-26T11:20:00,C-182,seminar,central,lecture,82.5,60,27,300.4,0.224,-1.6,25.0,40.8,604.4,35,50,54.1,False,3,667.7,0
ag-03903,2026-03-10T11:00:00,W-399,seminar,west,lab,31.2,24,18,101.6,0.178,-3.4,23.3,57.9,752.2,58,23,54.3,False,5,833.3,0
ag-03904,2026-05-12T11:25:00,E-417,lecture,east,practice,121.7,126,107,982.1,0.378,11.9,25.3,63.0,1213.2,85,3,73.8,True,1,1459.5,1
ag-03905,2026-03-30T14:15:00,W-417,lab,west,lecture,37.0,27,27,219.0,0.793,16.9,21.2,68.5,654.8,22,66,64.6,False,1,767.7,0
ag-03906,2026-04-08T11:55:00,E-382,lecture,east,practice,135.5,126,135,778.9,0.461,6.1,23.9,71.2,1207.3,78,28,65.3,False,7,1960.8,1
ag-03907,2026-03-11T10:50:00,N-354,coworking,north,practice,19.9,20,14,135.4,0.211,2.3,25.1,48.6,532.9,11,72,47.4,False,2,680.8,0
ag-03908,2026-04-13T14:50:00,N-113,lecture,north,lab,96.5,80,59,783.5,0.497,14.1,24.6,60.5,720.8,0,84,58.5,False,6,983.1,0
ag-03909,2026-02-19T09:45:00,C-570,lab,central,practice,40.6,40,27,420.7,0.585,4.6,24.5,60.2,592.1,56,21,55.5,False,5,678.4,0
ag-03910,2026-03-09T10:25:00,N-499,lecture,north,lecture,154.8,113,83,674.2,0.348,5.4,24.7,57.4,999.0,74,15,58.9,False,5,1421.1,1
ag-03911,2026-03-06T12:30:00,W-432,lecture,west,lecture,74.2,77,66,586.0,0.181,0.5,23.4,59.2,955.0,34,81,60.4,False,7,1365.0,1
ag-03912,2026-04-05T08:10:00,C-331,lab,central,practice,34.6,38,14,460.3,0.622,15.4,23.4,52.3,483.7,26,65,51.2,False,2,454.4,0
ag-03913,2026-04-03T14:35:00,E-188,lab,east,practice,35.9,35,30,164.2,0.365,7.6,24.5,51.7,552.7,7,81,58.9,False,5,553.9,0
ag-03914,2026-02-14T13:45:00,N-256,lab,north,practice,40.0,44,21,482.5,0.571,0.8,22.3,60.4,474.1,46,45,56.4,False,7,522.8,0
ag-03915,2026-04-09T17:55:00,C-124,lab,central,practice,28.8,21,16,121.1,0.468,13.5,22.8,53.4,391.2,1,83,57.1,False,3,364.7,0
ag-03916,2026-03-20T08:55:00,C-185,lecture,central,practice,73.0,66,33,503.4,0.546,0.6,22.5,55.4,633.6,15,78,59.9,False,4,849.4,0
ag-03917,2026-03-07T12:50:00,S-573,lab,south,practice,53.0,43,29,629.8,0.849,4.7,26.1,60.2,576.1,82,14,48.6,False,6,695.1,0
ag-03918,2026-02-20T08:35:00,E-389,seminar,east,none,36.9,31,4,277.9,0.684,0.2,21.6,44.8,557.6,47,53,53.1,False,2,548.0,0
ag-03919,2026-02-27T12:25:00,S-146,lecture,south,lecture,81.6,71,27,451.2,0.649,6.4,25.6,35.3,583.3,26,65,50.9,False,3,634.5,0
ag-03920,2026-03-30T11:05:00,C-162,lab,central,lecture,47.0,35,34,498.4,1.0,12.8,21.7,53.2,690.2,90,5,67.1,False,3,618.9,0
ag-03921,2026-03-27T08:25:00,W-415,lab,west,lab,43.5,32,28,268.2,0.398,3.2,23.5,47.3,687.5,62,12,70.5,False,6,870.1,0
ag-03922,2026-03-13T12:10:00,S-567,lab,south,lecture,25.8,25,14,166.6,0.747,7.2,24.8,49.2,401.0,39,48,50.3,False,1,441.8,0
ag-03923,2026-04-20T16:30:00,C-127,lecture,central,lecture,81.3,58,50,463.8,0.401,26.7,24.6,64.6,731.0,9,80,66.0,False,7,816.3,0
ag-03924,2026-04-28T11:05:00,N-278,lab,north,practice,48.5,37,34,268.8,0.353,17.2,23.1,58.3,627.6,54,28,68.0,True,3,724.9,0
ag-03925,2026-04-29T15:00:00,N-235,seminar,north,practice,26.9,23,16,143.0,0.492,10.1,23.8,77.1,625.5,54,38,56.8,False,3,826.4,0
ag-03926,2026-04-15T16:05:00,W-428,seminar,west,none,67.6,47,8,443.1,0.845,13.4,21.7,56.1,546.9,90,0,40.2,False,6,596.5,0
ag-03927,2026-03-15T14:45:00,C-415,lecture,central,practice,91.0,101,69,522.2,0.148,3.9,25.3,73.3,945.8,35,52,58.6,False,5,1220.0,1
ag-03928,2026-04-09T17:10:00,E-509,lab,east,lecture,22.3,24,17,276.4,0.561,8.8,23.8,41.0,547.0,67,14,65.5,False,6,608.9,0
ag-03929,2026-02-22T14:00:00,S-519,seminar,south,lecture,42.1,38,23,310.6,0.309,7.0,23.4,63.6,722.4,61,35,58.0,False,2,798.4,0
ag-03930,2026-03-27T15:55:00,N-533,coworking,north,practice,98.1,72,27,833.0,0.627,11.5,18.9,68.0,641.1,66,18,55.2,False,3,815.4,0
ag-03931,2026-05-09T09:10:00,C-291,lecture,central,lecture,138.2,113,96,1213.7,0.509,10.0,23.5,56.4,1203.9,49,27,56.5,True,6,1667.4,1
ag-03932,2026-04-24T13:55:00,W-504,seminar,west,practice,56.4,46,36,334.4,0.261,9.8,22.6,60.9,741.2,84,4,57.7,False,3,965.7,0
ag-03933,2026-03-10T12:50:00,E-571,lecture,east,lecture,66.1,58,41,555.6,0.483,0.4,23.5,61.8,669.3,54,30,58.6,True,5,788.9,0
ag-03934,2026-03-05T12:25:00,S-457,coworking,south,practice,27.5,24,6,291.6,0.658,6.6,24.3,44.6,445.2,48,36,54.5,True,3,486.8,0
ag-03935,2026-04-22T12:20:00,W-573,lab,west,practice,29.7,31,14,301.3,0.858,16.2,24.5,59.1,464.9,47,48,66.6,False,7,521.6,0
ag-03936,2026-02-22T11:30:00,N-402,seminar,north,exam,44.7,42,33,208.0,0.23,0.3,24.2,62.0,783.7,43,54,54.4,False,1,964.9,0
ag-03937,2026-03-19T11:25:00,E-132,seminar,east,lecture,53.7,40,28,327.5,0.425,14.2,23.8,57.3,617.1,23,73,52.6,False,2,734.6,0
ag-03938,2026-03-19T13:30:00,C-312,seminar,central,lecture,24.1,20,10,148.4,0.724,11.8,21.7,49.5,472.8,9,88,54.7,False,4,439.6,0
ag-03939,2026-04-12T08:55:00,E-439,lecture,east,lab,91.8,87,66,741.1,0.316,15.1,25.0,65.8,959.7,61,46,61.6,False,1,1211.8,1
ag-03940,2026-03-27T09:30:00,N-596,lecture,north,lecture,90.6,70,48,574.0,0.679,13.8,24.4,54.6,673.4,27,45,63.1,False,2,898.3,0
ag-03941,2026-05-13T17:00:00,E-379,lab,east,lab,40.2,30,27,394.8,0.959,16.4,25.1,68.9,627.0,90,0,61.1,True,1,583.8,0
ag-03942,2026-05-19T13:15:00,W-270,lecture,west,practice,89.0,96,75,424.6,0.265,17.9,21.4,50.4,1100.8,90,0,57.9,True,2,1426.4,1
ag-03943,2026-05-02T15:30:00,W-446,seminar,west,exam,72.2,58,62,494.5,0.317,7.2,23.8,60.2,939.4,82,14,75.4,True,1,1252.1,1
ag-03944,2026-04-13T16:35:00,C-465,seminar,central,lecture,21.5,20,21,97.1,0.265,16.7,26.5,59.5,422.1,2,90,67.8,True,7,379.5,0
ag-03945,2026-04-07T13:30:00,S-114,lecture,south,lecture,87.7,83,66,611.8,0.261,2.2,22.9,53.4,902.0,50,23,72.8,False,2,1249.4,1
ag-03946,2026-04-08T09:40:00,E-112,coworking,east,none,33.3,24,3,171.8,0.617,14.2,22.3,55.1,493.9,3,85,44.8,False,2,545.5,0
ag-03947,2026-02-09T17:50:00,N-536,lecture,north,lecture,140.6,113,88,865.1,0.489,-5.2,24.1,68.4,933.3,12,79,58.1,False,7,1269.8,1
ag-03948,2026-03-20T10:05:00,W-152,seminar,west,practice,75.4,53,42,372.3,0.208,7.7,26.4,65.1,730.4,40,53,60.4,True,2,848.2,0
ag-03949,2026-04-07T17:20:00,W-264,seminar,west,practice,55.1,43,38,230.1,0.339,15.0,24.1,64.5,764.2,17,68,56.1,False,5,883.5,0
ag-03950,2026-05-19T09:50:00,N-184,seminar,north,exam,48.9,40,47,477.4,0.707,9.2,24.0,57.4,700.5,20,81,77.5,True,7,880.3,0
ag-03951,2026-02-27T15:00:00,S-204,seminar,south,practice,28.0,25,19,268.9,0.593,1.6,21.2,62.5,422.5,20,85,56.8,False,5,487.4,0
ag-03952,2026-05-02T14:35:00,E-154,lecture,east,practice,176.3,125,121,1153.8,0.595,10.4,23.6,68.7,1237.1,24,50,62.7,True,5,1590.7,1
ag-03953,2026-03-06T08:00:00,E-114,lab,east,practice,34.6,38,33,430.0,0.844,1.1,24.9,52.0,447.3,0,82,64.7,False,2,484.3,0
ag-03954,2026-04-30T14:45:00,E-566,coworking,east,practice,52.4,47,43,342.5,0.458,10.6,22.4,70.5,808.7,61,29,59.0,True,7,1048.4,0
ag-03955,2026-04-20T13:45:00,W-437,seminar,west,practice,23.0,25,18,160.6,0.454,20.5,25.9,47.9,480.6,11,82,57.1,False,3,561.8,0
ag-03956,2026-03-19T09:00:00,S-194,lecture,south,practice,117.2,108,79,1249.8,0.593,5.3,23.2,59.6,880.4,29,58,56.7,False,1,1172.9,1
ag-03957,2026-03-27T11:45:00,W-470,lecture,west,practice,126.7,98,71,858.0,0.387,11.1,24.9,43.7,843.6,52,33,68.9,False,2,1348.7,1
ag-03958,2026-05-16T16:30:00,C-450,lab,central,practice,19.6,20,15,112.6,0.554,18.0,23.9,54.0,566.2,79,0,62.1,True,2,635.2,0
ag-03959,2026-05-05T14:20:00,E-119,seminar,east,lab,61.3,56,37,411.5,0.554,6.7,21.8,53.9,717.2,49,37,64.8,True,2,945.5,0
ag-03960,2026-02-28T09:20:00,E-363,seminar,east,practice,57.1,53,24,342.6,0.458,2.2,23.5,62.5,616.2,75,11,53.2,False,1,777.2,0
ag-03961,2026-02-14T14:25:00,N-267,lab,north,lecture,49.2,35,24,393.9,0.618,2.8,25.1,60.0,599.9,66,24,59.3,False,1,703.8,0
ag-03962,2026-04-21T09:55:00,S-584,lecture,south,practice,151.8,105,86,966.7,0.562,13.2,24.7,57.7,988.7,35,45,69.5,False,2,1507.2,1
ag-03963,2026-05-02T09:20:00,S-171,coworking,south,lab,91.2,73,55,825.6,0.766,11.1,24.3,75.8,838.3,84,15,61.2,True,6,1089.4,0
ag-03964,2026-03-25T18:45:00,W-581,lecture,west,exam,73.7,60,64,597.9,0.403,12.3,26.3,67.3,731.9,44,50,73.3,False,2,905.6,0
ag-03965,2026-03-01T09:40:00,E-332,lecture,east,none,136.8,125,29,1028.0,0.408,2.0,21.5,49.0,598.4,43,57,49.0,False,4,730.5,0
ag-03966,2026-02-15T08:50:00,N-590,lecture,north,none,95.8,92,2,657.2,0.382,14.8,20.7,52.7,440.5,51,36,45.2,False,5,527.5,0
ag-03967,2026-03-23T13:30:00,C-271,seminar,central,lab,45.8,45,20,318.9,0.444,5.2,21.7,46.7,572.2,30,48,58.1,False,6,575.0,0
ag-03968,2026-02-27T13:55:00,E-370,seminar,east,none,25.7,27,9,99.7,0.149,5.8,22.5,48.4,509.5,0,90,54.0,False,3,473.6,0
ag-03969,2026-04-02T10:45:00,N-459,coworking,north,none,41.2,30,12,267.4,0.38,10.5,23.5,58.0,430.0,53,39,50.6,False,7,548.2,0
ag-03970,2026-04-13T15:50:00,W-578,lecture,west,lab,70.7,76,58,583.9,0.374,8.2,22.8,61.4,848.2,62,18,58.0,False,7,1038.5,0
ag-03971,2026-02-18T13:50:00,C-521,lecture,central,lab,136.0,112,71,847.1,0.597,5.6,26.4,68.1,1006.0,89,0,59.8,False,2,1217.1,1
ag-03972,2026-03-02T17:15:00,E-530,lecture,east,lab,146.6,116,80,1109.6,0.508,8.0,24.2,55.1,960.2,65,37,60.1,True,4,1250.9,1
ag-03973,2026-05-01T14:00:00,C-531,seminar,central,lecture,32.9,26,27,167.2,0.433,10.5,25.6,62.0,600.3,59,36,61.1,True,5,830.8,0
ag-03974,2026-05-03T15:30:00,W-554,lecture,west,practice,149.3,125,106,1510.5,0.65,11.7,22.1,70.6,1256.4,41,47,65.2,True,7,1692.3,1
ag-03975,2026-04-05T13:15:00,E-455,lecture,east,none,112.8,121,15,795.6,0.306,14.2,24.2,42.6,660.8,85,12,56.2,False,1,760.8,0
ag-03976,2026-05-08T13:10:00,C-314,lab,central,lecture,44.8,42,25,263.9,0.682,12.2,21.7,53.2,574.8,67,17,49.9,True,6,773.5,0
ag-03977,2026-04-26T16:20:00,S-321,lab,south,lecture,37.8,34,25,279.3,0.48,15.2,21.9,52.8,497.4,15,80,50.8,False,7,657.2,0
ag-03978,2026-04-16T18:20:00,S-548,lab,south,lab,61.6,43,21,245.6,0.454,12.6,23.5,43.3,547.3,23,72,54.3,False,5,583.1,0
ag-03979,2026-04-03T09:50:00,C-338,lab,central,lab,29.3,29,22,284.4,0.755,9.0,21.6,75.0,548.8,19,56,58.4,False,4,659.2,0
ag-03980,2026-03-09T16:40:00,S-129,lecture,south,lecture,115.9,89,84,728.8,0.577,7.7,25.5,56.1,1214.1,74,11,63.8,False,4,1526.2,1
ag-03981,2026-05-19T08:00:00,W-381,lab,west,lecture,49.9,40,39,381.9,0.546,15.3,22.9,63.8,705.8,69,8,64.4,True,2,918.3,0
ag-03982,2026-05-02T12:20:00,C-407,lab,central,practice,40.3,30,20,150.6,0.414,13.4,24.8,56.4,634.1,90,11,59.5,True,3,612.2,0
ag-03983,2026-03-13T13:50:00,C-415,seminar,central,lab,50.8,48,31,394.6,0.234,9.3,23.3,31.1,610.3,24,64,53.9,False,4,803.0,0
ag-03984,2026-02-10T18:40:00,C-427,seminar,central,lab,63.1,52,24,294.3,0.222,-1.0,22.8,60.5,593.7,60,32,61.4,False,6,718.3,0
ag-03985,2026-04-26T08:00:00,E-149,seminar,east,lecture,68.7,48,34,649.6,0.774,19.4,23.0,59.0,617.3,57,22,62.2,False,7,844.5,0
ag-03986,2026-03-29T17:05:00,W-233,seminar,west,practice,29.0,22,13,159.8,0.317,8.0,25.5,36.2,542.2,50,36,56.3,False,6,653.5,0
ag-03987,2026-02-22T13:45:00,N-526,seminar,north,lab,39.9,33,31,160.5,0.146,3.2,24.2,63.8,704.9,25,60,67.3,False,2,790.5,0
ag-03988,2026-04-30T10:55:00,C-168,lecture,central,lecture,108.6,87,61,908.4,0.514,16.6,28.6,52.3,744.8,44,42,59.4,False,7,993.3,0
ag-03989,2026-03-13T16:10:00,C-150,lab,central,lab,35.7,36,22,309.9,0.641,6.5,24.1,79.2,531.1,57,41,61.1,False,1,545.5,0
ag-03990,2026-03-15T09:30:00,S-592,seminar,south,practice,77.6,55,41,452.5,0.322,2.4,25.5,62.8,720.2,83,0,48.1,False,4,747.0,0
ag-03991,2026-02-09T17:45:00,S-506,lecture,south,none,136.3,121,53,579.0,0.222,-9.8,22.5,52.3,934.3,56,32,51.7,False,1,1116.4,1
ag-03992,2026-03-30T14:05:00,W-365,lab,west,lecture,24.0,21,15,154.2,0.352,6.6,22.0,67.9,650.7,42,34,63.1,False,7,832.9,0
ag-03993,2026-02-09T08:55:00,W-578,coworking,west,lab,57.0,54,35,524.7,0.808,-3.3,22.5,58.7,591.6,55,29,59.2,False,7,677.0,0
ag-03994,2026-05-03T17:35:00,C-438,lab,central,lab,23.5,18,20,196.5,0.75,18.8,25.5,71.4,652.7,64,43,73.5,True,4,676.6,0
ag-03995,2026-02-10T18:35:00,W-518,seminar,west,none,47.5,42,5,180.1,0.303,3.9,22.0,42.8,456.8,32,51,48.9,False,2,501.1,0
ag-03996,2026-04-08T18:20:00,N-388,lecture,north,lecture,92.9,97,70,467.0,0.347,17.8,24.8,61.8,890.8,70,19,61.7,False,4,1379.2,1
ag-03997,2026-04-04T12:30:00,C-258,seminar,central,exam,51.3,43,45,244.7,0.464,12.7,24.0,68.0,869.9,25,48,64.7,False,7,1119.0,1
ag-03998,2026-03-09T10:05:00,N-148,lab,north,practice,38.5,28,25,248.9,0.596,2.0,24.5,57.8,662.8,90,3,74.4,False,2,809.0,0
ag-03999,2026-04-14T14:35:00,N-396,seminar,north,lab,56.2,43,25,280.1,0.159,21.5,23.1,46.4,703.1,31,50,54.8,True,1,802.0,0
ag-04000,2026-02-14T15:25:00,W-272,lecture,west,none,110.6,116,21,668.8,0.275,-4.8,22.2,53.9,634.8,51,30,50.5,False,1,749.2,0
ag-04001,2026-05-16T17:45:00,N-469,seminar,north,lecture,29.8,33,27,398.6,0.61,11.9,23.9,56.5,533.8,31,65,63.8,True,5,648.9,0
ag-04002,2026-02-16T13:30:00,C-235,lab,central,lecture,43.9,34,16,357.6,0.918,-6.6,21.7,53.6,619.4,79,5,52.7,False,1,715.8,0
ag-04003,2026-04-28T10:45:00,C-511,seminar,central,lab,70.6,51,41,295.2,0.404,15.5,20.6,75.0,812.7,90,1,58.5,False,5,880.8,0
ag-04004,2026-02-14T09:05:00,N-475,lecture,north,lecture,115.0,103,110,574.3,0.503,-6.2,26.1,63.7,1276.5,33,49,67.4,False,2,1680.5,1
ag-04005,2026-03-21T11:50:00,S-285,seminar,south,practice,60.7,58,25,753.0,0.705,2.7,20.1,54.5,523.9,0,81,63.1,False,3,594.9,0
ag-04006,2026-04-19T08:10:00,W-245,seminar,west,practice,32.2,24,17,138.1,0.517,13.1,23.5,49.2,443.2,43,47,52.7,False,4,463.9,0
ag-04007,2026-04-16T13:45:00,S-413,seminar,south,lecture,33.5,24,20,131.9,0.396,14.9,22.8,69.2,527.8,0,85,67.4,False,6,465.6,0
ag-04008,2026-02-23T13:55:00,W-529,seminar,west,lecture,74.4,58,50,267.4,0.11,-1.4,25.9,59.2,851.8,65,30,70.2,True,4,1073.7,1
ag-04009,2026-04-03T18:20:00,N-339,lab,north,lab,24.9,23,10,172.0,0.596,2.2,23.6,49.9,579.4,90,4,60.6,False,7,656.3,0
ag-04010,2026-02-28T17:25:00,W-485,seminar,west,lecture,54.1,57,38,295.8,0.287,8.7,22.0,53.5,754.0,43,32,57.4,False,7,903.8,0
ag-04011,2026-03-16T13:05:00,C-333,lecture,central,lecture,159.2,114,30,639.7,0.507,-0.9,23.3,45.4,699.6,49,41,53.8,False,1,1029.1,0
ag-04012,2026-02-15T15:20:00,N-424,lecture,north,lab,72.7,61,57,281.9,0.249,-1.0,24.5,77.1,968.9,65,28,61.1,False,7,1306.7,1
ag-04013,2026-03-04T17:50:00,N-415,lecture,north,none,170.2,122,55,835.0,0.631,1.9,20.8,45.3,720.9,24,59,66.1,False,3,868.5,0
ag-04014,2026-02-17T16:20:00,W-587,lecture,west,none,68.0,56,16,619.3,0.634,-9.6,19.4,51.8,386.6,0,90,54.8,False,6,468.4,0
ag-04015,2026-03-10T13:45:00,W-153,seminar,west,lecture,68.7,55,43,417.7,0.411,-3.4,26.6,46.7,712.0,70,16,60.9,False,2,933.5,0
ag-04016,2026-03-27T08:35:00,S-286,lecture,south,practice,85.2,80,37,751.8,0.484,8.4,19.9,62.6,748.1,54,23,58.2,False,7,1010.2,0
ag-04017,2026-03-22T12:10:00,N-472,lecture,north,practice,110.2,90,45,631.9,0.63,7.5,24.4,57.8,569.0,42,36,52.4,False,3,765.2,0
ag-04018,2026-04-28T14:05:00,E-347,seminar,east,lecture,43.6,40,37,324.2,0.407,15.4,24.8,66.1,791.0,46,52,58.0,False,2,988.0,0
ag-04019,2026-03-30T08:40:00,E-592,seminar,east,none,65.2,52,16,463.6,0.791,10.3,20.9,69.8,380.0,46,42,54.9,False,1,517.3,0
ag-04020,2026-04-30T08:20:00,C-102,lecture,central,none,78.7,55,7,351.8,0.376,13.9,23.3,46.8,454.5,26,69,42.9,False,2,404.5,0
ag-04021,2026-04-03T12:10:00,C-119,lab,central,none,41.0,30,4,337.0,0.539,3.5,20.8,48.9,499.2,51,38,46.8,False,7,557.3,0
ag-04022,2026-02-19T17:50:00,S-126,coworking,south,exam,73.1,76,71,650.1,0.666,-4.5,22.9,61.8,913.9,79,9,60.4,False,1,1244.3,1
ag-04023,2026-04-15T13:20:00,C-552,seminar,central,lab,59.7,56,38,455.6,0.23,11.4,23.6,64.0,677.6,79,23,68.7,False,7,913.3,0
ag-04024,2026-03-20T08:05:00,C-181,lecture,central,practice,128.8,106,73,895.0,0.553,3.1,21.6,56.1,879.7,55,33,61.6,False,5,1168.5,1
ag-04025,2026-02-26T15:45:00,N-492,coworking,north,lab,44.1,40,31,370.4,0.601,0.3,24.4,52.7,705.5,82,9,63.0,False,7,917.0,0
ag-04026,2026-03-13T11:05:00,S-567,seminar,south,lecture,69.9,62,46,379.9,0.314,-0.9,23.5,53.2,678.9,45,53,61.7,False,1,888.8,0
ag-04027,2026-04-14T15:20:00,W-244,lecture,west,lab,62.7,55,24,307.6,0.441,8.0,21.9,44.6,591.5,17,67,49.9,False,2,700.5,0
ag-04028,2026-03-20T15:20:00,E-372,lecture,east,lecture,98.7,72,49,485.3,0.587,5.6,22.7,55.7,658.8,26,61,51.3,False,5,952.7,0
ag-04029,2026-05-12T16:50:00,E-118,seminar,east,practice,44.7,37,30,315.6,0.556,20.8,26.6,66.8,561.7,6,78,65.2,True,7,708.9,0
ag-04030,2026-02-16T15:25:00,E-500,seminar,east,lab,23.1,22,15,117.0,0.143,-1.0,23.9,57.7,658.1,60,38,66.4,False,3,805.2,0
ag-04031,2026-02-13T16:25:00,W-328,coworking,west,lab,52.3,55,39,363.5,0.593,-5.2,24.9,53.2,674.8,30,70,66.1,False,7,803.9,0
ag-04032,2026-05-03T13:25:00,E-474,lecture,east,none,89.7,93,30,898.9,0.549,7.7,24.5,55.4,569.1,43,51,44.4,True,5,715.5,0
ag-04033,2026-03-21T13:40:00,N-510,coworking,north,lecture,93.6,67,64,546.1,0.43,10.2,23.2,45.6,863.4,38,50,74.5,False,1,1117.2,1
ag-04034,2026-02-13T10:10:00,E-567,lecture,east,lecture,83.8,69,62,528.7,0.671,-4.4,25.2,65.2,793.0,18,50,57.6,False,2,882.2,0
ag-04035,2026-03-11T09:50:00,S-525,seminar,south,lecture,58.8,51,39,346.4,0.401,13.1,23.2,69.9,629.3,60,28,68.4,True,7,835.2,0
ag-04036,2026-03-31T13:15:00,W-273,seminar,west,lecture,25.6,20,12,166.3,0.631,13.7,23.3,56.3,500.7,47,44,57.9,False,3,530.3,0
ag-04037,2026-02-19T16:15:00,W-568,lecture,west,none,151.5,106,52,1489.8,0.795,2.8,25.2,61.8,753.9,29,50,56.3,True,7,1035.4,0
ag-04038,2026-03-18T15:45:00,C-342,coworking,central,practice,68.8,58,28,629.2,0.534,5.0,24.5,52.4,528.9,62,41,52.6,False,5,605.5,0
ag-04039,2026-05-15T11:45:00,N-128,lecture,north,lecture,125.4,121,76,607.5,0.292,17.2,23.0,45.9,951.0,74,24,59.3,True,3,1475.8,1
ag-04040,2026-03-18T13:25:00,S-156,lab,south,lecture,17.1,18,11,115.5,0.557,7.6,24.8,57.9,514.9,12,86,56.2,False,1,544.7,0
ag-04041,2026-05-19T13:25:00,E-543,lecture,east,practice,59.0,61,41,438.5,0.407,17.3,26.2,43.8,768.7,55,32,56.0,True,2,973.9,0
ag-04042,2026-05-06T17:50:00,C-254,lab,central,lecture,39.7,31,28,243.4,0.403,21.9,23.2,53.0,562.3,35,61,68.1,True,2,648.6,0
ag-04043,2026-04-16T11:05:00,W-441,lab,west,lecture,20.9,20,15,130.2,0.456,24.5,22.3,48.4,553.0,81,16,65.9,False,2,600.1,0
ag-04044,2026-03-14T08:40:00,S-278,lecture,south,none,131.1,110,28,1163.3,0.508,-2.6,22.2,59.0,747.7,76,8,49.7,False,2,918.5,0
ag-04045,2026-04-11T08:40:00,S-573,lab,south,lecture,20.9,19,15,144.1,0.597,8.4,27.0,63.7,612.8,69,19,61.3,False,6,877.4,0
ag-04046,2026-02-22T14:15:00,C-513,lab,central,lecture,39.0,38,38,319.9,0.6,3.6,25.5,70.2,604.6,14,82,69.7,False,3,783.9,0
ag-04047,2026-05-08T14:10:00,E-349,coworking,east,practice,60.1,58,54,765.1,0.876,23.9,24.3,61.8,661.6,10,74,59.9,True,2,758.4,0
ag-04048,2026-04-10T17:30:00,E-255,coworking,east,lab,81.6,67,45,398.4,0.305,4.7,24.5,75.3,658.6,35,41,62.0,False,4,806.0,0
ag-04049,2026-05-06T15:00:00,E-326,seminar,east,practice,58.1,41,33,433.7,0.506,11.1,25.0,60.8,534.6,0,83,55.3,True,4,692.3,0
ag-04050,2026-03-25T10:30:00,C-301,seminar,central,exam,36.7,26,25,225.6,0.725,13.0,22.2,66.0,463.0,13,72,66.0,True,1,499.5,0
ag-04051,2026-04-02T15:05:00,E-447,seminar,east,lecture,46.2,43,35,445.3,0.489,9.2,22.0,49.3,776.7,55,45,55.7,False,2,989.1,0
ag-04052,2026-03-16T09:35:00,S-153,coworking,south,lecture,67.2,47,34,280.8,0.17,5.0,24.2,66.3,689.9,65,32,72.7,False,5,849.3,0
ag-04053,2026-03-27T18:30:00,C-497,seminar,central,practice,29.2,21,15,125.6,0.188,9.4,22.3,46.1,584.6,61,10,60.0,False,1,580.7,0
ag-04054,2026-05-17T16:05:00,W-547,seminar,west,lecture,36.1,33,28,287.5,0.582,18.9,22.2,51.6,604.5,54,20,58.4,True,1,701.6,0
ag-04055,2026-04-08T16:45:00,N-513,seminar,north,lecture,28.2,23,24,155.3,0.479,20.3,23.6,77.2,556.4,45,48,54.8,True,5,667.4,0
ag-04056,2026-05-18T11:40:00,C-268,lecture,central,lecture,123.7,126,85,802.8,0.414,11.2,25.7,50.3,1103.4,52,29,53.5,True,7,1385.7,1
ag-04057,2026-04-30T09:45:00,N-415,seminar,north,lecture,89.7,64,72,464.7,0.836,13.0,25.0,47.2,959.5,45,42,65.6,False,1,1215.1,1
ag-04058,2026-04-21T16:05:00,C-154,seminar,central,exam,31.6,31,31,207.0,0.526,14.6,23.1,60.3,722.4,89,0,66.2,False,6,891.8,0
ag-04059,2026-03-14T10:10:00,S-121,lab,south,practice,32.8,34,21,351.0,0.699,2.8,23.3,51.1,561.6,80,5,56.6,False,3,781.5,0
ag-04060,2026-04-01T12:20:00,N-510,seminar,north,lecture,63.2,53,38,323.8,0.171,3.7,24.7,50.4,728.8,63,33,52.3,False,4,1042.8,0
ag-04061,2026-03-20T14:55:00,S-556,lab,south,lab,36.6,33,23,361.8,0.564,3.2,25.7,55.5,622.2,86,1,58.6,False,2,672.7,0
ag-04062,2026-04-12T08:30:00,W-456,seminar,west,exam,76.4,56,64,540.7,0.679,3.5,25.8,68.3,867.7,80,13,77.7,False,4,1162.1,1
ag-04063,2026-04-18T17:15:00,E-548,lecture,east,practice,65.0,66,45,427.9,0.186,14.1,21.7,46.5,864.2,23,78,64.7,False,2,1070.7,0
ag-04064,2026-05-19T15:15:00,W-500,lecture,west,practice,167.2,125,109,475.8,0.21,7.1,24.1,59.3,1374.6,50,45,64.8,True,3,1907.2,1
ag-04065,2026-04-22T10:30:00,C-551,lecture,central,lab,87.1,85,54,538.4,0.66,10.2,21.6,53.6,750.9,8,82,62.9,False,5,848.9,0
ag-04066,2026-04-13T14:25:00,N-122,seminar,north,practice,71.8,55,40,694.8,0.681,14.2,22.0,58.1,573.9,23,74,49.6,False,5,716.5,0
ag-04067,2026-03-22T13:45:00,W-400,lab,west,none,45.3,43,15,525.8,0.698,6.3,22.8,45.3,450.7,78,12,59.4,False,5,496.0,0
ag-04068,2026-03-30T10:15:00,S-311,seminar,south,exam,23.1,25,23,187.1,0.334,3.3,26.4,53.8,605.5,42,51,55.3,False,6,658.0,0
ag-04069,2026-04-08T10:10:00,C-232,coworking,central,none,45.5,32,1,376.4,0.639,3.8,21.7,22.5,544.6,88,0,44.7,False,3,483.6,0
ag-04070,2026-03-30T13:20:00,N-582,seminar,north,lecture,40.3,37,15,183.9,0.423,11.5,24.8,52.9,466.6,48,55,55.6,False,6,507.3,0
ag-04071,2026-04-03T10:20:00,W-543,lecture,west,practice,86.9,77,49,372.3,0.374,12.5,22.8,53.6,709.9,15,77,51.2,False,5,1000.5,0
ag-04072,2026-04-08T09:20:00,S-482,lecture,south,none,165.3,116,12,638.4,0.092,8.6,24.4,51.9,554.2,58,35,43.7,False,5,771.7,0
ag-04073,2026-03-07T12:45:00,S-468,seminar,south,practice,42.9,32,14,251.7,0.297,7.1,23.2,55.8,571.3,51,24,56.1,False,1,693.0,0
ag-04074,2026-05-01T09:20:00,N-104,seminar,north,exam,74.5,55,55,278.9,0.254,5.6,23.9,46.8,858.7,44,54,64.6,True,5,1064.8,0
ag-04075,2026-05-07T18:40:00,E-143,seminar,east,none,30.7,32,10,203.9,0.685,9.3,22.4,51.8,483.0,70,21,41.3,True,6,519.5,0
ag-04076,2026-02-17T16:35:00,S-251,seminar,south,practice,39.5,40,17,319.4,0.291,6.7,24.3,47.9,512.7,18,62,48.3,False,4,580.6,0
ag-04077,2026-03-10T15:40:00,N-444,lab,north,lecture,32.0,30,26,268.2,0.787,9.5,25.8,41.0,450.1,0,90,64.2,False,4,662.7,0
ag-04078,2026-03-08T16:30:00,C-211,lab,central,lecture,50.8,37,26,363.5,0.846,-6.4,23.3,51.2,641.7,65,24,54.8,False,7,809.4,0
ag-04079,2026-04-24T08:00:00,N-376,seminar,north,lecture,47.8,51,45,398.3,0.356,15.0,25.8,63.5,808.2,60,24,61.3,False,3,1007.7,1
ag-04080,2026-03-06T14:55:00,C-182,lecture,central,practice,84.2,60,52,498.7,0.524,10.7,24.8,69.9,782.2,53,33,69.1,False,7,978.8,0
ag-04081,2026-04-29T18:30:00,C-251,seminar,central,lab,35.0,34,27,429.7,0.716,14.1,21.8,61.0,556.7,40,48,66.6,False,1,729.6,0
ag-04082,2026-05-07T17:00:00,C-246,lecture,central,practice,120.1,106,75,1126.3,0.462,26.1,22.6,58.4,919.5,14,71,52.9,True,4,1293.7,1
ag-04083,2026-05-12T14:10:00,C-208,seminar,central,lecture,66.0,60,41,381.8,0.255,8.0,22.9,54.5,643.0,0,90,64.5,True,5,816.6,0
ag-04084,2026-05-11T10:35:00,N-426,lab,north,lecture,42.7,40,19,257.6,0.618,17.4,20.1,49.5,618.1,52,38,48.6,True,3,758.5,0
ag-04085,2026-05-10T17:20:00,S-397,lecture,south,lecture,94.1,73,49,510.4,0.398,21.0,26.6,46.5,763.6,39,43,59.8,True,6,978.2,0
ag-04086,2026-04-09T08:15:00,E-120,lecture,east,lecture,79.7,65,53,519.6,0.447,11.1,24.3,73.6,931.9,40,56,60.6,False,1,1170.0,1
ag-04087,2026-02-11T17:30:00,S-244,seminar,south,practice,86.0,61,45,354.4,0.417,4.6,22.7,70.1,920.7,22,65,56.8,False,3,1161.0,1
ag-04088,2026-02-15T09:00:00,W-587,lab,west,practice,32.7,27,22,187.3,0.345,3.8,25.5,70.7,679.5,66,35,64.8,False,3,833.1,0
ag-04089,2026-04-24T08:50:00,W-508,lecture,west,none,63.3,65,1,642.8,0.523,4.5,20.8,38.7,497.6,72,12,50.4,False,1,455.5,0
ag-04090,2026-05-16T08:00:00,N-199,lab,north,practice,34.8,27,22,243.4,0.718,11.4,25.0,67.0,538.4,28,64,63.5,True,2,617.3,0
ag-04091,2026-04-12T13:15:00,S-260,lecture,south,exam,126.2,96,103,790.0,0.33,17.0,26.9,75.4,1020.1,64,25,68.6,False,2,1460.8,1
ag-04092,2026-04-14T13:10:00,C-140,lecture,central,lecture,112.2,92,61,1197.1,0.691,18.3,22.5,66.7,852.6,49,31,52.9,False,4,1055.0,0
ag-04093,2026-04-30T17:00:00,E-166,coworking,east,exam,77.3,61,68,496.0,0.715,13.7,26.7,68.3,916.6,56,29,65.1,False,2,1157.0,1
ag-04094,2026-05-01T14:55:00,W-190,lab,west,lecture,55.0,38,41,374.3,0.818,9.2,22.6,61.1,688.2,44,44,76.1,True,7,948.9,0
ag-04095,2026-02-26T12:40:00,S-336,seminar,south,none,77.5,63,9,426.2,0.607,-4.5,23.1,30.2,448.3,34,57,47.8,False,6,348.6,0
ag-04096,2026-04-14T18:50:00,N-101,lab,north,practice,40.9,44,37,423.9,0.818,11.6,22.1,64.4,667.5,87,9,61.4,False,2,833.7,0
ag-04097,2026-04-12T10:55:00,C-454,lecture,central,none,125.5,112,2,1290.6,0.606,14.9,21.7,48.6,380.0,60,30,45.0,False,1,437.1,0
ag-04098,2026-04-07T13:30:00,S-457,seminar,south,lab,40.0,39,21,346.3,0.379,8.7,24.8,61.1,499.6,28,71,53.7,False,2,621.8,0
ag-04099,2026-04-13T09:30:00,N-259,seminar,north,lecture,88.0,64,69,249.0,0.162,10.4,21.9,69.7,940.2,26,63,61.7,False,6,1323.2,1
ag-04100,2026-03-07T18:20:00,W-518,lab,west,lecture,24.4,27,18,232.7,0.66,4.2,23.4,66.2,565.0,56,36,62.2,False,7,574.3,0
ag-04101,2026-03-19T09:45:00,S-553,lecture,south,lecture,70.8,73,43,592.0,0.577,7.5,24.0,78.1,780.7,37,42,52.7,False,1,1197.1,1
ag-04102,2026-03-25T18:45:00,S-561,coworking,south,lecture,23.5,26,17,181.4,0.29,3.1,25.5,54.7,504.6,31,73,45.3,False,1,553.3,0
ag-04103,2026-04-03T15:55:00,N-182,lab,north,practice,40.4,39,26,373.0,0.427,4.5,24.9,52.8,517.3,38,58,63.1,False,3,539.1,0
ag-04104,2026-03-11T17:50:00,C-467,lecture,central,lab,164.6,128,100,606.6,0.329,8.4,21.4,62.4,1038.5,35,77,60.7,False,6,1430.0,1
ag-04105,2026-02-27T10:15:00,C-444,seminar,central,practice,40.1,40,26,259.0,0.284,6.0,21.7,58.2,523.0,13,80,58.6,False,6,645.4,0
ag-04106,2026-02-12T12:05:00,W-142,seminar,west,practice,48.7,47,47,250.9,0.503,7.1,21.9,63.7,676.3,29,66,72.2,False,1,923.4,0
ag-04107,2026-04-09T09:45:00,W-117,seminar,west,practice,55.1,60,39,586.2,0.425,2.4,25.9,48.3,632.5,11,90,55.4,False,2,717.2,0
ag-04108,2026-04-13T14:20:00,N-143,seminar,north,exam,68.2,63,51,462.8,0.838,8.1,24.6,55.6,766.5,44,43,60.0,False,4,854.7,0
ag-04109,2026-04-18T14:55:00,N-397,seminar,north,lecture,41.3,41,34,476.5,0.624,11.2,24.5,78.0,644.3,76,2,56.6,False,4,584.6,0
ag-04110,2026-04-07T17:25:00,S-457,lecture,south,lab,139.5,129,123,875.4,0.258,9.1,24.1,60.5,1556.1,54,43,67.3,False,3,2070.4,1
ag-04111,2026-04-25T14:25:00,C-560,seminar,central,none,26.4,28,15,169.4,0.576,4.4,21.7,66.4,380.0,57,17,52.8,False,7,344.2,0
ag-04112,2026-04-11T14:45:00,N-498,coworking,north,none,46.2,41,7,252.7,0.66,4.2,20.2,67.2,496.8,45,48,46.1,False,3,577.9,0
ag-04113,2026-04-23T12:45:00,E-398,lab,east,exam,20.6,21,18,229.8,0.534,9.3,24.2,42.6,483.8,7,84,60.5,False,7,571.4,0
ag-04114,2026-04-27T16:00:00,N-161,seminar,north,lecture,51.0,43,25,449.6,0.523,11.0,23.2,57.8,617.7,71,6,57.6,False,2,653.0,0
ag-04115,2026-05-10T15:25:00,S-359,lecture,south,lecture,168.7,129,113,727.8,0.566,13.0,25.2,58.5,1070.3,43,45,63.3,True,2,1499.3,1
ag-04116,2026-04-02T16:20:00,E-359,seminar,east,lecture,37.5,26,10,247.7,0.397,9.5,22.6,58.2,582.7,77,8,59.4,False,5,583.6,0
ag-04117,2026-05-01T17:25:00,C-225,lab,central,lab,27.7,29,18,258.1,0.765,10.8,22.8,52.6,589.7,37,54,56.3,True,3,724.3,0
ag-04118,2026-04-29T09:45:00,E-356,seminar,east,exam,52.0,55,49,567.9,0.781,12.1,25.6,53.7,657.2,4,84,64.5,False,7,885.6,0
ag-04119,2026-05-06T17:40:00,W-241,lecture,west,lecture,151.3,129,126,1241.4,0.556,17.4,21.6,72.9,1339.1,62,33,62.0,True,6,1983.4,1
ag-04120,2026-04-05T10:20:00,S-548,lecture,south,practice,81.9,82,46,880.9,0.615,8.1,22.6,58.5,722.2,38,49,64.4,False,7,815.8,0
ag-04121,2026-03-17T17:10:00,C-351,lecture,central,none,138.1,107,22,1163.1,0.546,-2.8,23.6,65.7,542.3,46,51,43.8,False,6,591.8,0
ag-04122,2026-02-25T13:10:00,E-364,lecture,east,practice,75.6,62,30,290.2,0.234,4.3,25.3,67.7,674.0,25,60,48.6,False,2,838.1,0
ag-04123,2026-03-20T11:15:00,E-442,coworking,east,none,41.6,33,13,166.1,0.101,15.9,23.6,37.5,486.2,11,72,51.2,False,5,626.6,0
ag-04124,2026-02-12T08:05:00,N-506,seminar,north,lecture,49.4,40,37,374.5,0.37,-0.7,21.5,53.9,611.8,3,84,66.5,True,4,885.7,0
ag-04125,2026-03-09T14:35:00,W-306,lecture,west,lab,114.5,98,88,953.0,0.573,0.8,23.7,79.2,881.8,47,37,60.7,False,1,1277.3,1
ag-04126,2026-04-01T14:55:00,N-555,seminar,north,exam,41.3,30,33,175.7,0.46,9.6,28.6,65.5,676.0,77,12,74.8,False,5,932.6,0
ag-04127,2026-04-27T15:25:00,S-312,lab,south,none,34.1,36,13,250.7,0.738,9.4,21.6,51.2,531.8,54,43,51.0,False,5,742.6,0
ag-04128,2026-05-11T17:25:00,C-393,lecture,central,none,124.3,121,51,634.1,0.473,21.4,23.0,58.2,798.6,33,65,60.1,True,3,988.0,0
ag-04129,2026-03-02T17:20:00,C-578,lecture,central,none,113.7,125,46,580.3,0.232,-1.6,21.7,56.8,703.8,34,46,52.1,False,4,933.4,0
ag-04130,2026-04-12T14:50:00,C-529,seminar,central,practice,34.4,36,34,278.0,0.487,2.5,22.9,57.1,737.2,18,73,69.3,False,6,868.7,0
ag-04131,2026-05-05T14:20:00,W-306,lab,west,none,24.6,27,7,292.4,0.838,13.0,24.2,28.3,517.8,66,7,48.7,True,7,567.9,0
ag-04132,2026-02-26T14:25:00,E-402,seminar,east,practice,40.7,43,28,276.3,0.164,4.3,25.0,48.8,565.8,4,90,54.3,False,2,633.6,0
ag-04133,2026-02-16T18:05:00,C-132,lecture,central,lab,95.5,81,53,827.2,0.598,-8.3,24.8,49.6,869.1,32,68,64.3,True,4,1099.9,0
ag-04134,2026-04-15T13:40:00,S-111,lab,south,lecture,23.9,19,12,212.5,0.628,22.7,26.6,66.6,618.9,90,0,53.5,False,7,662.8,0
ag-04135,2026-05-10T11:50:00,C-372,lab,central,lab,55.8,41,26,343.7,0.432,15.1,23.8,62.2,568.7,22,72,59.2,True,1,733.6,0
ag-04136,2026-02-23T17:00:00,C-503,seminar,central,practice,53.0,54,27,265.8,0.273,3.2,25.3,57.9,561.4,13,90,55.4,False,1,611.6,0
ag-04137,2026-03-08T09:35:00,N-212,lab,north,practice,34.3,31,36,255.1,0.59,1.0,25.5,67.7,692.5,46,47,66.0,True,1,900.5,0
ag-04138,2026-02-09T17:10:00,S-338,lecture,south,practice,159.1,119,89,1137.5,0.584,0.1,22.5,56.3,983.1,34,55,61.4,False,7,1397.7,1
ag-04139,2026-05-18T10:15:00,N-418,lab,north,practice,37.3,27,15,284.4,0.556,11.1,22.0,56.2,580.3,55,25,59.2,True,2,559.7,0
ag-04140,2026-04-30T15:35:00,E-513,lab,east,practice,32.7,31,16,199.3,0.302,13.2,25.2,57.7,565.7,61,27,50.6,False,5,664.5,0
ag-04141,2026-02-23T09:20:00,N-202,lecture,north,none,93.1,99,6,767.3,0.228,-7.4,24.4,50.2,535.9,66,11,58.0,False,6,563.0,0
ag-04142,2026-02-11T09:05:00,C-251,lab,central,lab,27.7,22,16,202.5,0.372,0.6,25.9,54.7,645.6,60,20,62.0,False,7,762.9,0
ag-04143,2026-03-08T12:15:00,W-598,seminar,west,lab,43.5,32,23,425.9,0.737,4.4,23.1,46.8,492.4,63,16,63.0,False,5,561.9,0
ag-04144,2026-04-29T15:55:00,C-146,seminar,central,lecture,29.4,22,18,229.6,0.607,-0.8,22.4,53.2,590.9,15,65,62.2,False,2,703.8,0
ag-04145,2026-02-27T16:10:00,S-250,lecture,south,none,110.8,83,41,709.4,0.444,10.3,21.4,65.3,677.5,18,61,56.3,True,1,822.0,0
ag-04146,2026-03-08T15:30:00,E-396,lecture,east,practice,102.9,108,39,583.4,0.423,8.0,26.0,62.8,702.2,41,42,48.4,False,4,805.3,0
ag-04147,2026-02-23T12:55:00,E-529,lab,east,lab,43.8,31,14,395.6,0.668,4.3,24.2,48.6,380.0,35,60,58.5,False,6,475.9,0
ag-04148,2026-02-28T11:45:00,E-432,coworking,east,lab,44.9,33,38,159.1,0.298,3.9,25.0,58.9,807.7,45,33,76.6,False,5,1072.2,0
ag-04149,2026-05-02T09:15:00,W-135,seminar,west,lecture,57.2,47,34,288.8,0.454,6.8,20.4,55.7,612.9,9,75,58.6,True,4,767.2,0
ag-04150,2026-03-05T12:35:00,E-354,lecture,east,lab,119.4,93,23,407.2,0.32,6.4,24.1,47.6,670.0,61,21,51.2,False,1,848.4,0
ag-04151,2026-03-21T10:15:00,W-349,lab,west,practice,36.5,38,25,362.6,0.575,4.1,23.0,51.1,624.3,52,50,67.5,False,1,704.4,0
ag-04152,2026-04-19T17:15:00,E-218,lecture,east,lecture,101.6,75,44,1036.4,0.81,9.6,24.9,60.5,729.2,12,67,53.2,False,6,896.2,0
ag-04153,2026-02-25T15:50:00,W-526,seminar,west,practice,58.8,51,47,354.9,0.52,5.7,25.2,68.4,712.7,42,39,63.5,True,2,857.9,0
ag-04154,2026-04-18T15:25:00,C-205,lecture,central,practice,89.5,70,62,703.9,0.662,4.8,26.0,51.0,1053.4,28,59,65.0,True,2,1310.6,1
ag-04155,2026-03-18T12:35:00,W-392,lecture,west,lecture,85.3,64,59,677.9,0.54,13.0,23.5,71.1,779.7,26,72,70.8,False,4,968.1,0
ag-04156,2026-02-09T11:05:00,E-596,coworking,east,lecture,30.4,26,19,164.6,0.497,-2.1,24.9,74.2,525.2,9,74,52.4,True,5,505.6,0
ag-04157,2026-02-28T12:50:00,C-313,seminar,central,lab,29.9,25,17,167.8,0.262,11.0,25.7,46.0,615.3,46,41,57.4,False,6,653.4,0
ag-04158,2026-04-08T13:15:00,C-580,seminar,central,practice,57.8,45,37,389.1,0.434,13.0,23.6,59.6,545.7,14,83,60.6,False,4,848.2,0
ag-04159,2026-04-06T11:55:00,S-185,lecture,south,lecture,89.8,75,58,397.7,0.311,10.3,22.4,56.3,734.8,41,57,67.5,False,6,1136.1,1
ag-04160,2026-05-08T12:25:00,E-539,coworking,east,lab,85.1,71,39,787.4,0.713,12.0,22.6,52.1,565.1,0,85,54.6,True,7,716.9,0
ag-04161,2026-04-24T11:45:00,C-108,lecture,central,practice,137.5,112,100,1179.7,0.604,9.4,22.0,57.6,1167.2,63,43,70.1,False,3,1477.8,1
ag-04162,2026-03-30T15:10:00,E-209,coworking,east,none,31.7,22,8,156.9,0.31,2.8,21.3,51.4,581.1,62,30,57.5,False,6,706.8,0
ag-04163,2026-05-19T16:45:00,E-114,seminar,east,exam,32.5,32,38,322.2,0.759,22.7,23.9,62.4,542.4,72,7,64.0,True,3,774.2,0
ag-04164,2026-02-17T16:35:00,S-495,lab,south,lecture,40.2,31,16,323.9,0.628,2.5,22.6,57.8,625.9,62,26,54.1,False,4,646.8,0
ag-04165,2026-04-04T13:15:00,E-582,lecture,east,practice,173.6,125,47,811.2,0.376,7.2,23.2,54.2,673.0,60,16,45.0,False,7,950.1,0
ag-04166,2026-02-21T18:25:00,C-564,lecture,central,practice,169.7,126,87,551.6,0.314,2.7,22.8,54.9,1170.1,60,37,58.1,False,6,1472.5,1
ag-04167,2026-04-28T18:10:00,S-470,seminar,south,lab,31.0,33,28,351.9,0.618,4.2,25.0,57.5,671.4,44,40,62.3,False,3,773.9,0
ag-04168,2026-04-27T12:30:00,C-437,lab,central,lab,25.6,18,6,116.2,0.56,16.8,23.1,44.1,551.0,59,32,43.2,False,1,640.2,0
ag-04169,2026-04-18T15:20:00,W-364,seminar,west,lecture,53.2,49,37,207.4,0.05,9.7,27.5,50.0,868.5,74,10,61.9,False,4,1074.9,0
ag-04170,2026-04-07T10:30:00,N-144,lab,north,none,40.1,39,10,336.3,0.456,6.7,22.5,57.7,466.6,60,32,49.1,False,1,511.3,0
ag-04171,2026-02-13T08:40:00,C-444,lecture,central,lab,98.4,103,83,647.2,0.191,-7.1,23.6,49.1,936.8,50,32,66.9,False,6,1278.3,1
ag-04172,2026-02-17T17:35:00,S-127,lecture,south,lecture,85.9,74,42,601.3,0.494,-0.1,24.9,71.9,539.6,23,65,68.2,False,4,625.0,0
ag-04173,2026-02-21T15:15:00,N-281,lecture,north,none,135.3,112,46,576.3,0.169,6.3,22.3,39.8,739.2,18,67,53.5,True,1,914.0,0
ag-04174,2026-03-22T15:30:00,E-107,lecture,east,none,130.5,93,33,832.4,0.491,5.8,21.5,45.9,504.0,0,90,46.3,False,1,550.9,0
ag-04175,2026-03-18T16:30:00,C-423,coworking,central,none,51.5,44,8,287.2,0.374,9.4,24.5,48.1,541.7,67,20,49.2,False,1,584.2,0
ag-04176,2026-05-15T16:15:00,W-176,lecture,west,lab,93.1,102,75,972.4,0.516,21.2,24.2,64.6,874.9,14,78,61.0,True,4,1235.8,1
ag-04177,2026-02-16T17:20:00,W-372,lecture,west,lecture,108.0,83,67,760.0,0.61,-4.3,23.4,66.9,981.1,73,22,65.1,True,1,1344.8,1
ag-04178,2026-04-21T15:55:00,C-150,seminar,central,lab,38.6,31,17,145.7,0.157,14.2,24.4,37.3,590.9,20,65,47.5,False,3,682.7,0
ag-04179,2026-03-27T16:40:00,C-153,lab,central,none,42.4,34,11,218.1,0.411,14.2,22.0,51.7,598.7,87,1,61.2,False,4,635.4,0
ag-04180,2026-03-07T17:20:00,C-223,lab,central,practice,32.9,31,20,272.3,0.311,4.1,24.2,61.5,575.3,45,37,68.3,False,7,654.1,0
ag-04181,2026-04-19T08:25:00,E-184,seminar,east,lab,26.9,25,24,182.9,0.385,15.8,22.4,63.3,542.4,46,45,65.1,False,5,620.4,0
ag-04182,2026-04-27T16:45:00,N-172,seminar,north,practice,51.7,39,37,311.1,0.404,10.1,26.4,71.4,575.0,14,77,59.3,True,2,681.2,0
ag-04183,2026-05-18T13:20:00,S-278,lecture,south,lab,88.5,64,40,414.4,0.578,14.3,23.4,62.2,806.8,90,0,57.1,True,7,1011.7,0
ag-04184,2026-05-04T10:55:00,S-526,coworking,south,practice,64.9,46,36,300.4,0.263,29.4,23.1,72.7,727.6,75,10,59.3,True,1,837.2,0
ag-04185,2026-02-28T11:15:00,C-470,seminar,central,practice,62.2,48,28,460.2,0.392,-0.2,23.9,55.6,547.8,0,81,64.9,False,7,700.3,0
ag-04186,2026-04-30T11:20:00,S-139,seminar,south,practice,75.4,53,53,370.1,0.407,15.3,23.4,68.7,639.3,36,58,58.3,True,1,974.1,0
ag-04187,2026-04-20T11:10:00,N-455,seminar,north,practice,86.6,60,35,534.4,0.36,13.9,24.4,58.1,537.2,32,60,66.5,False,7,708.4,0
ag-04188,2026-05-01T13:35:00,C-492,seminar,central,none,58.5,43,3,488.3,0.542,11.6,20.3,46.2,487.3,27,63,38.7,True,7,477.8,0
ag-04189,2026-03-15T18:20:00,S-179,lecture,south,lecture,114.4,113,100,920.6,0.538,10.5,22.2,54.1,1261.0,90,5,68.8,False,2,1543.9,1
ag-04190,2026-04-02T18:00:00,S-460,lecture,south,lecture,154.8,127,66,606.5,0.38,11.7,25.5,59.5,972.2,72,13,51.4,False,7,1119.4,1
ag-04191,2026-02-17T11:10:00,W-130,seminar,west,exam,44.1,38,17,389.5,0.571,-6.8,22.6,60.0,415.7,0,90,46.5,False,1,379.1,0
ag-04192,2026-03-02T12:45:00,N-531,lecture,north,lecture,87.0,76,46,808.1,0.529,4.6,24.6,57.4,625.6,5,83,60.3,False,7,935.1,0
ag-04193,2026-05-07T11:00:00,E-442,seminar,east,practice,79.6,55,40,348.3,0.709,17.2,22.9,57.1,577.0,58,35,54.5,True,1,755.9,0
ag-04194,2026-02-27T11:10:00,W-132,lab,west,practice,28.1,23,15,256.2,0.694,1.6,23.7,45.7,566.5,55,47,58.9,False,2,560.7,0
ag-04195,2026-05-12T18:00:00,W-135,coworking,west,lecture,33.0,24,19,106.6,0.282,21.5,23.8,57.5,658.5,28,62,62.5,True,7,790.1,0
ag-04196,2026-03-02T09:55:00,C-103,seminar,central,lab,44.8,49,32,546.8,0.579,-0.6,24.5,59.1,566.6,49,51,54.8,False,5,668.8,0
ag-04197,2026-02-22T10:00:00,E-269,lecture,east,practice,106.6,109,76,1174.3,0.844,-1.7,25.8,42.2,825.3,41,44,58.4,False,6,1123.6,1
ag-04198,2026-04-28T10:30:00,N-334,lecture,north,none,173.8,123,40,817.6,0.588,15.7,23.2,42.1,617.9,28,72,48.0,False,5,782.4,0
ag-04199,2026-04-13T11:30:00,S-352,lecture,south,none,104.1,81,23,787.9,0.432,19.2,23.6,44.6,513.3,56,31,49.4,False,4,706.8,0
ag-04200,2026-04-02T17:10:00,W-338,lecture,west,lecture,109.0,85,33,1045.3,0.683,19.5,22.1,54.8,498.6,7,90,58.0,False,2,671.3,0
ag-04201,2026-02-21T15:30:00,S-293,coworking,south,practice,32.2,26,14,128.8,0.314,5.0,24.9,58.6,648.5,78,0,40.9,False,5,767.7,0
ag-04202,2026-02-13T08:10:00,S-323,lecture,south,lecture,161.3,123,73,913.5,0.54,1.2,24.2,48.5,821.4,9,78,53.7,False,3,1212.2,1
ag-04203,2026-03-02T13:30:00,W-157,lecture,west,lab,112.9,119,68,709.3,0.292,16.3,24.6,64.7,871.7,18,64,52.6,False,7,1291.7,1
ag-04204,2026-05-09T18:25:00,E-281,coworking,east,practice,74.5,67,58,540.0,0.435,15.2,23.4,55.2,987.4,88,0,64.6,True,6,1090.6,0
ag-04205,2026-04-13T14:45:00,W-364,seminar,west,practice,26.9,25,18,116.1,0.086,4.8,21.8,58.8,647.9,37,55,54.3,False,3,660.9,0
ag-04206,2026-03-31T14:45:00,N-348,lecture,north,lab,179.0,128,70,1193.4,0.577,15.6,23.7,66.8,920.3,35,51,56.2,False,7,1281.2,1
ag-04207,2026-04-05T16:35:00,N-223,seminar,north,lecture,66.8,52,38,403.5,0.502,7.4,25.2,55.1,766.5,66,26,58.1,True,4,991.3,0
ag-04208,2026-02-26T17:05:00,C-530,lecture,central,practice,104.5,88,50,608.1,0.444,0.9,21.8,61.3,976.1,45,53,47.0,False,5,1105.1,1
ag-04209,2026-05-06T10:30:00,W-208,lecture,west,lecture,97.1,91,78,750.6,0.55,12.9,23.0,55.0,801.6,17,71,65.3,True,7,1125.9,1
ag-04210,2026-05-04T18:30:00,C-215,coworking,central,none,73.2,74,16,744.2,0.549,11.7,20.8,51.2,493.0,17,90,42.8,True,6,487.7,0
ag-04211,2026-04-14T16:45:00,S-525,lecture,south,lab,116.2,102,60,707.5,0.225,17.2,21.6,49.1,989.3,50,50,52.8,False,3,1256.4,1
ag-04212,2026-02-26T14:45:00,C-158,seminar,central,none,46.5,49,9,255.3,0.203,-2.7,22.6,36.9,475.7,15,81,43.3,False,1,547.7,0
ag-04213,2026-03-10T13:55:00,E-592,seminar,east,lecture,40.3,35,16,270.9,0.414,9.5,20.5,63.2,481.9,42,41,53.7,False,5,565.8,0
ag-04214,2026-02-20T14:40:00,N-273,lab,north,lecture,24.7,19,14,85.9,0.269,3.1,25.5,55.5,583.2,75,11,61.1,False,5,735.1,0
ag-04215,2026-05-13T11:30:00,E-587,lecture,east,none,146.4,114,39,1005.7,0.355,24.0,21.4,49.0,714.6,70,33,43.2,True,1,1030.8,0
ag-04216,2026-04-08T14:30:00,C-276,seminar,central,lecture,19.8,20,18,122.9,0.13,6.1,24.5,67.7,787.4,71,33,70.1,False,3,968.4,0
ag-04217,2026-04-29T16:35:00,E-290,seminar,east,none,33.5,28,9,153.5,0.403,11.9,22.7,52.8,482.2,46,43,49.0,True,2,574.2,0
ag-04218,2026-05-15T15:45:00,W-536,coworking,west,exam,46.4,39,32,284.8,0.19,14.3,24.8,61.3,692.6,37,52,63.1,True,4,831.5,0
ag-04219,2026-04-02T08:05:00,S-430,seminar,south,lecture,63.4,46,36,387.3,0.397,6.8,25.8,60.5,547.7,48,49,59.8,False,1,782.3,0
ag-04220,2026-04-28T09:15:00,W-461,seminar,west,lecture,52.2,50,41,286.6,0.134,3.0,23.1,57.8,803.2,54,37,55.1,False,5,992.8,0
ag-04221,2026-05-17T10:35:00,W-263,lecture,west,practice,64.3,56,52,313.7,0.493,13.2,23.0,71.1,992.5,88,1,72.4,True,5,1087.3,0
ag-04222,2026-03-04T17:35:00,C-151,lecture,central,practice,108.9,100,39,884.8,0.428,1.1,20.9,61.0,572.6,0,87,47.2,False,6,663.7,0
ag-04223,2026-05-19T12:15:00,N-265,lecture,north,exam,104.6,87,102,897.9,0.644,24.8,24.4,59.1,1135.1,46,36,70.5,True,2,1429.1,1
ag-04224,2026-02-22T15:25:00,W-459,lecture,west,lab,168.5,128,80,976.3,0.37,7.6,22.4,69.5,1065.8,86,0,57.0,False,1,1234.5,1
ag-04225,2026-03-28T15:55:00,W-318,lecture,west,practice,64.0,66,56,381.9,0.238,6.9,24.7,66.1,944.8,65,52,62.7,True,3,1165.8,1
ag-04226,2026-03-21T17:10:00,C-130,lecture,central,none,60.6,58,5,741.3,0.792,9.8,23.2,53.0,450.3,38,65,52.0,False,2,459.4,0
ag-04227,2026-04-02T13:20:00,W-387,seminar,west,lecture,40.2,40,30,579.0,0.906,9.0,24.6,47.4,474.5,36,66,57.5,False,5,575.2,0
ag-04228,2026-03-27T17:25:00,S-148,lab,south,exam,39.2,35,31,328.3,0.576,2.9,24.0,66.7,663.1,90,5,61.7,False,2,925.1,0
ag-04229,2026-05-11T09:00:00,E-547,lecture,east,lecture,82.6,64,43,548.3,0.315,12.7,20.4,55.0,690.6,40,55,64.0,True,4,923.5,0
ag-04230,2026-05-02T18:50:00,W-310,lab,west,lecture,36.9,28,25,214.1,0.539,8.0,23.4,62.7,620.8,74,32,63.7,True,7,958.0,0
ag-04231,2026-04-28T10:00:00,E-160,coworking,east,lecture,36.7,33,29,305.0,0.572,16.9,25.2,67.9,490.2,5,87,68.9,False,5,619.5,0
ag-04232,2026-03-13T15:10:00,E-192,seminar,east,lecture,54.8,40,36,209.2,0.195,3.5,25.3,54.7,585.4,17,72,58.9,False,7,653.2,0
ag-04233,2026-03-02T17:25:00,E-115,lab,east,lab,30.7,23,19,176.9,0.411,1.2,24.4,50.8,670.8,62,22,59.6,False,6,758.7,0
ag-04234,2026-02-21T10:05:00,N-483,lab,north,exam,40.2,28,32,155.6,0.238,15.1,25.3,68.8,660.2,70,16,65.6,True,5,886.1,0
ag-04235,2026-04-02T15:15:00,C-386,lecture,central,lecture,147.6,124,78,921.2,0.785,17.2,24.1,50.0,832.1,25,71,61.6,False,2,1167.2,1
ag-04236,2026-04-21T16:05:00,W-381,seminar,west,lecture,34.7,35,32,248.9,0.165,10.3,24.8,55.7,607.8,0,80,64.1,False,6,800.3,0
ag-04237,2026-05-10T16:50:00,E-279,seminar,east,lecture,56.9,47,38,232.7,0.265,17.5,22.3,60.2,724.0,48,39,52.5,True,5,1012.2,0
ag-04238,2026-02-23T11:30:00,E-304,coworking,east,none,62.5,55,25,270.9,0.267,-0.2,23.4,57.8,590.9,39,51,46.1,False,5,716.7,0
ag-04239,2026-02-13T17:15:00,E-228,seminar,east,lecture,31.2,25,22,275.1,0.535,3.2,22.3,64.6,501.8,5,72,69.5,False,4,573.8,0
ag-04240,2026-04-29T13:55:00,E-542,lab,east,none,44.4,37,11,367.8,0.637,4.6,20.3,58.2,475.4,27,60,53.5,False,4,507.8,0
ag-04241,2026-03-31T16:00:00,N-525,seminar,north,practice,53.9,52,38,258.9,0.343,13.6,24.5,65.0,634.8,57,42,62.4,False,6,842.4,0
ag-04242,2026-03-04T09:45:00,S-315,seminar,south,practice,46.3,42,38,300.7,0.235,-2.4,21.8,59.6,626.0,4,79,65.3,False,5,866.4,0
ag-04243,2026-03-29T14:00:00,N-124,seminar,north,lecture,33.1,31,21,203.6,0.668,15.0,24.4,67.5,582.0,90,2,51.7,False,6,607.8,0
ag-04244,2026-02-14T12:20:00,S-412,lecture,south,practice,120.8,97,57,807.8,0.802,10.2,23.6,67.5,595.5,3,90,59.5,False,5,609.9,0
ag-04245,2026-03-27T11:10:00,C-455,lab,central,none,26.0,21,3,197.9,0.456,8.0,22.1,61.2,380.0,7,71,41.7,False,1,481.3,0
ag-04246,2026-04-26T09:10:00,S-455,lecture,south,none,84.0,65,3,873.7,0.743,16.2,20.9,47.9,418.1,41,46,40.4,True,7,369.8,0
ag-04247,2026-05-13T15:00:00,C-577,lab,central,lab,41.8,38,25,379.7,0.613,6.4,23.7,47.1,555.7,44,41,68.1,True,5,712.4,0
ag-04248,2026-04-16T11:45:00,W-430,lab,west,exam,21.2,20,22,103.1,0.426,6.3,23.9,64.8,615.3,70,22,69.7,True,1,864.0,0
ag-04249,2026-03-19T15:45:00,E-411,lecture,east,lecture,116.8,123,112,520.7,0.242,11.4,25.4,52.4,1141.4,39,56,64.7,False,2,1524.8,1
ag-04250,2026-02-24T08:20:00,N-254,seminar,north,lecture,48.2,39,23,297.8,0.741,-11.2,20.9,41.9,484.2,9,78,59.8,False,7,591.3,0
ag-04251,2026-05-06T09:50:00,S-561,lecture,south,lecture,71.1,78,72,378.3,0.124,10.6,23.3,51.0,1016.3,38,55,61.9,True,4,1422.4,1
ag-04252,2026-03-20T10:40:00,N-539,seminar,north,practice,56.0,58,48,358.4,0.596,12.2,22.9,56.9,782.8,59,20,57.8,True,1,1035.1,0
ag-04253,2026-03-10T16:00:00,C-586,seminar,central,lecture,38.6,27,18,172.6,0.614,4.6,24.5,51.7,437.6,32,62,58.5,False,7,600.7,0
ag-04254,2026-03-17T08:45:00,S-456,seminar,south,practice,18.9,20,13,116.9,0.309,-2.3,25.4,60.1,593.2,33,65,68.4,False,7,638.4,0
ag-04255,2026-03-26T09:35:00,S-541,coworking,south,lecture,90.0,67,46,306.7,0.326,8.7,22.2,61.3,714.3,15,84,57.4,False,2,934.1,0
ag-04256,2026-02-23T09:30:00,C-180,lab,central,lecture,32.9,29,24,185.5,0.39,-2.2,21.8,76.2,554.0,51,33,71.3,False,3,619.6,0
ag-04257,2026-02-20T18:20:00,N-593,lab,north,lecture,31.6,25,21,249.0,0.477,-5.2,22.3,56.1,482.0,0,90,57.0,False,7,466.4,0
ag-04258,2026-04-30T09:45:00,S-260,lecture,south,exam,120.4,91,106,803.0,0.331,15.5,23.5,57.7,1150.6,85,0,72.9,False,1,1499.1,1
ag-04259,2026-03-03T15:55:00,S-510,lab,south,lecture,32.5,23,18,207.9,0.427,9.6,26.0,65.0,606.6,28,58,64.8,False,6,603.4,0
ag-04260,2026-02-19T13:35:00,C-357,coworking,central,none,70.5,57,1,657.8,0.59,-1.5,23.7,40.2,380.0,19,52,46.5,False,2,353.6,0
ag-04261,2026-02-17T15:40:00,W-193,lecture,west,none,77.9,65,30,653.7,0.486,-5.0,22.7,51.0,680.1,26,56,59.8,False,5,806.7,0
ag-04262,2026-03-30T14:25:00,W-572,lecture,west,practice,90.8,76,61,549.7,0.407,18.2,24.7,72.1,895.2,7,90,65.5,False,3,1026.2,0
ag-04263,2026-04-22T13:20:00,E-478,lecture,east,none,119.9,112,5,661.1,0.602,13.8,22.6,42.6,402.7,50,34,41.5,False,2,564.3,0
ag-04264,2026-03-22T16:10:00,N-274,lecture,north,practice,66.1,56,47,536.8,0.638,3.6,27.4,62.3,759.4,35,49,61.5,True,6,951.1,0
ag-04265,2026-03-16T12:00:00,E-283,seminar,east,practice,37.4,34,18,239.2,0.651,5.3,21.3,52.2,526.1,73,19,57.8,False,3,635.4,0
ag-04266,2026-04-06T11:50:00,C-319,lecture,central,lecture,88.0,74,60,465.2,0.673,5.0,22.9,60.8,765.3,28,64,58.0,False,2,941.0,0
ag-04267,2026-03-29T11:40:00,N-212,lecture,north,lecture,142.1,123,93,1043.6,0.92,10.9,22.7,64.2,1054.0,70,24,64.5,False,1,1484.2,1
ag-04268,2026-02-21T12:20:00,E-291,lecture,east,lab,138.4,121,90,1077.5,0.414,5.0,23.7,65.4,933.1,20,61,60.7,True,7,1285.0,1
ag-04269,2026-03-20T11:45:00,N-365,lecture,north,practice,62.4,68,52,273.5,0.197,14.2,22.6,60.5,853.2,22,80,63.2,False,5,969.0,0
ag-04270,2026-03-23T08:30:00,C-339,lecture,central,none,81.7,70,14,452.0,0.135,3.0,24.2,50.1,560.2,31,56,45.4,False,6,644.9,0
ag-04271,2026-05-01T09:30:00,N-267,lecture,north,practice,66.7,61,56,568.4,0.605,24.1,22.2,63.8,702.4,3,77,65.4,True,2,1023.8,0
ag-04272,2026-03-10T13:40:00,N-474,lecture,north,exam,148.1,104,95,542.5,0.088,4.8,25.3,58.3,1284.2,63,27,67.2,False,6,1873.8,1
ag-04273,2026-04-12T18:00:00,W-539,lecture,west,practice,85.1,85,72,443.6,0.283,9.4,26.7,62.6,875.8,43,42,60.0,False,7,1295.8,1
ag-04274,2026-04-04T15:25:00,E-452,lab,east,none,18.4,20,0,262.6,0.894,9.5,24.7,61.5,403.2,33,78,46.5,False,2,355.5,0
ag-04275,2026-02-09T17:30:00,C-170,coworking,central,lab,32.8,29,20,228.8,0.433,2.6,27.5,53.3,529.1,36,50,60.3,False,6,606.9,0
ag-04276,2026-03-19T12:25:00,N-511,lab,north,lab,38.1,40,13,350.3,0.331,4.4,25.5,45.1,645.9,79,10,52.4,False,3,695.8,0
ag-04277,2026-05-03T11:20:00,N-119,lab,north,practice,23.4,23,22,296.1,0.824,22.0,24.1,62.7,504.8,43,58,75.7,True,4,604.8,0
ag-04278,2026-03-05T16:25:00,N-302,coworking,north,practice,33.1,24,21,303.1,0.791,1.6,21.9,41.4,625.4,70,28,74.5,False,3,789.8,0
ag-04279,2026-02-10T16:05:00,E-572,lecture,east,practice,119.5,103,73,635.7,0.436,-0.6,25.7,56.9,1005.0,58,36,64.1,False,3,1474.9,1
ag-04280,2026-04-18T16:00:00,W-144,seminar,west,exam,62.7,61,55,252.7,0.236,7.9,22.8,69.3,878.6,25,62,69.7,False,3,1104.7,1
ag-04281,2026-04-03T16:05:00,N-245,lab,north,practice,24.6,20,6,289.2,0.835,20.6,21.9,44.0,426.8,36,43,49.3,False,5,501.4,0
ag-04282,2026-05-19T12:50:00,W-199,lab,west,none,19.3,20,10,237.9,0.589,15.8,21.1,40.5,414.0,16,66,62.4,True,7,492.1,0
ag-04283,2026-04-26T08:25:00,W-177,lab,west,lecture,36.5,27,18,322.3,0.846,12.5,23.9,54.3,442.6,37,62,55.2,False,6,441.5,0
ag-04284,2026-03-10T14:55:00,E-435,coworking,east,practice,94.0,72,38,359.9,0.194,3.1,24.4,57.3,606.8,23,69,51.8,False,1,801.6,0
ag-04285,2026-03-16T14:20:00,N-173,lecture,north,practice,71.0,71,68,491.4,0.368,0.6,23.0,61.4,870.6,63,42,67.9,True,2,1095.0,0
ag-04286,2026-03-22T09:45:00,W-212,seminar,west,lecture,20.9,20,14,136.7,0.375,10.2,21.5,59.1,515.9,21,67,61.6,False,6,537.7,0
ag-04287,2026-02-26T17:00:00,S-397,lab,south,lab,58.9,41,30,261.8,0.447,2.9,23.2,58.5,497.6,15,70,54.7,False,1,729.9,0
ag-04288,2026-03-16T09:35:00,N-442,seminar,north,lecture,61.0,64,62,539.1,0.736,0.8,22.8,58.1,812.5,18,70,68.3,False,4,926.0,0
ag-04289,2026-03-01T15:40:00,C-558,lecture,central,practice,68.3,75,50,478.4,0.242,5.3,25.0,50.3,790.0,5,90,49.3,False,6,929.5,0
ag-04290,2026-05-05T15:45:00,N-370,lecture,north,lab,130.9,122,122,918.7,0.589,9.9,22.7,73.2,1365.1,68,32,75.2,True,5,1946.6,1
ag-04291,2026-05-18T14:00:00,W-522,seminar,west,lecture,68.4,53,43,517.0,0.498,16.7,22.4,72.7,750.3,53,26,70.9,True,4,902.8,0
ag-04292,2026-03-29T10:00:00,E-158,coworking,east,lab,66.7,48,15,319.4,0.354,7.9,23.4,58.2,465.6,43,33,56.9,True,3,554.0,0
ag-04293,2026-04-11T14:55:00,E-376,lab,east,lecture,28.1,21,12,234.8,0.605,3.9,21.4,52.1,421.4,31,54,55.9,False,2,479.0,0
ag-04294,2026-04-23T17:00:00,N-138,lecture,north,lecture,137.0,125,106,652.3,0.283,10.5,27.6,63.6,904.6,0,90,59.6,False,6,1204.4,1
ag-04295,2026-03-02T13:15:00,S-547,lecture,south,none,139.5,127,23,732.9,0.308,1.3,23.3,45.4,585.3,53,36,52.9,False,6,784.5,0
ag-04296,2026-04-11T14:35:00,N-326,seminar,north,lab,81.1,58,42,668.5,0.769,19.8,24.5,77.4,587.5,36,59,61.3,False,2,700.6,0
ag-04297,2026-02-15T09:55:00,W-325,lab,west,none,20.3,18,6,276.2,1.0,-1.4,22.4,42.0,424.1,58,30,54.3,False,4,548.3,0
ag-04298,2026-03-09T13:40:00,E-455,coworking,east,lab,70.7,75,66,469.5,0.325,5.8,26.1,61.1,914.5,24,76,65.7,False,1,1330.7,1
ag-04299,2026-02-17T12:35:00,W-228,lab,west,exam,28.7,23,14,195.9,0.553,7.7,26.2,48.7,596.5,77,14,59.7,False,7,761.2,0
ag-04300,2026-04-20T12:30:00,E-438,lab,east,lab,36.5,36,21,229.0,0.586,8.7,25.8,52.3,594.0,54,31,52.7,False,4,659.9,0
ag-04301,2026-03-27T08:00:00,S-123,seminar,south,lab,37.9,42,30,227.8,0.115,11.2,23.2,67.5,821.3,68,27,68.3,False,1,967.8,0
ag-04302,2026-05-06T14:45:00,N-451,lecture,north,practice,94.7,68,47,459.5,0.74,11.3,21.6,61.8,715.3,45,54,59.6,True,4,886.0,0
ag-04303,2026-03-26T14:15:00,W-307,lecture,west,lab,83.8,77,20,495.7,0.694,11.9,22.6,42.9,466.4,8,77,52.5,False,7,590.4,0
ag-04304,2026-03-14T14:30:00,S-557,lecture,south,lab,108.3,114,88,732.5,0.403,9.0,23.2,68.7,1063.7,24,74,63.7,False,2,1326.4,1
ag-04305,2026-04-18T09:10:00,E-412,lab,east,practice,40.8,30,23,230.7,0.401,7.8,25.2,47.9,572.1,0,81,63.7,False,4,703.5,0
ag-04306,2026-05-06T14:35:00,E-129,lab,east,lab,29.0,25,17,178.0,0.49,17.1,26.2,58.6,516.1,78,4,58.6,True,4,579.4,0
ag-04307,2026-04-23T17:40:00,N-350,lab,north,lab,39.8,39,31,301.0,0.33,13.7,27.0,50.7,729.0,70,34,55.4,False,3,888.9,0
ag-04308,2026-05-10T12:45:00,S-316,lab,south,practice,33.9,33,31,319.9,0.899,15.3,23.2,64.8,613.0,42,52,62.9,True,7,722.3,0
ag-04309,2026-05-19T11:05:00,S-539,lab,south,none,43.5,40,17,379.0,0.722,21.0,22.1,63.3,414.8,59,38,53.5,True,7,479.7,0
ag-04310,2026-05-16T17:00:00,E-499,lab,east,exam,28.2,22,17,224.0,0.795,15.4,23.1,53.6,462.4,14,84,66.0,True,1,466.2,0
ag-04311,2026-02-13T17:10:00,S-502,lab,south,practice,42.3,33,22,144.4,0.324,-2.8,22.4,55.1,441.1,24,66,46.7,False,3,499.9,0
ag-04312,2026-03-03T14:55:00,C-366,coworking,central,lab,41.0,35,23,193.5,0.428,3.0,26.7,45.8,633.7,30,65,50.4,False,5,648.5,0
ag-04313,2026-03-18T10:45:00,C-523,seminar,central,practice,67.8,54,39,415.2,0.459,1.7,25.4,61.8,769.8,42,54,63.1,False,2,879.4,0
ag-04314,2026-02-27T17:25:00,E-332,lab,east,practice,25.7,19,13,127.1,0.29,4.3,22.6,53.2,584.6,63,13,56.6,False,6,722.3,0
ag-04315,2026-03-06T09:55:00,N-503,seminar,north,none,65.1,58,7,584.0,0.498,-3.2,20.7,48.6,474.8,31,47,47.8,False,4,416.0,0
ag-04316,2026-02-28T11:35:00,E-549,lab,east,lecture,27.7,24,20,201.9,0.286,2.4,23.3,65.7,647.8,65,18,56.9,False,2,777.4,0
ag-04317,2026-03-03T16:35:00,C-450,seminar,central,practice,41.7,42,33,175.1,0.137,5.7,23.4,50.0,785.4,68,17,60.5,False,4,1071.0,0
ag-04318,2026-05-10T14:20:00,S-283,lab,south,practice,35.5,26,20,147.5,0.46,16.2,24.2,65.4,644.9,13,90,61.9,True,6,790.7,0
ag-04319,2026-03-13T17:20:00,C-311,lecture,central,lecture,125.4,101,116,621.7,0.371,2.5,25.1,66.5,1293.9,68,22,71.3,False,4,1816.2,1
ag-04320,2026-03-03T14:45:00,C-180,lab,central,lab,30.9,24,14,207.7,0.826,-3.4,25.6,67.1,447.9,58,23,56.0,False,4,559.0,0
ag-04321,2026-04-20T17:10:00,S-313,lecture,south,practice,78.5,59,42,330.2,0.23,10.2,22.4,61.9,778.3,33,53,60.8,False,7,839.6,0
ag-04322,2026-04-14T17:15:00,E-421,seminar,east,lecture,35.3,32,18,197.2,0.369,16.0,23.5,50.5,550.6,42,55,53.1,False,2,669.6,0
ag-04323,2026-02-22T13:05:00,N-262,lab,north,lecture,23.6,19,10,305.6,0.99,-4.5,22.9,57.2,464.5,50,43,55.9,False,6,653.8,0
ag-04324,2026-04-06T15:05:00,E-359,lab,east,practice,20.6,21,16,189.9,0.399,6.8,27.2,55.3,637.0,86,3,60.8,False,1,700.7,0
ag-04325,2026-03-02T11:20:00,W-501,lab,west,lecture,34.7,24,19,297.6,0.843,3.3,23.8,64.4,519.0,35,63,62.1,False,5,579.9,0
ag-04326,2026-05-16T09:00:00,S-469,seminar,south,practice,46.4,51,56,332.9,0.593,24.4,24.5,83.0,754.6,24,66,68.2,True,4,980.2,0
ag-04327,2026-04-10T11:40:00,S-454,coworking,south,lecture,53.7,41,35,457.9,0.593,4.6,23.9,63.6,605.3,42,49,54.6,False,1,765.7,0
ag-04328,2026-05-13T12:10:00,C-586,seminar,central,practice,54.5,44,42,292.0,0.456,5.6,24.1,60.8,766.0,44,56,64.4,True,6,912.3,0
ag-04329,2026-03-28T18:25:00,N-151,lecture,north,lecture,57.7,62,50,509.6,0.539,10.8,23.1,58.3,652.5,15,65,62.6,False,4,881.9,0
ag-04330,2026-02-14T16:20:00,W-250,lab,west,practice,37.7,27,24,270.5,1.0,2.4,25.4,47.3,683.0,49,33,62.0,False,2,762.8,0
ag-04331,2026-05-02T13:50:00,N-504,seminar,north,practice,35.5,29,21,199.4,0.327,26.2,22.3,48.9,714.8,78,24,51.0,True,7,928.3,0
ag-04332,2026-04-23T10:25:00,C-515,lecture,central,lecture,121.1,106,72,883.9,0.37,18.5,24.1,71.8,923.4,90,0,60.9,False,1,1214.3,1
ag-04333,2026-05-13T14:10:00,E-329,lecture,east,exam,51.5,57,46,292.4,0.108,8.3,25.6,71.5,739.2,11,67,60.5,True,6,868.9,0
ag-04334,2026-02-27T16:45:00,C-221,seminar,central,none,45.4,38,19,283.9,0.345,12.9,22.1,60.8,585.0,43,49,60.7,False,1,658.3,0
ag-04335,2026-02-11T13:05:00,N-326,lab,north,practice,41.7,29,15,208.3,0.665,-2.8,24.9,50.8,393.2,0,84,61.2,False,7,454.2,0
ag-04336,2026-02-14T08:55:00,S-502,seminar,south,practice,59.9,48,24,310.8,0.234,-2.4,22.1,45.9,604.0,62,46,52.8,False,2,795.7,0
ag-04337,2026-04-20T12:35:00,E-446,lecture,east,lecture,84.9,84,55,765.1,0.412,19.7,21.0,55.1,800.6,72,21,52.8,False,5,1042.7,0
ag-04338,2026-03-06T09:55:00,W-569,seminar,west,practice,28.6,31,25,208.8,0.211,0.2,22.9,56.9,679.3,44,40,57.4,True,1,794.2,0
ag-04339,2026-02-22T11:35:00,C-453,lecture,central,lecture,111.5,111,89,829.2,0.606,-4.0,24.6,57.7,1108.7,41,48,64.2,False,4,1644.8,1
ag-04340,2026-03-11T18:10:00,C-120,lab,central,lab,30.1,31,23,199.1,0.559,6.0,22.9,57.3,441.6,30,63,58.8,False,1,488.5,0
ag-04341,2026-05-19T13:20:00,E-281,lab,east,practice,29.4,30,13,171.0,0.489,8.4,23.9,45.1,456.1,0,83,49.7,True,2,493.5,0
ag-04342,2026-03-31T14:50:00,N-376,coworking,north,practice,59.1,41,29,326.7,0.352,18.1,25.1,54.3,758.3,53,43,47.6,False,7,968.9,0
ag-04343,2026-04-17T11:45:00,E-124,seminar,east,practice,47.8,42,20,405.1,0.427,12.1,21.8,54.1,525.4,24,71,55.3,False,4,747.1,0
ag-04344,2026-04-08T10:05:00,S-521,seminar,south,lecture,73.8,62,54,566.6,0.451,14.6,22.3,67.8,835.7,76,29,64.6,False,4,1081.0,0
ag-04345,2026-04-13T08:10:00,W-329,lecture,west,exam,129.7,112,64,451.3,0.212,9.8,20.9,47.5,799.9,13,79,59.1,False,3,1172.4,1
ag-04346,2026-03-23T14:15:00,N-196,lab,north,lecture,24.4,26,22,257.8,0.771,8.2,25.3,57.5,558.5,35,65,60.3,False,2,693.9,0
ag-04347,2026-04-29T16:00:00,N-454,seminar,north,lecture,32.0,25,25,128.2,0.143,12.9,23.5,60.0,738.0,24,60,68.5,False,2,861.2,0
ag-04348,2026-05-16T16:15:00,N-326,lab,north,exam,34.6,25,30,276.0,0.56,17.4,21.9,50.7,447.7,14,75,63.6,True,5,611.6,0
ag-04349,2026-02-13T12:25:00,C-228,seminar,central,lecture,41.9,36,28,245.5,0.342,-4.4,21.4,63.9,682.8,50,49,63.5,False,6,750.2,0
ag-04350,2026-03-26T08:30:00,E-207,lecture,east,practice,65.0,70,52,681.6,0.771,11.6,21.9,60.8,562.7,0,88,56.3,False,6,930.0,0
ag-04351,2026-03-17T17:00:00,E-395,lab,east,lecture,38.9,42,44,332.2,0.578,1.2,24.5,62.1,835.9,76,19,71.9,False,3,1162.1,1
ag-04352,2026-04-20T09:30:00,S-405,seminar,south,lecture,73.3,57,40,360.9,0.332,14.7,26.2,70.4,690.6,42,52,58.9,False,5,870.5,0
ag-04353,2026-04-21T14:45:00,S-134,lecture,south,none,122.2,95,17,476.8,0.367,11.7,21.1,42.9,558.2,0,84,45.0,False,4,634.4,0
ag-04354,2026-04-08T16:40:00,W-413,lecture,west,lab,112.7,103,80,1063.5,0.552,19.3,26.2,58.5,1018.3,64,23,58.7,True,1,1224.0,1
ag-04355,2026-03-26T13:20:00,S-369,lab,south,lecture,45.1,32,21,348.9,0.885,-0.4,22.2,47.8,623.8,57,17,64.1,False,4,731.2,0
ag-04356,2026-03-14T16:35:00,W-360,lecture,west,lecture,126.8,119,76,1508.6,0.668,4.3,22.3,44.7,856.3,60,24,60.2,False,7,1335.4,1
ag-04357,2026-02-21T09:50:00,E-141,coworking,east,lecture,33.2,24,12,322.8,0.761,3.9,22.2,46.8,461.5,33,59,47.3,False,6,404.9,0
ag-04358,2026-05-02T12:25:00,E-292,seminar,east,lecture,31.3,27,23,301.3,0.541,21.7,21.6,59.3,556.7,29,53,61.9,True,7,638.6,0
ag-04359,2026-02-24T12:20:00,E-385,lecture,east,lab,88.7,96,69,518.1,0.391,6.2,24.0,51.1,1162.2,90,0,59.8,False,2,1451.7,1
ag-04360,2026-02-11T17:25:00,C-226,lecture,central,none,104.4,105,28,1065.4,0.469,5.7,23.8,48.7,660.3,23,68,55.2,False,6,830.4,0
ag-04361,2026-03-26T09:40:00,C-565,seminar,central,lecture,48.8,52,48,597.2,0.734,1.8,26.2,76.0,777.9,18,79,73.6,False,2,945.3,0
ag-04362,2026-04-21T11:25:00,C-314,lab,central,practice,39.7,30,16,183.3,0.275,8.9,24.5,68.5,566.4,59,37,61.0,False,6,584.7,0
ag-04363,2026-02-22T09:30:00,S-511,seminar,south,none,30.1,21,4,187.5,0.408,2.0,24.3,29.7,483.8,77,3,46.7,False,1,415.3,0
ag-04364,2026-05-18T18:40:00,W-413,lecture,west,lecture,78.8,56,45,253.5,0.322,-2.1,26.5,52.3,728.6,4,90,52.4,True,5,931.2,0
ag-04365,2026-04-25T09:00:00,E-286,lab,east,practice,34.0,36,23,183.5,0.331,17.6,23.2,56.7,703.8,75,20,71.7,False,6,952.0,0
ag-04366,2026-05-18T14:45:00,N-281,lecture,north,lecture,130.3,107,99,514.0,0.32,15.9,23.0,67.4,1340.1,90,0,60.3,True,4,1888.3,1
ag-04367,2026-03-03T18:05:00,E-427,seminar,east,practice,38.7,30,16,220.6,0.742,11.2,21.1,48.5,512.7,28,60,60.2,False,3,671.5,0
ag-04368,2026-05-15T08:30:00,W-328,lecture,west,lab,147.1,109,88,887.4,0.658,19.8,24.0,64.1,907.6,63,22,60.9,True,5,1252.4,1
ag-04369,2026-03-22T15:30:00,C-552,seminar,central,practice,72.7,58,56,515.4,0.558,9.2,24.7,68.2,684.5,51,31,71.1,False,3,889.8,0
ag-04370,2026-02-18T10:20:00,E-262,seminar,east,lecture,45.2,41,27,249.9,0.518,-0.7,25.3,55.4,646.9,28,60,76.5,False,1,739.5,0
ag-04371,2026-05-15T13:15:00,N-265,seminar,north,lab,30.1,30,18,137.9,0.36,11.4,24.4,58.1,590.6,53,29,53.9,True,5,790.5,0
ag-04372,2026-04-29T13:15:00,C-451,seminar,central,lab,54.8,48,23,488.7,0.506,7.6,20.6,45.3,480.6,14,80,53.0,False,5,504.2,0
ag-04373,2026-04-11T13:40:00,N-246,lecture,north,lecture,100.4,89,33,709.7,0.793,18.8,22.1,47.6,710.1,57,25,51.7,False,3,912.6,0
ag-04374,2026-05-18T10:50:00,N-386,lab,north,none,45.9,40,15,416.9,0.602,12.4,23.6,54.0,472.2,22,70,49.2,True,4,545.6,0
ag-04375,2026-05-19T14:50:00,E-528,lecture,east,practice,83.6,58,31,564.0,0.737,11.1,23.4,63.7,634.4,31,55,63.6,True,7,829.1,0
ag-04376,2026-03-09T08:50:00,C-516,coworking,central,lecture,51.6,53,47,463.6,0.39,-0.2,24.5,59.3,964.2,61,35,60.5,False,2,1089.5,0
ag-04377,2026-04-03T17:05:00,W-353,coworking,west,lecture,61.9,68,43,339.0,0.151,4.1,24.3,58.6,751.6,49,37,59.6,False,6,882.3,0
ag-04378,2026-04-05T17:30:00,S-358,coworking,south,practice,110.8,77,66,743.8,0.743,16.3,26.0,54.5,766.5,55,31,65.6,False,2,1004.2,0
ag-04379,2026-03-10T15:05:00,C-594,seminar,central,exam,41.9,44,32,362.7,0.786,-5.4,23.9,65.3,621.4,79,0,62.6,False,7,764.1,0
ag-04380,2026-03-28T11:25:00,C-539,lecture,central,exam,139.3,125,103,809.5,0.321,11.8,21.4,59.2,1207.8,45,48,62.8,False,6,1659.1,1
ag-04381,2026-02-11T16:20:00,N-392,lab,north,lecture,39.9,35,31,201.4,0.201,3.3,23.7,65.5,694.8,60,20,64.7,False,3,834.9,0
ag-04382,2026-05-13T17:10:00,S-277,lecture,south,practice,177.9,128,119,1255.1,0.656,15.4,24.8,59.5,1159.0,65,25,56.2,True,4,1631.1,1
ag-04383,2026-04-20T08:40:00,N-449,lecture,north,practice,90.4,95,73,721.2,0.834,5.8,24.5,58.1,734.0,1,90,56.6,True,3,960.3,0
ag-04384,2026-03-24T16:55:00,S-414,lab,south,lecture,19.5,19,10,192.0,0.555,6.6,22.2,60.9,558.3,32,66,44.2,False,2,547.4,0
ag-04385,2026-04-25T12:55:00,S-328,coworking,south,lab,48.1,45,25,260.0,0.594,15.8,22.5,65.9,587.1,6,76,57.0,False,6,637.6,0
ag-04386,2026-03-23T09:20:00,S-128,lab,south,exam,42.1,39,40,335.9,0.514,-1.2,21.9,58.1,708.1,40,49,71.0,False,5,806.5,0
ag-04387,2026-02-10T15:45:00,S-568,seminar,south,none,47.4,51,9,320.2,0.463,2.5,23.0,51.3,516.1,49,43,55.9,False,4,429.4,0
ag-04388,2026-03-27T18:10:00,C-597,lecture,central,practice,119.8,101,66,542.4,0.429,13.2,23.8,62.4,936.9,9,74,56.5,False,3,1197.4,1
ag-04389,2026-05-08T18:15:00,S-130,lab,south,lecture,33.4,26,27,196.8,0.611,4.6,25.1,49.2,657.0,44,58,61.8,True,5,815.4,0
ag-04390,2026-02-12T18:00:00,E-396,coworking,east,practice,67.9,64,61,404.8,0.106,0.3,23.4,63.9,912.1,27,64,63.2,False,1,1160.7,1
ag-04391,2026-05-09T09:20:00,W-447,seminar,west,none,40.1,28,1,191.3,0.315,14.5,21.0,44.0,423.1,29,60,47.5,True,7,441.8,0
ag-04392,2026-04-26T18:00:00,C-356,seminar,central,lecture,30.2,21,13,160.4,0.651,12.5,23.2,63.2,468.7,1,88,49.1,False,5,453.2,0
ag-04393,2026-02-17T15:15:00,E-205,seminar,east,lecture,33.8,33,29,324.3,0.512,1.4,23.7,45.7,496.4,12,79,57.5,False,3,699.0,0
ag-04394,2026-03-22T08:50:00,W-515,lecture,west,lab,67.3,55,36,562.7,0.975,3.8,24.2,51.2,690.8,47,23,52.8,False,6,906.0,0
ag-04395,2026-04-08T15:45:00,W-290,seminar,west,practice,62.5,54,26,385.4,0.527,4.4,23.5,52.7,599.2,73,10,58.9,False,1,649.3,0
ag-04396,2026-02-27T12:50:00,W-376,seminar,west,exam,29.5,22,24,127.1,0.299,2.9,26.4,55.6,597.6,11,77,76.6,False,1,758.4,0
ag-04397,2026-02-22T14:00:00,W-299,lab,west,lecture,57.1,44,28,518.0,0.831,0.6,22.4,57.6,532.8,0,90,58.9,False,4,626.3,0
ag-04398,2026-02-13T09:30:00,C-497,lecture,central,exam,128.6,91,99,640.3,0.72,-1.0,23.2,56.0,1221.8,17,74,72.7,False,4,1623.5,1
ag-04399,2026-04-13T16:40:00,W-562,lecture,west,lab,126.8,120,93,1058.7,0.329,12.7,23.6,44.8,1282.4,90,0,58.2,False,3,1705.7,1
ag-04400,2026-02-13T08:35:00,S-308,lecture,south,none,135.5,94,29,1097.3,0.659,4.1,24.8,60.7,648.2,39,49,50.7,False,4,631.3,0
ag-04401,2026-04-09T11:25:00,W-572,lecture,west,practice,128.6,90,58,684.7,0.541,21.0,21.7,50.6,976.5,71,24,59.9,False,1,1305.1,1
ag-04402,2026-02-22T11:05:00,W-479,seminar,west,lab,62.2,64,47,469.8,0.597,5.4,23.6,49.7,711.3,33,70,52.7,False,4,830.4,0
ag-04403,2026-04-14T13:40:00,S-467,lab,south,lab,30.1,28,19,263.2,0.915,15.6,23.0,64.9,609.0,90,9,56.1,False,7,679.1,0
ag-04404,2026-05-08T13:15:00,E-549,lab,east,none,50.0,43,19,470.2,0.784,0.6,24.5,46.3,690.4,77,17,52.5,True,7,803.3,0
ag-04405,2026-03-27T16:55:00,W-524,lab,west,lecture,20.5,18,12,84.5,0.253,14.0,23.7,57.7,591.6,55,25,58.2,False,5,741.4,0
ag-04406,2026-03-07T10:20:00,N-143,coworking,north,lecture,79.1,79,72,356.3,0.201,-2.9,22.5,55.3,983.7,33,53,64.8,False,5,1334.8,1
ag-04407,2026-03-12T12:35:00,N-268,lab,north,lecture,37.8,30,24,292.9,1.0,5.9,23.2,65.0,407.4,35,41,58.1,False,6,466.9,0
ag-04408,2026-03-13T09:25:00,S-108,coworking,south,exam,76.8,66,53,630.9,0.592,4.3,24.9,43.7,705.2,41,44,55.4,False,5,907.2,0
ag-04409,2026-03-13T13:05:00,E-460,lecture,east,none,56.0,55,6,256.3,0.228,12.5,23.4,48.4,581.7,68,15,43.5,False,4,697.1,0
ag-04410,2026-02-10T15:30:00,E-437,lab,east,lab,18.7,19,15,97.1,0.34,-2.1,24.5,50.8,598.2,17,90,56.7,False,7,766.2,0
ag-04411,2026-03-02T16:45:00,C-231,lecture,central,practice,72.5,56,44,537.2,0.381,2.3,24.7,59.3,857.0,37,69,63.9,False,2,990.5,0
ag-04412,2026-03-22T14:05:00,S-522,seminar,south,lab,39.4,40,28,175.7,0.258,2.6,26.8,59.3,613.2,53,42,59.6,False,1,860.6,0
ag-04413,2026-04-04T12:20:00,C-288,lecture,central,practice,112.7,122,40,1627.6,0.739,12.4,21.4,42.1,581.7,41,47,49.2,False,7,756.8,0
ag-04414,2026-05-06T14:35:00,C-351,lecture,central,lab,109.3,100,91,879.2,0.434,11.3,23.3,53.5,1026.8,83,2,52.3,True,6,1465.3,1
ag-04415,2026-04-18T08:10:00,E-153,seminar,east,practice,50.0,39,31,389.7,0.417,12.9,26.1,63.4,727.4,6,84,65.9,False,2,843.8,0
ag-04416,2026-05-19T11:40:00,N-457,seminar,north,none,30.3,23,3,189.7,0.298,15.7,21.9,51.3,380.0,0,87,47.6,True,7,467.2,0
ag-04417,2026-04-19T16:10:00,C-420,seminar,central,lecture,68.3,48,27,481.8,0.701,7.8,22.8,57.4,428.7,12,86,55.4,False,4,434.2,0
ag-04418,2026-05-16T12:45:00,W-202,lecture,west,lab,112.6,86,87,514.0,0.41,20.4,23.6,65.8,1051.4,0,83,63.5,True,5,1474.9,1
ag-04419,2026-03-07T09:50:00,W-553,seminar,west,lecture,35.2,30,21,190.3,0.58,5.2,22.9,57.3,526.4,48,30,58.5,False,2,606.2,0
ag-04420,2026-03-14T09:50:00,E-480,coworking,east,lecture,65.9,55,39,304.1,0.375,0.9,25.9,58.7,706.6,20,63,64.3,False,2,758.3,0
ag-04421,2026-05-13T14:50:00,E-488,coworking,east,lecture,62.1,43,43,235.8,0.456,14.5,21.8,65.3,667.7,55,23,57.8,True,4,708.5,0
ag-04422,2026-04-08T08:45:00,N-536,seminar,north,practice,64.7,52,45,663.1,0.764,5.9,24.6,38.6,750.1,37,43,61.4,False,2,955.0,0
ag-04423,2026-04-14T09:30:00,N-262,seminar,north,practice,54.4,43,25,281.1,0.5,23.9,22.2,51.6,682.0,46,41,59.7,False,5,754.3,0
ag-04424,2026-02-09T18:45:00,C-284,seminar,central,lab,21.0,22,16,142.8,0.611,10.7,25.1,53.4,537.1,46,36,63.7,False,7,457.5,0
ag-04425,2026-02-23T10:55:00,E-434,seminar,east,lecture,80.0,56,47,334.6,0.534,6.9,25.9,56.7,736.7,30,63,57.3,False,7,1060.9,0
ag-04426,2026-03-28T11:35:00,S-168,lecture,south,lecture,119.8,116,78,962.6,0.764,12.3,22.4,68.4,775.3,0,78,58.2,False,1,1069.2,0
ag-04427,2026-04-03T18:15:00,C-292,coworking,central,lab,66.6,53,41,613.6,0.749,7.7,24.7,76.4,476.5,4,87,55.1,False,1,659.0,0
ag-04428,2026-02-09T16:10:00,N-133,seminar,north,none,22.9,24,4,163.2,0.663,3.0,21.7,41.8,476.1,31,60,55.3,False,2,461.9,0
ag-04429,2026-04-27T13:05:00,S-361,lab,south,practice,37.1,28,14,190.4,0.238,16.9,21.9,56.9,567.2,14,68,54.7,False,3,564.2,0
ag-04430,2026-04-15T16:40:00,N-480,seminar,north,practice,71.8,59,42,340.8,0.362,9.7,27.5,30.4,775.1,28,61,58.6,False,5,1035.3,0
ag-04431,2026-05-06T15:20:00,C-438,lecture,central,lecture,103.6,86,71,933.0,0.677,14.6,23.3,58.4,685.0,49,56,67.5,True,7,1043.1,0
ag-04432,2026-02-25T15:05:00,C-406,coworking,central,lab,69.9,49,45,394.4,0.658,-3.9,24.8,56.5,737.5,62,15,64.1,False,3,929.3,0
ag-04433,2026-05-11T18:40:00,S-567,lecture,south,exam,69.1,58,56,262.2,0.248,17.2,26.4,57.5,925.0,17,78,59.0,True,3,1314.2,1
ag-04434,2026-05-17T09:35:00,S-121,lab,south,lab,48.8,39,33,301.6,0.56,19.5,23.5,66.1,481.8,31,47,60.6,True,3,647.0,0
ag-04435,2026-03-21T15:35:00,W-575,lecture,west,none,119.8,100,2,1096.9,0.799,7.7,24.1,49.7,389.7,33,60,36.4,False,5,381.2,0
ag-04436,2026-02-15T18:50:00,E-232,lab,east,lab,43.8,36,31,382.9,0.841,-1.9,25.0,61.3,539.8,69,28,62.3,False,6,664.2,0
ag-04437,2026-03-10T12:50:00,S-469,lecture,south,lecture,72.1,63,47,474.7,0.383,1.6,24.1,55.2,665.1,0,84,67.0,False,6,781.8,0
ag-04438,2026-03-06T13:30:00,N-288,seminar,north,none,40.7,37,9,231.4,0.548,10.2,23.2,32.7,610.8,86,8,61.3,False,5,633.1,0
ag-04439,2026-05-06T15:20:00,C-150,lecture,central,practice,81.8,77,90,871.1,0.634,15.3,22.5,66.5,1005.5,30,63,68.7,True,4,1450.5,1
ag-04440,2026-02-13T16:30:00,C-299,lecture,central,lab,144.9,101,89,825.3,0.428,-5.4,22.8,57.0,1003.6,59,38,68.7,False,2,1472.6,1
ag-04441,2026-05-19T14:30:00,N-187,seminar,north,lecture,31.8,31,30,186.1,0.611,10.4,22.4,75.6,472.7,44,40,55.9,True,2,695.1,0
ag-04442,2026-02-22T15:35:00,N-393,lecture,north,none,131.8,125,2,733.4,0.273,0.9,24.3,45.0,424.6,22,63,39.7,False,1,476.4,0
ag-04443,2026-03-05T14:10:00,W-285,lecture,west,lecture,124.7,128,112,1039.9,0.461,0.8,23.9,62.3,1128.2,90,2,63.5,False,4,1643.2,1
ag-04444,2026-03-12T08:40:00,E-344,lab,east,practice,47.1,41,32,356.3,0.356,5.8,24.4,62.9,644.8,51,31,57.8,True,1,718.5,0
ag-04445,2026-03-29T12:35:00,W-257,seminar,west,none,48.7,53,1,328.6,0.628,16.4,21.4,56.2,398.9,47,47,47.0,False,4,411.5,0
ag-04446,2026-04-12T08:20:00,S-502,coworking,south,none,31.0,23,4,150.4,0.508,12.2,24.5,50.2,454.3,81,0,53.2,False,2,564.0,0
ag-04447,2026-04-05T12:05:00,S-142,lab,south,lecture,31.8,24,13,94.1,0.225,8.9,23.4,57.8,419.0,1,81,53.1,False,6,523.7,0
ag-04448,2026-03-11T10:30:00,N-120,seminar,north,practice,27.5,27,16,123.5,0.244,8.3,24.3,59.6,534.2,1,90,53.2,False,1,624.9,0
ag-04449,2026-05-01T15:05:00,N-431,coworking,north,exam,39.0,42,49,240.3,0.168,9.8,24.7,60.2,800.0,15,67,77.1,True,6,1010.9,0
ag-04450,2026-04-27T10:10:00,E-405,lecture,east,practice,77.1,55,32,251.9,0.17,11.8,25.6,58.7,630.1,0,85,57.8,False,7,701.9,0
ag-04451,2026-05-03T12:50:00,C-507,seminar,central,lecture,24.6,22,21,140.8,0.504,11.4,24.7,50.7,539.8,51,42,57.8,True,4,721.4,0
ag-04452,2026-03-05T12:25:00,W-528,seminar,west,lab,73.0,63,42,337.6,0.14,11.8,24.9,67.6,831.6,88,0,56.9,False,2,962.9,0
ag-04453,2026-04-16T11:30:00,S-416,lecture,south,lecture,98.8,91,40,315.1,0.086,2.2,25.9,48.7,765.7,64,32,47.8,False,6,892.4,0
ag-04454,2026-02-15T09:25:00,N-273,seminar,north,lab,59.8,43,32,251.1,0.059,5.2,24.0,54.8,734.0,32,58,55.8,False,7,895.1,0
ag-04455,2026-03-22T10:10:00,W-204,seminar,west,exam,32.4,26,27,174.5,0.418,17.1,25.9,55.4,815.0,79,6,76.7,False,1,985.7,0
ag-04456,2026-02-11T17:55:00,S-297,lecture,south,lecture,164.6,116,88,850.5,0.314,3.5,22.6,57.2,1028.4,46,40,64.5,False,6,1393.4,1
ag-04457,2026-02-13T14:40:00,E-102,coworking,east,none,39.9,32,5,297.8,0.45,6.6,20.7,38.7,555.2,79,8,49.8,False,3,625.4,0
ag-04458,2026-02-25T15:05:00,W-445,lecture,west,none,68.7,69,36,339.3,0.41,4.6,22.0,45.1,576.0,27,69,66.5,True,4,834.3,0
ag-04459,2026-02-27T09:00:00,C-171,lecture,central,lecture,132.8,112,117,390.3,0.085,-2.0,25.6,61.7,1218.0,41,46,75.2,False,2,1835.9,1
ag-04460,2026-03-11T13:50:00,S-302,lecture,south,practice,117.2,83,16,868.4,0.517,9.6,22.9,44.1,505.5,46,40,45.3,False,6,514.4,0
ag-04461,2026-03-10T18:30:00,E-188,seminar,east,lab,47.3,38,30,293.7,0.509,6.5,24.3,66.1,641.7,2,80,59.1,False,3,810.7,0
ag-04462,2026-04-19T18:15:00,W-120,lecture,west,exam,140.4,128,114,1482.8,0.594,12.9,22.2,55.3,1007.5,59,23,61.5,False,6,1588.8,1
ag-04463,2026-05-02T12:10:00,S-502,coworking,south,lecture,47.8,34,24,380.6,0.609,12.1,22.5,61.8,534.3,24,71,57.0,True,6,681.8,0
ag-04464,2026-03-03T17:45:00,C-260,seminar,central,lab,37.2,32,25,250.9,0.623,-4.5,24.0,49.6,566.3,53,35,65.9,False,6,667.4,0
ag-04465,2026-02-19T15:00:00,W-559,lab,west,lecture,23.7,26,20,328.1,0.905,9.3,25.0,64.1,476.7,77,19,65.5,False,6,594.4,0
ag-04466,2026-04-30T13:00:00,E-238,seminar,east,exam,57.6,41,37,326.7,0.469,13.2,25.1,68.6,623.1,44,45,61.5,False,3,776.6,0
ag-04467,2026-04-19T13:20:00,S-229,seminar,south,exam,44.9,46,42,207.8,0.259,5.2,25.4,73.1,789.0,15,67,65.9,False,2,955.2,0
ag-04468,2026-02-14T10:40:00,E-580,seminar,east,none,60.0,49,19,579.3,0.793,-2.6,22.0,46.1,602.7,67,24,49.1,False,1,566.6,0
ag-04469,2026-03-27T15:25:00,E-577,lab,east,lecture,51.6,41,27,251.0,0.308,6.5,20.6,43.8,684.7,70,21,52.6,False,7,919.9,0
ag-04470,2026-03-11T10:55:00,E-271,seminar,east,lab,38.6,27,13,204.9,0.447,1.5,21.9,57.3,611.2,54,28,63.0,False,5,658.6,0
ag-04471,2026-03-28T14:20:00,E-271,lecture,east,lecture,96.6,89,71,616.1,0.542,-1.3,22.8,57.1,957.2,0,75,67.1,True,3,1439.4,1
ag-04472,2026-05-08T12:55:00,S-342,lecture,south,practice,142.1,116,63,1039.0,0.39,13.3,22.6,59.0,644.1,13,86,52.4,True,2,857.5,0
ag-04473,2026-04-13T13:25:00,E-350,coworking,east,practice,34.7,35,30,368.1,0.52,11.2,23.2,51.8,653.5,86,3,58.5,False,2,762.1,0
ag-04474,2026-04-03T08:40:00,E-191,lecture,east,lecture,97.1,68,56,729.5,0.69,5.9,23.6,62.8,835.8,69,22,63.4,False,2,983.8,0
ag-04475,2026-03-08T18:00:00,S-454,lecture,south,lecture,65.1,72,71,749.4,0.695,7.3,23.2,67.9,740.8,22,61,64.8,False,7,1044.0,0
ag-04476,2026-05-07T12:50:00,N-456,lecture,north,practice,93.6,83,53,670.6,0.899,14.1,21.3,66.5,714.4,50,49,58.9,True,7,913.2,0
ag-04477,2026-05-19T14:10:00,N-203,seminar,north,lab,51.0,36,41,322.8,0.555,17.1,26.5,64.0,655.2,59,32,64.4,True,4,915.4,0
ag-04478,2026-04-16T10:25:00,W-158,coworking,west,practice,51.6,42,30,401.5,0.811,16.0,23.7,63.3,620.4,58,23,48.3,False,4,831.1,0
ag-04479,2026-03-11T10:30:00,C-134,lecture,central,lecture,94.8,78,46,690.4,0.532,6.3,24.1,54.6,731.3,41,50,64.2,False,4,959.8,0
ag-04480,2026-04-25T09:00:00,S-578,seminar,south,none,55.6,40,24,203.1,0.218,11.8,24.8,68.8,564.0,36,46,67.6,True,4,623.8,0
ag-04481,2026-05-14T18:00:00,W-335,lab,west,practice,42.4,30,24,263.4,0.802,18.8,24.0,63.9,529.3,10,79,61.6,True,3,567.0,0
ag-04482,2026-05-03T09:20:00,W-324,lab,west,practice,32.5,30,28,317.7,0.463,13.4,24.2,58.5,634.6,67,29,67.8,True,3,854.0,0
ag-04483,2026-05-14T17:55:00,N-528,lecture,north,lecture,83.6,73,51,542.9,0.21,14.9,25.3,66.3,868.4,41,64,58.5,True,1,994.5,0
ag-04484,2026-04-18T09:20:00,W-224,seminar,west,none,36.2,38,16,257.3,0.439,2.4,24.5,46.4,547.5,58,21,49.0,True,7,619.4,0
ag-04485,2026-03-30T16:15:00,S-454,lecture,south,practice,131.8,115,97,1176.2,0.508,10.6,23.3,49.8,989.7,48,45,72.3,False,4,1303.4,1
ag-04486,2026-05-02T09:50:00,N-165,lab,north,lecture,33.6,34,31,362.2,0.525,15.3,25.2,61.4,573.2,19,70,63.9,True,6,770.4,0
ag-04487,2026-04-17T17:55:00,N-152,seminar,north,practice,27.7,20,4,214.6,0.495,7.4,22.7,59.2,519.9,34,59,49.9,False,7,555.0,0
ag-04488,2026-05-05T14:25:00,E-150,seminar,east,practice,58.2,63,44,375.7,0.411,12.4,22.5,63.3,642.2,49,33,63.3,True,6,804.5,0
ag-04489,2026-03-04T12:40:00,E-348,lab,east,exam,36.9,27,21,291.0,0.708,-2.4,25.1,69.4,530.1,44,53,58.7,False,2,697.7,0
ag-04490,2026-02-20T18:15:00,S-509,seminar,south,practice,60.6,47,10,232.0,0.106,-1.9,24.9,39.6,568.6,61,22,45.9,False,6,693.5,0
ag-04491,2026-04-24T15:30:00,S-129,lab,south,lab,21.7,24,14,314.1,0.811,10.5,23.1,47.9,648.2,84,9,49.8,False,5,665.0,0
ag-04492,2026-05-11T13:35:00,N-125,lecture,north,none,66.3,57,14,405.3,0.608,11.5,21.9,44.5,451.9,35,48,46.3,True,2,474.7,0
ag-04493,2026-03-04T11:10:00,S-322,coworking,south,lab,48.2,36,23,300.9,0.728,-1.9,24.2,59.8,437.8,5,80,56.5,False,2,618.5,0
ag-04494,2026-04-04T11:30:00,W-433,seminar,west,lab,65.2,53,39,450.7,0.938,18.4,23.5,40.7,540.4,53,37,58.9,False,6,713.1,0
ag-04495,2026-05-18T14:30:00,E-434,seminar,east,lab,53.8,54,49,313.5,0.435,15.3,23.7,73.2,789.0,36,56,69.1,True,6,1112.4,1
ag-04496,2026-04-27T12:15:00,C-447,lab,central,lecture,56.1,42,31,258.2,0.4,16.6,24.1,56.9,585.1,26,72,64.1,False,5,741.7,0
ag-04497,2026-05-18T17:05:00,E-197,lecture,east,lecture,101.0,77,83,502.4,0.63,16.3,24.5,70.7,747.0,0,90,61.6,True,5,1073.5,0
ag-04498,2026-05-05T08:35:00,S-390,lecture,south,lecture,126.1,118,85,626.0,0.473,12.0,24.5,58.7,984.4,68,13,53.7,True,1,1331.7,1
ag-04499,2026-04-06T14:10:00,S-297,coworking,south,lecture,70.0,74,75,455.2,0.487,8.8,25.9,63.9,1148.5,86,13,65.9,False,4,1487.5,1
ag-04500,2026-04-08T11:20:00,E-208,seminar,east,exam,82.4,63,60,431.0,0.408,11.3,23.5,70.2,879.5,25,59,62.5,False,7,1131.7,1
ag-04501,2026-05-01T12:45:00,N-381,seminar,north,none,19.6,21,3,215.5,0.547,19.2,23.0,49.9,380.0,17,73,45.3,True,6,407.5,0
ag-04502,2026-03-25T12:50:00,N-170,lecture,north,lab,69.3,66,61,722.2,0.504,14.0,22.6,56.7,785.1,37,44,61.6,False,6,959.7,0
ag-04503,2026-02-10T15:50:00,S-513,lecture,south,lab,105.4,80,59,981.8,0.728,1.1,22.3,60.5,901.5,34,42,57.9,False,2,1033.4,0
ag-04504,2026-03-27T15:40:00,N-141,lab,north,lecture,31.6,24,14,358.2,0.9,6.4,20.6,60.4,425.0,29,39,54.4,False,2,421.2,0
ag-04505,2026-03-10T11:00:00,W-302,seminar,west,lab,42.9,41,29,187.8,0.304,2.6,24.3,65.7,635.4,81,12,59.7,False,5,943.7,0
ag-04506,2026-04-02T11:00:00,N-199,seminar,north,lecture,61.0,61,53,529.6,0.404,13.1,25.4,52.4,702.4,25,61,63.4,False,4,899.5,0
ag-04507,2026-02-13T13:35:00,E-359,coworking,east,lecture,40.9,44,29,318.8,0.674,-6.6,24.2,72.3,629.2,53,44,53.3,False,4,814.0,0
ag-04508,2026-03-03T18:40:00,C-388,lab,central,practice,32.4,26,14,292.5,0.597,0.9,23.8,50.4,631.8,44,45,50.6,False,6,750.4,0
ag-04509,2026-04-25T13:20:00,E-276,lecture,east,lab,146.9,126,94,1305.1,0.47,11.0,26.1,62.7,1074.5,54,26,68.0,False,1,1370.2,1
ag-04510,2026-03-18T18:25:00,C-469,seminar,central,lab,60.2,61,50,401.0,0.386,9.6,24.4,72.0,799.4,65,10,67.2,False,7,1230.1,1
ag-04511,2026-02-24T14:30:00,C-534,lab,central,lecture,46.5,43,38,285.9,0.62,10.7,22.3,56.5,656.3,36,55,49.8,False,6,773.2,0
ag-04512,2026-03-11T17:00:00,S-230,lecture,south,lecture,90.3,74,59,978.6,0.732,5.4,23.2,48.8,837.4,71,24,60.6,False,1,1159.1,1
ag-04513,2026-04-13T09:55:00,E-335,lecture,east,practice,122.8,103,35,932.9,0.577,8.5,22.9,56.2,761.2,38,45,51.7,False,6,874.9,0
ag-04514,2026-02-21T12:20:00,S-260,lab,south,lecture,34.7,27,22,270.1,0.748,-2.1,23.6,61.4,600.4,50,30,69.2,False,5,726.4,0
ag-04515,2026-04-28T14:25:00,S-291,lab,south,lecture,43.2,39,42,359.8,0.865,7.9,24.9,67.6,740.5,25,68,66.5,False,3,947.6,0
ag-04516,2026-03-30T16:45:00,C-332,seminar,central,practice,68.8,53,37,408.5,0.583,18.0,26.1,43.5,654.3,0,90,64.4,False,4,703.5,0
ag-04517,2026-02-14T15:00:00,S-541,lab,south,practice,45.0,43,26,371.1,0.58,4.9,19.1,56.1,462.6,30,54,54.3,False,2,509.9,0
ag-04518,2026-02-27T14:25:00,W-412,seminar,west,practice,52.1,42,32,245.3,0.543,5.0,24.3,44.8,599.0,56,36,63.7,False,3,728.2,0
ag-04519,2026-03-28T08:10:00,E-366,seminar,east,lecture,51.7,42,43,247.7,0.278,13.0,22.4,65.2,729.4,0,87,69.9,False,4,984.8,0
ag-04520,2026-03-20T15:20:00,W-474,seminar,west,lab,40.0,29,18,266.9,0.708,7.8,25.6,67.7,606.2,43,34,57.5,False,3,718.3,0
ag-04521,2026-04-04T18:20:00,E-420,lecture,east,lecture,63.3,56,66,509.1,0.56,8.2,24.3,58.2,883.3,55,64,63.7,True,6,1140.8,1
ag-04522,2026-05-15T09:50:00,W-532,lecture,west,practice,77.4,57,41,379.5,0.35,25.6,23.4,65.1,790.2,80,0,52.6,True,1,805.8,0
ag-04523,2026-03-29T08:40:00,S-522,lecture,south,lecture,84.9,94,76,1170.3,0.676,10.7,20.9,62.3,838.1,6,78,66.9,False,5,1193.1,1
ag-04524,2026-03-29T09:35:00,E-404,seminar,east,lab,47.8,46,30,463.7,0.605,11.7,23.5,55.4,633.9,79,24,66.7,False,4,883.2,0
ag-04525,2026-04-20T10:10:00,C-427,lecture,central,lab,83.0,58,37,223.0,0.162,24.7,22.3,51.6,709.1,34,45,55.7,False,6,873.9,0
ag-04526,2026-05-13T09:15:00,C-455,coworking,central,practice,36.4,26,26,148.3,0.588,13.7,22.9,45.2,496.0,33,56,72.8,True,7,670.6,0
ag-04527,2026-04-22T17:20:00,N-594,seminar,north,practice,70.3,62,30,547.7,0.473,4.7,22.5,59.7,567.8,39,45,61.3,False,6,656.2,0
ag-04528,2026-04-11T14:15:00,W-249,seminar,west,practice,61.5,47,52,427.0,0.53,15.5,25.0,59.4,746.3,61,32,71.0,False,1,1174.9,1
ag-04529,2026-04-30T13:40:00,N-200,lab,north,lecture,22.1,19,12,113.1,0.595,14.4,22.8,61.7,637.5,53,50,60.2,False,7,637.7,0
ag-04530,2026-02-23T18:45:00,E-327,lecture,east,lecture,63.6,60,69,485.5,0.513,-5.2,22.6,68.9,944.6,37,61,62.4,False,7,1219.1,1
ag-04531,2026-03-26T12:15:00,E-350,seminar,east,practice,53.9,40,19,245.1,0.422,7.9,23.5,57.2,501.5,8,77,53.3,False,4,589.4,0
ag-04532,2026-02-14T18:10:00,W-432,lecture,west,practice,124.4,102,28,795.4,0.396,-1.3,21.0,53.3,663.4,63,34,52.7,False,5,777.3,0
ag-04533,2026-04-21T14:45:00,N-242,lecture,north,none,104.4,91,5,704.3,0.263,11.4,23.8,27.5,475.4,24,78,46.3,False,1,518.4,0
ag-04534,2026-04-18T10:50:00,E-237,lab,east,practice,36.1,25,19,235.1,0.462,11.9,23.8,68.1,577.0,0,88,62.9,False,2,624.8,0
ag-04535,2026-05-02T11:35:00,S-410,lab,south,lab,25.3,20,18,93.3,0.306,6.5,23.4,53.8,579.6,31,64,68.2,True,6,694.9,0
ag-04536,2026-03-13T10:25:00,N-498,seminar,north,exam,27.0,28,26,382.5,0.872,-0.9,21.0,60.7,580.5,22,70,72.7,False,7,658.2,0
ag-04537,2026-04-27T16:35:00,W-319,lab,west,practice,58.3,41,27,264.8,0.568,21.9,24.1,60.2,637.8,12,77,50.9,True,3,697.2,0
ag-04538,2026-03-11T11:05:00,S-455,lecture,south,lecture,148.5,107,81,852.5,0.601,1.8,22.4,71.6,810.6,24,56,62.5,False,3,1170.6,1
ag-04539,2026-05-17T13:00:00,S-384,seminar,south,exam,49.9,50,44,368.5,0.271,14.4,23.4,60.2,763.1,35,60,62.7,True,7,1124.8,1
ag-04540,2026-05-06T14:50:00,C-140,lecture,central,lab,135.0,111,97,677.0,0.521,12.3,24.6,57.7,1180.5,38,56,59.0,True,7,1704.8,1
ag-04541,2026-03-10T09:30:00,C-108,coworking,central,practice,80.2,77,54,588.2,0.337,0.4,23.7,53.7,717.3,36,50,61.9,False,4,981.0,0
ag-04542,2026-03-20T17:15:00,W-231,lab,west,lecture,19.9,21,18,197.4,0.652,11.1,25.1,57.4,702.6,46,38,56.8,False,3,880.0,0
ag-04543,2026-02-28T18:55:00,W-598,lecture,west,practice,75.0,74,48,654.0,0.703,-2.2,23.7,47.4,645.7,25,60,51.1,False,6,818.9,0
ag-04544,2026-04-04T13:15:00,C-237,lecture,central,lecture,84.1,66,67,553.3,0.343,17.2,24.1,73.8,1021.3,42,43,62.2,False,6,1249.1,1
ag-04545,2026-04-09T16:15:00,W-183,lecture,west,lab,167.3,126,88,887.1,0.168,4.6,24.9,72.2,1155.3,90,0,51.0,False,7,1318.2,1
ag-04546,2026-03-30T13:35:00,N-242,seminar,north,lecture,58.9,59,44,825.3,0.878,11.2,20.7,54.7,566.9,12,77,55.7,True,2,730.0,0
ag-04547,2026-04-05T14:20:00,C-188,lecture,central,lecture,152.6,127,125,1138.7,0.39,3.2,25.1,68.5,1323.0,4,84,60.6,False,3,1928.9,1
ag-04548,2026-04-07T13:15:00,S-443,lecture,south,practice,119.4,92,53,630.0,0.354,3.7,25.7,48.7,808.1,38,44,60.2,False,7,1119.2,1
ag-04549,2026-04-20T13:20:00,W-443,lab,west,lecture,41.7,39,31,409.2,0.525,11.9,23.7,67.1,647.3,32,53,64.8,True,3,805.4,0
ag-04550,2026-03-16T08:05:00,C-172,seminar,central,practice,73.0,55,59,653.6,0.588,5.0,25.4,66.9,742.7,81,6,61.0,False,7,1043.9,0
ag-04551,2026-02-09T11:40:00,E-462,lab,east,practice,24.6,22,18,185.4,0.756,3.2,25.0,32.3,466.5,86,8,57.9,False,4,418.7,0
ag-04552,2026-02-14T14:00:00,S-331,lecture,south,lecture,119.4,83,59,582.6,0.136,4.1,24.0,56.5,841.5,50,30,63.4,False,4,1064.5,0
ag-04553,2026-02-18T10:20:00,S-136,seminar,south,practice,64.9,49,31,357.6,0.479,-0.3,23.8,71.8,669.4,48,44,62.4,False,2,854.3,0
ag-04554,2026-05-18T14:40:00,N-378,lab,north,lab,54.3,43,44,437.8,0.799,22.1,23.5,63.2,727.4,52,28,66.5,True,7,923.7,0
ag-04555,2026-04-19T15:45:00,S-570,lab,south,lecture,21.8,20,20,201.4,0.892,13.4,25.0,63.7,380.0,0,86,61.3,False,6,421.3,0
ag-04556,2026-04-14T09:30:00,S-585,lab,south,lecture,51.1,36,28,236.8,0.635,13.0,21.2,40.7,413.5,4,90,68.0,False,1,536.7,0
ag-04557,2026-03-01T15:00:00,S-110,coworking,south,practice,24.2,23,22,243.0,0.539,-6.6,24.6,55.8,651.0,0,80,71.6,False,4,789.4,0
ag-04558,2026-04-04T17:15:00,S-407,lab,south,practice,45.0,39,4,289.0,0.513,3.0,21.9,42.7,498.9,66,36,42.0,False,3,463.6,0
ag-04559,2026-05-09T11:35:00,S-567,seminar,south,practice,57.8,49,27,249.3,0.316,13.8,23.4,54.7,701.2,88,0,52.0,True,7,792.4,0
ag-04560,2026-04-05T13:05:00,N-374,lab,north,practice,45.4,34,24,325.6,0.691,13.7,24.4,51.9,468.0,33,53,63.4,False,4,685.1,0
ag-04561,2026-03-16T12:55:00,E-106,seminar,east,exam,67.4,49,38,409.5,0.412,6.9,23.7,66.6,649.0,13,80,59.6,False,3,858.9,0
ag-04562,2026-03-03T10:00:00,E-311,lab,east,practice,45.5,40,19,554.1,0.881,5.9,20.9,67.3,452.9,51,26,51.3,False,5,526.4,0
ag-04563,2026-02-18T08:05:00,S-454,lecture,south,lecture,84.7,75,77,575.3,0.472,-1.8,25.6,73.5,978.9,58,27,63.0,False,1,1283.6,1
ag-04564,2026-02-24T17:15:00,E-548,lecture,east,practice,117.2,103,66,573.2,0.322,2.9,23.1,58.2,758.0,50,44,49.5,False,1,1140.5,1
ag-04565,2026-03-06T12:25:00,W-120,lab,west,practice,37.6,36,18,384.8,0.652,9.4,23.0,64.4,529.5,66,20,49.4,False,2,652.6,0
ag-04566,2026-04-27T08:10:00,C-313,lecture,central,none,91.6,99,30,920.9,0.412,10.2,23.2,35.9,551.8,10,71,50.6,False,2,764.5,0
ag-04567,2026-05-19T18:00:00,C-368,seminar,central,practice,22.1,20,17,102.4,0.244,23.2,23.2,66.7,502.6,44,57,55.7,True,5,714.0,0
ag-04568,2026-05-19T18:55:00,W-575,lab,west,lecture,33.8,32,25,235.3,0.503,12.9,25.1,59.4,627.9,42,47,55.7,True,3,699.1,0
ag-04569,2026-04-22T10:55:00,S-592,lecture,south,practice,107.3,78,43,710.7,0.481,10.4,20.5,55.1,640.3,21,59,48.3,False,7,767.5,0
ag-04570,2026-05-13T11:55:00,S-298,seminar,south,practice,62.6,56,32,559.8,0.577,15.8,21.8,64.7,645.9,70,16,57.2,True,5,795.8,0
ag-04571,2026-04-27T13:00:00,S-180,lab,south,practice,29.1,24,9,286.1,0.662,17.5,23.9,61.4,530.4,31,53,51.4,False,7,616.3,0
ag-04572,2026-04-02T11:05:00,N-591,lecture,north,practice,78.4,74,41,438.0,0.382,4.6,25.4,49.8,654.6,12,63,61.6,False,7,925.7,0
ag-04573,2026-04-22T16:40:00,E-141,lab,east,practice,31.5,22,16,155.1,0.565,16.9,23.2,57.2,508.9,85,3,61.6,False,6,528.5,0
ag-04574,2026-04-28T10:20:00,C-549,lab,central,practice,34.2,29,22,326.0,0.764,16.6,23.7,64.1,472.1,11,75,60.2,False,6,502.3,0
ag-04575,2026-05-14T16:10:00,C-393,seminar,central,none,77.4,63,12,579.9,0.327,13.4,21.9,45.4,380.0,17,73,48.9,True,2,336.7,0
ag-04576,2026-04-17T08:50:00,W-525,seminar,west,lab,62.1,51,31,511.0,0.75,11.6,23.2,61.2,460.0,6,90,46.0,False,1,668.6,0
ag-04577,2026-04-14T08:40:00,N-307,lab,north,exam,38.0,39,38,373.9,0.425,14.4,25.4,57.3,696.1,9,77,69.4,True,5,814.4,0
ag-04578,2026-04-15T14:05:00,W-479,lecture,west,none,91.8,80,32,661.3,0.428,5.4,24.2,39.3,681.4,35,47,59.4,False,2,756.4,0
ag-04579,2026-03-11T15:05:00,W-210,lab,west,exam,29.4,32,32,155.7,0.344,8.8,25.2,55.7,848.7,54,35,68.1,True,4,1139.3,1
ag-04580,2026-02-18T15:50:00,S-341,lecture,south,lecture,66.6,61,58,487.7,0.587,-5.9,23.9,57.0,670.2,5,76,56.4,False,5,644.3,0
ag-04581,2026-03-24T17:00:00,W-322,lecture,west,lecture,58.1,55,26,456.4,0.309,7.4,25.7,39.0,645.0,46,40,50.1,False,6,695.1,0
ag-04582,2026-03-10T16:25:00,E-115,lab,east,lecture,56.8,44,31,464.0,0.746,1.3,19.8,49.7,489.9,29,51,65.7,True,7,442.1,0
ag-04583,2026-02-20T17:50:00,E-329,lecture,east,lab,168.0,125,81,861.2,0.299,-5.5,22.1,61.4,891.9,16,82,62.5,False,4,1394.0,1
ag-04584,2026-05-03T10:35:00,C-402,lecture,central,none,79.0,78,23,334.9,0.185,14.5,23.1,63.3,565.0,15,76,53.7,True,6,751.1,0
ag-04585,2026-02-22T11:50:00,S-544,lecture,south,lecture,119.6,110,83,716.8,0.176,2.6,24.5,64.2,866.8,0,90,59.2,False,7,1072.5,0
ag-04586,2026-03-23T17:40:00,E-402,seminar,east,lab,19.6,20,17,150.9,0.33,11.7,23.8,30.3,604.4,46,49,65.0,False,2,693.8,0
ag-04587,2026-04-24T17:30:00,C-485,seminar,central,lecture,26.4,27,19,230.8,0.866,-1.8,25.9,52.8,599.8,71,21,65.2,False,6,688.6,0
ag-04588,2026-02-14T09:20:00,E-205,seminar,east,none,39.4,35,12,279.0,0.568,0.2,22.9,51.6,622.3,50,41,53.8,False,5,649.5,0
ag-04589,2026-05-05T09:55:00,C-427,coworking,central,practice,61.6,44,39,158.8,0.06,14.9,25.2,68.2,786.5,69,21,60.9,True,5,1014.2,0
ag-04590,2026-03-06T18:20:00,N-170,seminar,north,practice,40.9,38,35,188.0,0.323,1.2,22.3,57.2,717.7,63,13,59.7,False,5,929.9,0
ag-04591,2026-03-09T15:25:00,E-486,seminar,east,lecture,66.7,48,43,390.5,0.95,6.8,24.5,63.5,796.7,43,55,61.4,True,3,962.6,0
ag-04592,2026-04-23T10:55:00,N-240,lecture,north,lecture,74.2,80,53,844.6,0.493,16.8,23.5,49.4,897.7,89,0,58.0,False,6,1082.4,0
ag-04593,2026-04-15T16:10:00,N-593,seminar,north,lecture,62.7,61,50,458.5,0.319,9.4,22.5,52.8,851.0,64,32,65.9,False,2,1006.1,0
ag-04594,2026-04-03T10:10:00,N-508,lab,north,practice,44.6,39,19,482.1,0.872,22.3,24.6,55.8,484.0,66,44,49.7,False,3,524.7,0
ag-04595,2026-04-09T15:50:00,E-253,lab,east,lecture,37.8,38,22,416.5,0.634,12.4,25.3,58.3,430.5,8,83,61.8,False,3,546.6,0
ag-04596,2026-02-26T11:20:00,E-215,seminar,east,lecture,66.2,54,49,298.1,0.436,6.7,24.3,70.6,716.3,60,30,63.1,False,1,957.5,0
ag-04597,2026-04-21T09:20:00,E-305,lab,east,lab,31.4,22,16,209.4,0.85,14.3,21.9,65.3,541.4,52,41,58.9,False,4,690.4,0
ag-04598,2026-05-18T11:25:00,S-169,seminar,south,lecture,44.2,45,26,507.9,0.558,26.3,24.6,54.4,586.1,28,69,54.1,True,4,634.7,0
ag-04599,2026-02-16T14:50:00,C-101,lecture,central,practice,138.2,109,85,743.2,0.209,1.0,22.1,58.5,1117.4,43,33,57.7,False,3,1409.1,1
ag-04600,2026-03-05T08:45:00,E-483,lecture,east,exam,84.3,71,55,351.7,0.165,4.0,23.3,75.0,824.1,21,61,56.6,False,2,1060.3,0
ag-04601,2026-04-19T12:05:00,S-491,lab,south,lab,24.0,18,15,235.6,0.875,-0.3,21.3,71.1,561.6,90,0,58.3,True,4,613.9,0
ag-04602,2026-02-26T09:05:00,N-180,lab,north,lecture,34.9,26,19,173.5,0.516,4.7,22.2,68.8,484.6,34,41,52.8,False,6,527.1,0
ag-04603,2026-05-09T16:15:00,S-253,lecture,south,practice,78.1,79,55,641.8,0.462,15.6,23.1,56.4,681.4,31,80,58.9,True,4,968.6,0
ag-04604,2026-04-27T17:40:00,W-365,lecture,west,lecture,107.3,97,82,356.7,0.166,20.1,25.9,59.2,1024.8,0,82,63.5,False,2,1353.4,1
ag-04605,2026-04-03T12:05:00,W-256,lab,west,none,19.9,20,4,180.1,0.827,12.4,23.3,44.8,380.0,28,66,53.7,False,6,494.9,0
ag-04606,2026-05-04T17:10:00,C-287,lab,central,lab,32.6,24,25,281.3,0.612,12.0,24.9,55.5,564.0,32,55,71.3,True,5,702.6,0
ag-04607,2026-02-22T11:40:00,N-219,seminar,north,practice,65.9,55,37,543.5,0.569,0.5,23.9,48.5,768.4,85,3,54.9,False,5,937.6,0
ag-04608,2026-02-20T12:30:00,E-427,lab,east,lab,26.5,21,15,291.7,0.896,-4.1,22.4,50.1,384.8,18,64,54.5,True,2,458.4,0
ag-04609,2026-05-11T18:00:00,W-152,lecture,west,lecture,93.0,92,79,492.0,0.15,21.3,24.3,49.5,894.0,37,45,70.8,True,1,1421.7,1
ag-04610,2026-05-04T18:50:00,W-532,lab,west,lecture,20.8,20,15,194.5,0.656,22.9,24.8,58.0,452.0,43,33,56.8,True,7,654.7,0
ag-04611,2026-02-17T14:15:00,E-130,seminar,east,practice,83.8,58,31,510.6,0.488,-1.1,23.4,51.5,640.1,84,4,58.5,False,7,755.2,0
ag-04612,2026-02-09T08:00:00,C-477,seminar,central,lecture,53.3,56,31,449.8,0.538,2.1,23.3,51.7,565.5,45,55,57.1,False,6,710.3,0
ag-04613,2026-04-06T16:15:00,E-308,lecture,east,lecture,74.8,56,52,640.5,0.747,13.2,24.4,61.5,673.4,55,35,62.4,False,4,778.5,0
ag-04614,2026-03-10T18:20:00,N-419,lecture,north,lab,109.7,93,66,518.7,0.406,2.1,25.2,52.5,823.3,59,24,67.4,False,1,1114.2,1
ag-04615,2026-04-27T14:10:00,E-106,lab,east,practice,36.1,27,21,184.0,0.73,16.1,24.3,60.9,508.8,44,43,61.8,False,2,560.5,0
ag-04616,2026-05-13T14:15:00,E-136,lab,east,practice,44.4,38,22,347.3,0.609,20.8,23.2,59.4,395.9,23,61,54.9,True,1,573.1,0
ag-04617,2026-05-14T14:25:00,N-411,lab,north,lecture,28.8,30,30,271.2,0.984,16.4,23.9,65.6,651.1,63,16,65.0,True,4,769.9,0
ag-04618,2026-03-23T13:05:00,N-514,seminar,north,exam,20.9,22,15,150.6,0.385,6.4,21.8,51.0,513.3,71,10,58.4,False,7,528.0,0
ag-04619,2026-03-13T15:25:00,S-502,lab,south,practice,29.6,29,19,337.7,0.807,2.8,23.2,52.2,617.8,59,37,66.9,False,5,829.2,0
ag-04620,2026-05-18T16:00:00,C-457,lecture,central,exam,104.2,93,103,480.2,0.218,17.4,25.2,65.0,1177.3,43,45,70.9,True,5,1433.1,1
ag-04621,2026-05-13T13:50:00,N-588,lab,north,practice,33.8,28,22,175.9,0.581,21.2,24.7,56.0,679.1,72,8,56.9,True,7,860.9,0
ag-04622,2026-05-15T09:45:00,C-311,lecture,central,lecture,95.9,106,88,1075.7,0.485,14.2,24.7,68.6,1017.6,45,44,55.0,True,5,1574.1,1
ag-04623,2026-05-17T16:20:00,N-175,seminar,north,lab,34.8,35,21,309.1,0.418,19.1,23.8,65.4,675.2,53,43,51.2,True,2,860.9,0
ag-04624,2026-04-08T12:45:00,E-556,lecture,east,practice,73.3,73,64,394.5,0.525,18.1,22.0,56.3,858.8,40,43,57.8,False,6,1143.8,1
ag-04625,2026-02-15T08:30:00,S-146,seminar,south,none,43.0,39,11,213.1,0.382,-3.5,23.2,47.2,469.0,9,80,56.7,False,5,555.5,0
ag-04626,2026-03-11T08:20:00,W-330,lab,west,exam,46.7,39,42,480.4,0.687,7.3,21.6,59.7,781.4,12,87,62.8,False,4,871.9,0
ag-04627,2026-05-14T11:45:00,N-276,seminar,north,practice,21.6,20,20,158.1,0.462,18.0,25.1,64.5,518.2,2,90,76.4,True,5,600.9,0
ag-04628,2026-03-08T18:45:00,S-579,lecture,south,lab,127.6,113,117,1271.3,0.777,4.5,26.1,54.0,1107.7,26,64,67.4,False,3,1663.1,1
ag-04629,2026-03-17T14:45:00,C-221,lab,central,lecture,30.2,22,15,243.9,1.0,9.9,25.3,58.3,423.6,33,56,62.1,False,6,365.9,0
ag-04630,2026-05-06T11:45:00,W-313,seminar,west,lab,31.8,33,26,207.0,0.457,19.3,21.4,56.2,656.9,23,64,60.2,True,3,782.0,0
ag-04631,2026-03-29T08:55:00,C-259,lab,central,lecture,41.4,33,29,471.5,0.968,6.4,22.7,58.0,630.3,57,45,60.0,False,5,738.6,0
ag-04632,2026-04-29T14:20:00,C-510,seminar,central,none,58.0,46,14,210.3,0.257,12.4,25.4,65.3,460.4,0,90,50.1,False,3,564.7,0
ag-04633,2026-02-24T14:50:00,E-544,coworking,east,practice,70.0,74,68,555.0,0.526,0.1,21.3,56.9,937.3,60,34,61.7,False,4,1230.0,1
ag-04634,2026-04-25T17:40:00,C-294,seminar,central,lecture,54.3,54,37,357.9,0.604,14.4,22.2,54.7,564.2,27,61,70.3,False,5,756.4,0
ag-04635,2026-03-24T18:40:00,C-261,seminar,central,lecture,45.7,48,27,429.1,0.608,15.4,22.7,69.8,582.0,45,39,58.2,False,3,641.5,0
ag-04636,2026-03-15T09:50:00,W-312,lecture,west,practice,91.8,66,43,546.1,0.367,9.1,21.9,60.1,773.0,61,37,52.6,False,1,1033.3,0
ag-04637,2026-04-18T12:00:00,W-284,coworking,west,lecture,30.2,27,13,154.0,0.466,9.2,22.1,52.1,457.0,16,56,52.4,False,6,558.2,0
ag-04638,2026-04-06T14:50:00,S-568,lecture,south,exam,73.3,73,74,588.0,0.287,15.7,24.4,62.0,904.4,68,26,77.5,False,7,1317.6,1
ag-04639,2026-04-24T15:05:00,W-103,lecture,west,none,83.1,63,6,592.9,0.461,12.6,23.7,63.9,486.6,31,72,48.6,False,4,542.8,0
ag-04640,2026-04-23T16:05:00,S-306,lab,south,none,21.8,22,1,273.1,0.759,9.1,22.5,35.2,553.7,70,19,42.3,False,2,427.4,0
ag-04641,2026-02-21T15:30:00,N-453,seminar,north,lecture,42.0,42,34,265.6,0.059,1.0,27.4,55.4,774.3,0,89,72.7,False,7,888.4,0
ag-04642,2026-02-12T11:45:00,W-354,lab,west,none,25.5,25,5,241.6,0.559,5.6,23.3,45.2,444.2,4,81,36.0,False,5,446.3,0
ag-04643,2026-04-07T15:20:00,S-525,lab,south,none,44.0,32,5,263.1,0.565,9.6,21.0,46.2,380.0,66,40,50.4,False,5,539.5,0
ag-04644,2026-03-07T12:05:00,N-513,coworking,north,none,90.4,70,28,576.3,0.288,10.7,23.8,60.8,597.1,33,46,57.6,False,7,822.5,0
ag-04645,2026-05-03T14:35:00,W-519,lecture,west,exam,100.6,74,81,716.6,0.444,24.4,22.4,79.2,920.3,22,80,75.3,True,4,1331.5,1
ag-04646,2026-05-10T10:45:00,E-551,coworking,east,lab,66.9,57,46,517.4,0.468,20.9,22.9,64.2,614.5,34,73,54.9,True,4,896.6,0
ag-04647,2026-03-15T09:10:00,S-239,lab,south,practice,29.9,27,20,249.0,0.461,-3.7,24.0,44.7,639.7,90,6,57.1,True,5,730.8,0
ag-04648,2026-05-11T12:55:00,E-292,lecture,east,lab,84.5,61,32,534.0,0.471,8.6,20.7,57.6,559.4,20,67,50.8,True,4,658.6,0
ag-04649,2026-03-23T16:25:00,N-350,lecture,north,practice,137.8,123,102,1181.4,0.571,1.1,23.5,54.7,1262.8,48,51,53.2,False,5,1636.3,1
ag-04650,2026-03-25T09:40:00,W-178,coworking,west,lab,67.7,51,43,452.1,0.768,5.9,23.6,44.2,687.9,48,40,54.8,False,1,936.7,0
ag-04651,2026-02-28T11:35:00,N-180,seminar,north,practice,81.5,64,58,607.1,0.392,7.5,26.3,67.5,836.8,30,70,66.0,False,3,1100.0,1
ag-04652,2026-04-10T14:10:00,N-121,lecture,north,practice,154.9,108,103,1212.1,0.713,8.0,23.4,54.6,1031.2,17,73,68.1,False,3,1498.3,1
ag-04653,2026-04-02T12:30:00,N-433,lab,north,lecture,24.6,21,19,288.6,0.887,10.6,25.0,61.6,407.8,40,62,60.9,False,6,423.2,0
ag-04654,2026-04-02T17:25:00,E-162,lab,east,lab,33.2,24,19,354.3,0.897,7.3,23.8,50.0,476.6,22,65,61.2,False,6,566.1,0
ag-04655,2026-04-12T10:20:00,W-331,seminar,west,practice,59.2,45,20,535.6,0.653,22.6,24.1,58.2,560.6,27,54,49.7,False,2,680.3,0
ag-04656,2026-04-22T13:40:00,N-381,lecture,north,lecture,88.7,82,59,711.7,0.597,5.7,25.4,56.8,743.8,52,41,60.3,False,2,987.3,0
ag-04657,2026-02-18T13:00:00,E-516,seminar,east,practice,42.5,41,26,261.1,0.244,7.7,25.2,61.2,675.7,18,64,64.0,False,4,735.9,0
ag-04658,2026-02-13T15:35:00,W-472,lecture,west,practice,108.8,80,59,521.3,0.267,-4.6,25.0,50.2,837.2,51,52,61.2,False,5,1031.2,0
ag-04659,2026-03-30T09:25:00,W-130,seminar,west,lecture,59.7,52,47,686.3,0.709,3.3,23.0,67.3,543.9,29,59,72.4,True,1,648.8,0
ag-04660,2026-02-18T14:50:00,E-521,coworking,east,lecture,69.7,67,46,796.9,0.628,0.8,23.3,49.7,785.3,0,90,55.6,False,6,956.6,0
ag-04661,2026-03-13T17:10:00,W-427,seminar,west,lecture,28.1,21,17,146.4,0.637,14.0,22.4,48.1,601.5,13,72,60.1,False,6,675.1,0
ag-04662,2026-02-25T17:50:00,C-322,seminar,central,lecture,31.4,23,15,182.3,0.414,4.0,24.5,42.0,429.4,5,90,55.6,False,7,474.8,0
ag-04663,2026-04-08T17:55:00,E-471,lab,east,practice,37.9,27,20,222.1,0.441,8.7,24.2,65.5,633.8,57,37,57.2,False,5,769.5,0
ag-04664,2026-03-25T13:35:00,S-322,seminar,south,none,38.6,42,14,359.8,0.575,14.1,24.0,48.5,440.1,0,90,45.1,False,1,468.9,0
ag-04665,2026-03-20T15:55:00,C-133,seminar,central,lecture,35.4,33,23,342.7,0.482,-0.2,24.2,49.5,643.5,55,22,55.3,False,6,751.2,0
ag-04666,2026-04-23T15:05:00,N-596,lecture,north,lecture,109.4,100,69,874.4,0.503,9.6,25.6,58.3,970.0,20,72,59.5,False,6,1161.3,1
ag-04667,2026-03-11T15:45:00,S-253,seminar,south,lecture,26.7,20,12,183.8,0.69,9.6,23.1,75.3,480.7,90,0,43.6,False,1,445.1,0
ag-04668,2026-04-06T15:45:00,C-501,seminar,central,exam,74.9,57,56,269.5,0.17,18.9,22.2,56.3,907.4,70,21,65.4,False,4,1074.3,0
ag-04669,2026-02-11T08:25:00,C-412,seminar,central,practice,38.9,28,16,163.1,0.26,3.4,25.0,54.2,620.4,54,29,59.9,False,1,710.2,0
ag-04670,2026-03-17T15:25:00,S-187,seminar,south,lab,49.8,54,42,342.4,0.587,3.8,22.8,63.0,549.3,29,62,57.0,False,2,780.8,0
ag-04671,2026-02-11T10:00:00,E-344,lecture,east,practice,74.4,81,58,736.7,0.398,6.2,23.5,52.4,975.3,90,7,58.7,False,3,1137.3,1
ag-04672,2026-03-17T15:45:00,E-206,seminar,east,none,21.7,21,1,220.7,0.664,2.7,21.6,42.4,430.1,40,58,40.2,False,2,403.2,0
ag-04673,2026-03-22T13:30:00,C-576,seminar,central,none,27.2,24,0,163.7,0.441,8.0,23.7,63.2,406.9,76,20,47.9,False,5,478.6,0
ag-04674,2026-03-19T12:25:00,S-300,lab,south,practice,23.7,24,13,143.5,0.394,11.1,21.3,61.1,582.9,22,74,47.0,False,6,602.2,0
ag-04675,2026-04-15T15:35:00,N-293,lecture,north,practice,114.9,98,22,545.8,0.394,12.5,23.2,36.8,494.1,0,90,48.8,False,3,655.0,0
ag-04676,2026-03-04T14:55:00,N-315,lab,north,lecture,40.3,28,18,304.8,0.543,-5.6,23.8,57.0,453.7,49,35,51.5,False,3,506.3,0
ag-04677,2026-02-14T18:20:00,S-255,lecture,south,lab,82.3,57,39,617.0,0.51,4.4,21.4,74.8,647.7,27,71,59.3,False,1,850.8,0
ag-04678,2026-04-21T13:05:00,S-112,coworking,south,lecture,91.7,65,35,422.4,0.631,12.8,23.2,55.4,514.2,16,64,48.8,False,5,585.1,0
ag-04679,2026-04-10T18:40:00,S-362,lab,south,practice,46.8,33,30,332.7,0.434,13.2,21.5,62.2,561.1,0,83,60.7,False,1,668.8,0
ag-04680,2026-03-08T09:35:00,S-382,lecture,south,practice,114.4,114,65,959.2,0.456,2.6,20.9,51.8,899.2,8,90,56.1,False,5,1136.7,1
ag-04681,2026-03-18T14:45:00,E-126,lab,east,none,47.3,39,6,308.8,0.752,12.9,19.5,47.0,518.6,42,44,48.4,False,4,460.0,0
ag-04682,2026-04-10T10:00:00,N-444,lab,north,lab,41.7,42,31,285.7,0.653,11.5,23.2,48.1,601.7,30,66,70.1,False,4,744.0,0
ag-04683,2026-02-10T18:05:00,N-143,lecture,north,lecture,70.4,56,46,800.1,0.852,6.0,24.7,73.2,679.2,41,56,62.0,False,1,743.0,0
ag-04684,2026-04-18T16:05:00,E-268,lab,east,none,54.8,40,10,372.9,0.504,10.3,25.7,32.1,450.2,35,49,49.9,False,6,441.6,0
ag-04685,2026-03-03T15:10:00,E-563,seminar,east,none,39.1,30,4,215.5,0.344,-2.0,22.4,46.4,474.7,25,61,49.0,False,2,509.6,0
ag-04686,2026-03-05T09:55:00,W-130,lecture,west,lecture,64.6,55,44,732.5,0.822,2.8,24.6,44.8,543.5,44,45,78.8,False,7,734.6,0
ag-04687,2026-03-19T11:20:00,C-259,lecture,central,lab,124.1,119,89,698.6,0.395,3.7,25.0,58.5,1112.1,51,40,67.3,False,4,1634.7,1
ag-04688,2026-05-18T13:15:00,S-419,coworking,south,exam,29.8,32,35,287.0,0.384,16.7,23.8,75.1,663.6,0,85,58.9,True,3,651.6,0
ag-04689,2026-02-20T13:20:00,S-567,lab,south,lecture,61.9,43,21,327.6,0.699,9.0,25.5,54.0,419.5,0,73,55.1,False,6,531.9,0
ag-04690,2026-03-10T12:30:00,N-131,lecture,north,lecture,101.4,103,58,625.7,0.258,-0.1,27.3,68.1,961.4,53,38,63.1,False,2,1293.3,1
ag-04691,2026-03-21T08:55:00,N-354,seminar,north,exam,39.1,39,36,222.8,0.587,5.4,23.5,43.3,554.8,8,80,63.8,False,7,893.4,0
ag-04692,2026-05-11T17:55:00,E-130,lecture,east,practice,83.2,73,57,647.7,0.482,10.7,22.6,53.1,855.2,86,0,58.3,True,2,1180.4,1
ag-04693,2026-03-21T16:15:00,S-375,seminar,south,lab,41.7,29,16,219.1,0.457,5.8,23.5,46.5,525.0,75,10,54.0,False,2,541.4,0
ag-04694,2026-02-14T10:25:00,W-181,lecture,west,practice,107.1,99,66,823.0,0.535,0.1,21.3,53.6,760.4,73,18,49.6,False,3,1205.3,1
ag-04695,2026-03-01T09:45:00,N-300,lab,north,none,30.5,28,12,117.4,0.2,0.2,23.4,59.6,380.0,7,86,50.1,False,4,361.5,0
ag-04696,2026-02-16T17:20:00,E-484,seminar,east,practice,71.9,54,28,431.8,0.395,-6.3,23.3,56.8,540.8,24,66,56.5,False,3,686.1,0
ag-04697,2026-04-05T14:05:00,C-591,lecture,central,none,90.8,78,19,406.2,0.208,17.5,22.1,50.9,530.2,0,90,40.6,False,3,645.3,0
ag-04698,2026-05-03T14:05:00,N-305,lab,north,lecture,30.7,29,32,216.9,0.622,18.3,22.6,59.4,616.1,0,85,65.0,True,2,738.4,0
ag-04699,2026-02-14T09:20:00,W-112,lecture,west,lab,66.8,65,66,579.3,0.45,2.4,24.0,58.4,802.6,29,62,64.2,False,3,1077.3,0
ag-04700,2026-03-02T16:45:00,W-145,coworking,west,lecture,34.2,37,21,250.7,0.479,5.7,24.7,40.5,512.5,29,67,52.5,False,1,586.9,0
ag-04701,2026-03-23T18:05:00,E-445,lab,east,lecture,31.0,24,21,327.2,0.937,7.0,24.5,65.8,413.1,51,30,67.9,False,5,595.2,0
ag-04702,2026-02-18T18:45:00,S-331,lecture,south,practice,165.2,129,74,956.2,0.476,0.7,22.5,68.4,964.3,59,26,54.5,False,1,1221.6,1
ag-04703,2026-03-02T08:55:00,C-324,seminar,central,practice,50.7,52,49,437.9,0.261,-5.0,24.8,55.5,856.0,46,46,73.5,False,1,1193.1,1
ag-04704,2026-04-14T09:40:00,S-120,coworking,south,exam,45.4,34,32,434.4,0.681,5.2,24.5,64.5,589.7,37,57,68.9,False,5,732.1,0
ag-04705,2026-04-23T18:30:00,E-269,seminar,east,none,66.7,49,2,441.5,0.675,15.8,23.5,54.1,380.0,15,83,50.4,False,4,381.7,0
ag-04706,2026-04-19T10:30:00,E-453,lecture,east,lecture,85.3,94,82,574.5,0.627,7.1,25.1,60.9,980.9,49,39,65.8,False,2,1437.1,1
ag-04707,2026-03-18T08:05:00,N-192,lab,north,practice,52.9,41,30,462.2,0.775,0.7,24.3,59.4,545.4,36,63,54.4,False,4,633.3,0
ag-04708,2026-02-22T18:45:00,N-224,seminar,north,lecture,38.6,36,21,226.9,0.302,7.1,21.7,47.9,626.6,61,38,59.9,False,5,824.6,0
ag-04709,2026-02-26T15:30:00,C-123,lecture,central,lecture,113.4,125,114,1302.2,0.482,-0.6,25.5,61.6,1247.5,90,0,61.3,False,3,1488.5,1
ag-04710,2026-03-15T18:50:00,N-264,seminar,north,none,82.5,57,12,309.2,0.292,9.7,23.4,41.1,512.0,2,87,46.0,False,6,470.8,0
ag-04711,2026-04-24T16:20:00,N-379,seminar,north,none,34.5,28,4,223.9,0.398,7.9,21.9,49.4,380.0,18,68,55.9,False,7,341.7,0
ag-04712,2026-05-07T15:55:00,E-389,coworking,east,practice,53.1,52,47,642.2,0.851,28.0,26.2,55.5,800.9,13,76,63.8,True,4,983.5,0
ag-04713,2026-03-02T17:35:00,S-367,lecture,south,practice,79.0,84,50,426.2,0.05,1.4,26.5,54.6,809.4,9,75,60.9,False,2,1057.4,0
ag-04714,2026-05-02T09:00:00,W-493,lab,west,lecture,41.0,34,39,266.6,0.681,17.1,24.2,59.0,658.8,55,25,69.6,True,3,945.1,0
ag-04715,2026-05-15T14:40:00,W-531,seminar,west,practice,38.4,40,30,377.7,0.367,17.1,22.4,46.1,722.8,26,62,58.2,True,3,782.9,0
ag-04716,2026-04-26T09:25:00,N-523,lecture,north,lab,123.5,87,69,641.6,0.2,18.0,23.1,41.3,842.9,0,86,72.6,False,1,1192.1,1
ag-04717,2026-04-10T14:25:00,N-266,lecture,north,lecture,120.3,83,70,506.1,0.302,9.2,25.3,59.8,796.3,11,88,52.6,False,7,1174.8,1
ag-04718,2026-03-01T17:45:00,W-429,coworking,west,lecture,29.6,24,18,145.2,0.588,1.6,24.2,60.9,435.2,10,87,52.1,False,7,477.3,0
ag-04719,2026-04-26T14:50:00,S-305,lecture,south,exam,161.4,116,87,840.4,0.701,11.4,21.5,48.0,847.4,64,21,55.5,False,5,1256.5,1
ag-04720,2026-05-06T17:10:00,S-561,lecture,south,lecture,80.1,78,64,624.4,0.526,7.9,26.1,62.6,1048.9,81,14,52.9,True,5,1357.7,1
ag-04721,2026-03-12T17:10:00,N-488,coworking,north,none,77.5,72,1,454.4,0.399,-1.1,21.9,36.5,399.3,28,65,40.3,False,4,494.6,0
ag-04722,2026-04-12T17:30:00,N-584,seminar,north,none,48.1,45,9,319.0,0.541,8.3,23.2,40.5,495.9,30,61,43.4,False,6,591.0,0
ag-04723,2026-04-10T16:15:00,N-353,lab,north,lecture,34.9,30,28,269.5,0.851,7.0,23.9,68.9,514.5,55,29,68.8,False,2,669.0,0
ag-04724,2026-04-24T17:00:00,C-376,seminar,central,practice,64.8,51,41,427.6,0.436,10.5,24.5,54.0,747.3,54,36,55.3,False,1,992.1,0
ag-04725,2026-02-16T15:15:00,C-374,lab,central,none,23.3,24,6,201.8,0.406,3.4,22.2,54.6,553.9,61,28,51.0,False,5,489.7,0
ag-04726,2026-04-26T18:55:00,W-505,seminar,west,practice,44.6,44,27,280.3,0.365,5.7,22.0,57.0,566.0,11,88,52.4,False,5,521.8,0
ag-04727,2026-04-17T12:25:00,N-179,seminar,north,practice,79.2,55,46,537.2,0.693,8.6,23.6,62.5,780.7,57,43,69.5,False,6,1044.6,0
ag-04728,2026-05-19T13:45:00,E-491,lecture,east,lecture,118.2,112,88,560.6,0.381,17.8,23.5,55.0,880.6,76,21,61.6,True,3,1330.3,1
ag-04729,2026-02-14T12:00:00,W-173,seminar,west,lecture,59.6,61,40,740.8,0.644,-4.7,24.7,68.4,672.8,18,74,56.1,False,6,827.6,0
ag-04730,2026-03-19T16:05:00,W-374,lecture,west,lecture,57.3,59,70,224.6,0.123,3.0,25.0,65.1,916.0,81,6,74.2,False,7,1258.6,1
ag-04731,2026-05-09T12:10:00,S-389,seminar,south,practice,65.7,52,39,289.8,0.225,18.4,26.2,60.2,597.5,8,78,53.0,True,4,768.3,0
ag-04732,2026-04-27T17:00:00,S-425,seminar,south,practice,55.1,45,35,341.1,0.412,14.2,25.0,46.4,572.2,0,90,71.7,False,4,810.1,0
ag-04733,2026-05-04T14:00:00,W-440,seminar,west,practice,51.9,38,28,368.2,0.441,12.0,24.0,57.7,727.1,62,39,59.8,True,6,986.5,0
ag-04734,2026-05-12T14:25:00,C-325,lecture,central,lab,106.2,107,86,703.8,0.219,17.2,24.6,54.6,903.6,29,61,70.5,True,3,1320.9,1
ag-04735,2026-05-08T17:25:00,W-176,seminar,west,lecture,28.0,24,19,225.2,0.346,15.4,23.8,54.3,471.6,16,65,58.7,True,2,530.4,0
ag-04736,2026-05-15T15:00:00,C-588,lecture,central,lecture,115.8,81,69,359.0,0.287,16.4,25.5,53.9,771.5,52,37,66.5,True,7,1202.0,1
ag-04737,2026-03-25T08:05:00,E-264,seminar,east,none,43.5,34,9,347.7,0.714,6.0,22.5,51.9,427.5,40,42,52.8,False,2,428.1,0
ag-04738,2026-03-11T15:50:00,E-458,lecture,east,lecture,144.7,110,61,875.8,0.535,6.1,24.4,57.9,734.3,3,90,60.1,False,3,1079.1,0
ag-04739,2026-02-28T11:50:00,S-353,coworking,south,lab,28.5,30,24,229.0,0.441,-0.9,24.0,57.8,595.8,42,37,54.2,False,6,661.4,0
ag-04740,2026-03-21T15:10:00,S-206,lab,south,lecture,28.3,21,18,175.1,0.662,11.3,24.3,65.2,498.5,22,66,57.1,True,5,625.3,0
ag-04741,2026-02-22T17:25:00,W-185,seminar,west,lecture,59.4,42,20,403.5,0.681,8.9,23.6,68.1,611.6,73,2,51.0,False,1,600.2,0
ag-04742,2026-03-28T16:00:00,N-531,lab,north,none,40.5,28,4,197.2,0.343,8.8,22.0,42.3,415.8,15,82,45.9,False,5,481.3,0
ag-04743,2026-04-06T15:10:00,S-349,lecture,south,lecture,94.0,100,85,1128.3,0.554,2.4,24.1,57.7,1097.3,7,90,60.7,False,7,1396.8,1
ag-04744,2026-05-07T17:55:00,W-185,coworking,west,none,53.7,43,16,299.5,0.173,16.3,20.4,51.0,549.5,77,20,51.1,True,7,736.3,0
ag-04745,2026-04-16T10:50:00,S-252,lecture,south,exam,104.4,111,121,914.7,0.343,15.0,25.4,62.7,1005.9,21,77,75.6,False,4,1678.1,1
ag-04746,2026-03-14T18:20:00,N-326,seminar,north,practice,40.5,44,37,487.3,0.628,10.0,22.1,52.6,703.6,22,80,51.2,False,6,930.7,0
ag-04747,2026-04-13T16:35:00,E-361,lab,east,lecture,35.7,36,26,366.2,0.484,13.7,24.1,51.8,621.3,69,15,65.2,False,7,834.5,0
ag-04748,2026-04-17T11:05:00,N-281,seminar,north,practice,40.8,41,35,394.1,0.467,14.2,22.3,62.9,733.9,27,54,56.9,False,4,880.3,0
ag-04749,2026-02-22T13:45:00,S-537,lab,south,lecture,43.4,33,29,414.7,1.0,-2.0,24.3,65.1,561.2,75,11,67.9,False,5,647.0,0
ag-04750,2026-02-27T18:15:00,N-396,coworking,north,practice,64.5,51,32,230.8,0.208,1.7,25.5,65.4,656.1,90,9,59.1,False,6,818.0,0
ag-04751,2026-02-13T12:10:00,C-489,lecture,central,lecture,175.8,129,100,1292.2,0.475,-4.9,24.4,65.8,776.9,2,79,56.0,True,2,1082.3,0
ag-04752,2026-03-17T16:40:00,S-293,lecture,south,lecture,104.9,98,85,946.5,0.499,3.2,24.7,67.9,984.7,68,25,62.7,False,5,1287.3,1
ag-04753,2026-03-09T10:55:00,E-552,lab,east,lecture,36.5,32,23,197.0,0.504,1.1,23.2,60.0,440.3,0,90,63.2,False,3,537.9,0
ag-04754,2026-02-16T13:40:00,W-586,lecture,west,lecture,147.5,126,130,1173.1,0.608,-1.7,23.4,57.4,1343.3,5,88,72.9,False,5,1693.2,1
ag-04755,2026-03-28T11:40:00,N-535,lecture,north,none,111.4,119,9,727.3,0.275,9.8,22.9,39.9,501.9,12,61,53.8,False,3,501.2,0
ag-04756,2026-02-15T11:40:00,S-371,lab,south,exam,44.1,42,33,445.6,0.825,8.3,24.0,66.4,687.8,57,20,62.4,False,1,873.4,0
ag-04757,2026-05-06T15:05:00,C-390,lecture,central,lecture,56.5,55,53,284.3,0.308,12.9,23.5,61.9,741.8,32,68,61.8,True,5,933.9,0
ag-04758,2026-04-17T10:30:00,E-421,lab,east,none,40.8,40,3,346.9,0.638,14.2,20.3,40.5,486.5,25,61,52.1,False,5,460.3,0
ag-04759,2026-04-07T10:55:00,C-366,lab,central,lab,25.3,23,13,337.1,0.966,4.2,22.2,66.3,481.5,24,73,51.6,False,2,426.6,0
ag-04760,2026-05-17T09:55:00,C-107,lecture,central,lab,57.7,60,59,556.9,0.716,13.3,24.7,51.9,842.3,65,21,54.4,True,2,1143.9,1
ag-04761,2026-05-17T17:50:00,W-490,coworking,west,lecture,23.0,24,19,260.3,0.788,15.8,22.5,49.7,498.9,66,26,59.1,True,4,670.7,0
ag-04762,2026-04-11T16:25:00,C-435,lecture,central,none,58.3,62,13,251.5,0.093,16.7,23.8,52.1,544.2,34,54,50.7,False,3,604.0,0
ag-04763,2026-03-10T18:10:00,N-595,lecture,north,practice,70.8,78,63,486.6,0.341,10.2,25.6,53.5,1015.7,82,1,59.3,False,2,1285.7,1
ag-04764,2026-04-11T10:35:00,C-176,coworking,central,practice,101.3,71,39,781.1,0.552,9.2,23.7,51.4,606.7,60,13,53.5,False,5,787.3,0
ag-04765,2026-02-11T08:25:00,E-475,lecture,east,practice,62.4,62,61,767.4,0.838,10.1,24.7,68.9,941.9,84,11,67.4,True,2,1265.8,1
ag-04766,2026-04-28T09:10:00,C-223,lecture,central,practice,93.9,87,64,549.6,0.313,23.9,26.5,66.9,901.5,20,65,59.4,True,4,1097.8,1
ag-04767,2026-04-07T12:05:00,W-501,lab,west,practice,33.0,27,16,238.4,0.614,3.6,21.1,55.6,408.8,9,79,62.5,True,7,432.0,0
ag-04768,2026-02-16T11:00:00,N-198,lecture,north,lab,107.1,93,81,832.1,0.357,0.6,25.5,59.7,895.7,42,54,72.6,False,5,1057.0,1
ag-04769,2026-04-29T11:55:00,N-334,lab,north,lecture,37.5,30,21,384.2,0.805,14.7,23.1,52.9,571.2,78,17,58.6,False,6,753.9,0
ag-04770,2026-02-14T09:15:00,E-178,lab,east,practice,42.9,35,18,393.7,0.767,5.1,24.7,45.2,500.7,0,90,61.5,False,2,555.9,0
ag-04771,2026-03-28T13:55:00,C-265,seminar,central,practice,39.0,34,14,234.7,0.565,5.0,22.1,57.4,455.1,50,33,49.0,False,7,531.9,0
ag-04772,2026-05-14T18:35:00,E-452,seminar,east,lab,42.0,33,20,339.3,0.685,14.8,23.0,45.6,445.3,0,90,56.6,True,2,449.6,0
ag-04773,2026-03-07T09:55:00,E-473,lecture,east,practice,62.8,55,24,548.9,0.545,4.0,23.4,52.7,601.6,45,56,54.7,False,3,649.3,0
ag-04774,2026-03-26T10:20:00,E-289,lecture,east,lab,149.0,114,48,607.5,0.405,4.3,24.5,48.1,871.5,62,27,44.0,False,6,1029.1,0
ag-04775,2026-02-28T17:00:00,C-371,seminar,central,practice,27.3,26,17,202.0,0.672,2.6,21.9,65.8,527.2,90,0,63.0,False,5,584.1,0
ag-04776,2026-03-20T14:55:00,S-206,seminar,south,practice,64.1,47,34,441.2,0.491,7.7,26.1,57.5,543.2,0,90,69.7,False,1,732.3,0
ag-04777,2026-02-26T08:20:00,C-568,seminar,central,none,33.3,29,1,198.1,0.324,4.0,22.4,33.2,571.5,81,17,39.0,True,3,487.6,0
ag-04778,2026-02-16T12:40:00,N-163,seminar,north,lecture,54.3,54,36,614.0,0.69,-2.3,24.0,50.0,698.3,48,36,54.5,False,3,886.6,0
ag-04779,2026-03-07T09:10:00,W-196,coworking,west,lab,32.1,24,18,184.7,0.356,10.0,23.1,54.7,487.0,27,60,65.4,False,5,620.1,0
ag-04780,2026-04-09T09:35:00,W-511,lecture,west,lab,56.1,56,38,286.4,0.438,6.8,22.7,74.6,642.4,34,59,58.1,False,2,884.9,0
ag-04781,2026-04-21T10:30:00,W-434,lab,west,practice,36.8,35,22,281.1,0.679,17.0,25.7,48.7,639.3,67,25,58.9,False,5,877.5,0
ag-04782,2026-02-15T09:35:00,W-303,lab,west,lab,28.1,23,16,125.7,0.358,3.7,24.7,55.9,566.7,25,67,56.1,False,5,543.8,0
ag-04783,2026-04-01T13:20:00,S-341,seminar,south,lecture,34.3,32,14,266.2,0.795,6.2,22.7,52.9,460.9,19,70,52.8,False,5,518.4,0
ag-04784,2026-03-19T17:10:00,N-242,lecture,north,practice,112.8,82,63,877.9,0.623,1.0,25.4,44.1,733.2,3,77,63.5,False,7,904.1,0
ag-04785,2026-03-05T11:10:00,C-583,seminar,central,practice,39.9,31,24,252.2,0.532,3.8,24.4,45.3,690.3,75,6,48.0,False,1,732.0,0
ag-04786,2026-05-02T18:55:00,S-309,lecture,south,lecture,122.5,110,80,666.0,0.474,11.0,23.8,62.1,867.5,42,41,60.8,True,2,1232.3,1
ag-04787,2026-04-03T13:50:00,W-354,seminar,west,lab,61.1,49,27,504.2,0.778,8.8,23.4,58.7,672.0,71,12,56.5,False,1,767.8,0
ag-04788,2026-05-01T08:15:00,C-209,seminar,central,lab,29.0,21,20,93.3,0.161,15.1,25.1,61.6,563.4,41,46,63.9,True,5,617.9,0
ag-04789,2026-02-25T08:35:00,C-189,lecture,central,exam,121.4,89,94,435.9,0.125,-2.5,24.7,63.5,1047.2,33,71,70.5,False,1,1357.0,1
ag-04790,2026-02-27T18:40:00,C-592,lecture,central,lecture,124.6,124,109,1152.1,0.335,0.9,26.3,56.8,1279.5,90,0,58.6,False,2,1467.7,1
ag-04791,2026-04-04T13:55:00,E-590,coworking,east,lecture,81.4,71,32,476.0,0.65,9.8,22.2,60.2,547.3,0,90,44.7,False,1,637.4,0
ag-04792,2026-03-03T13:05:00,S-185,coworking,south,lecture,37.3,38,31,308.2,0.503,3.5,22.9,52.3,571.0,45,45,57.7,False,4,763.4,0
ag-04793,2026-02-20T10:20:00,W-269,lab,west,practice,24.3,22,18,183.6,0.538,-5.7,23.7,54.9,579.4,38,61,67.3,False,5,670.1,0
ag-04794,2026-04-18T18:50:00,C-552,coworking,central,exam,80.5,67,61,548.2,0.386,23.1,24.5,76.6,911.6,44,44,64.6,False,2,1374.8,1
ag-04795,2026-02-28T16:55:00,W-346,lecture,west,practice,141.4,119,85,993.9,0.246,-2.3,25.5,57.4,1062.1,51,13,72.2,False,4,1546.3,1
ag-04796,2026-02-14T15:30:00,C-428,seminar,central,practice,29.9,25,17,123.5,0.301,0.4,21.6,56.1,524.2,0,86,58.7,False,5,698.0,0
ag-04797,2026-02-10T13:15:00,S-200,seminar,south,lab,24.6,24,18,116.1,0.308,3.6,25.4,58.1,516.3,25,64,64.2,False,2,590.5,0
ag-04798,2026-04-08T17:30:00,C-574,lecture,central,lecture,116.4,113,89,724.0,0.431,12.3,22.9,63.1,968.4,73,18,68.3,False,4,1509.7,1
ag-04799,2026-03-06T13:00:00,E-147,coworking,east,practice,48.7,35,13,451.2,0.765,9.2,23.0,55.9,456.7,31,56,54.7,False,4,488.8,0
ag-04800,2026-04-22T18:50:00,S-525,lecture,south,lecture,97.9,94,65,506.0,0.42,15.3,26.0,57.8,739.1,61,27,66.6,False,7,974.8,0
ag-04801,2026-04-14T18:35:00,C-479,seminar,central,lab,70.2,55,40,338.7,0.463,11.2,24.6,67.6,762.7,90,9,67.1,False,4,908.2,0
ag-04802,2026-03-23T18:10:00,W-378,seminar,west,lecture,54.0,53,40,488.0,0.364,13.6,23.6,71.0,720.7,55,42,65.8,False,5,956.2,0
ag-04803,2026-04-21T16:00:00,W-459,lab,west,lecture,47.6,43,47,583.0,0.812,4.2,24.0,77.3,683.5,66,30,57.6,False,6,678.5,0
ag-04804,2026-02-28T12:55:00,C-354,lab,central,none,30.8,22,5,284.5,0.896,-0.6,24.7,46.4,505.6,90,0,42.0,False,2,534.2,0
ag-04805,2026-03-28T11:45:00,S-168,lab,south,exam,34.9,25,24,269.3,0.994,10.4,23.2,59.4,560.6,34,63,67.1,False,6,706.7,0
ag-04806,2026-03-26T16:00:00,C-430,seminar,central,lecture,81.5,58,46,528.4,0.517,13.0,24.3,63.0,697.8,6,76,60.0,False,7,834.6,0
ag-04807,2026-02-16T11:35:00,S-500,lab,south,none,30.3,24,6,213.2,0.793,10.0,23.2,35.4,380.0,51,38,47.7,True,6,461.1,0
ag-04808,2026-05-12T11:20:00,C-288,lecture,central,lecture,106.1,115,96,1213.7,0.668,23.2,24.2,46.7,1201.5,37,42,57.5,True,1,1615.7,1
ag-04809,2026-05-01T09:55:00,E-303,seminar,east,practice,33.8,27,25,191.8,0.243,22.5,26.7,59.7,621.6,72,16,71.3,True,5,771.2,0
ag-04810,2026-02-26T10:45:00,E-423,lecture,east,none,82.3,65,1,314.3,0.163,-1.6,23.2,50.1,524.4,58,28,40.3,False,1,564.2,0
ag-04811,2026-02-26T17:35:00,W-509,lecture,west,exam,69.2,59,53,426.5,0.193,4.7,23.4,62.7,946.7,37,57,76.8,False,4,1234.6,1
ag-04812,2026-02-25T10:15:00,E-329,seminar,east,lecture,44.4,31,28,200.1,0.643,-0.7,23.8,54.4,513.5,49,54,60.0,False,1,581.1,0
ag-04813,2026-04-30T10:35:00,C-585,coworking,central,lecture,51.1,43,36,254.5,0.233,13.7,23.7,44.9,833.4,83,4,58.2,False,4,980.1,0
ag-04814,2026-04-02T15:20:00,N-299,lab,north,lab,35.0,36,23,300.9,0.929,7.8,21.2,45.7,579.4,88,9,58.8,False,7,691.8,0
ag-04815,2026-05-18T18:35:00,E-203,coworking,east,lab,66.5,57,48,521.9,0.52,7.8,25.6,64.2,879.0,61,25,64.9,True,3,1127.7,1
ag-04816,2026-03-12T08:10:00,N-566,coworking,north,none,85.7,63,26,488.6,0.268,3.1,21.7,54.9,694.2,39,44,44.9,False,6,818.9,0
ag-04817,2026-03-19T14:15:00,S-237,lecture,south,lab,79.8,62,34,536.5,0.364,3.8,24.2,70.1,728.5,41,50,49.8,False,4,877.3,0
ag-04818,2026-04-15T18:15:00,W-316,lecture,west,practice,52.7,58,36,363.5,0.686,15.3,22.0,50.6,649.4,42,49,55.5,False,5,850.5,0
ag-04819,2026-04-18T09:45:00,N-524,lecture,north,none,115.6,107,8,630.7,0.394,7.6,23.7,50.5,471.8,66,40,41.4,False,7,528.2,0
ag-04820,2026-03-24T10:55:00,C-466,coworking,central,none,54.9,54,14,289.9,0.43,10.3,25.8,48.1,534.4,62,22,48.6,False,3,563.2,0
ag-04821,2026-05-15T14:30:00,E-191,lab,east,lab,23.1,21,16,186.7,0.869,14.2,24.7,62.5,449.5,63,24,53.7,True,1,538.2,0
ag-04822,2026-04-03T17:15:00,E-324,lecture,east,lecture,74.7,64,50,807.6,0.716,6.1,27.2,65.8,723.6,29,90,58.6,False,5,1008.8,1
ag-04823,2026-05-19T17:45:00,S-302,lab,south,practice,46.2,34,25,308.4,0.497,10.3,25.0,69.3,682.9,37,37,69.3,True,5,822.5,0
ag-04824,2026-05-03T12:25:00,N-488,lab,north,practice,50.0,35,34,504.9,0.979,8.4,27.9,52.5,498.8,15,83,70.2,True,5,685.2,0
ag-04825,2026-03-24T18:15:00,C-147,lecture,central,practice,122.4,92,53,580.7,0.218,12.3,23.9,56.1,924.5,83,18,63.2,False,7,1143.2,1
ag-04826,2026-04-13T13:45:00,C-151,seminar,central,lab,56.7,44,28,465.3,0.588,-1.8,25.7,76.6,664.5,90,6,61.5,False,3,820.5,0
ag-04827,2026-02-10T10:00:00,N-190,lecture,north,lecture,173.3,125,83,489.0,0.187,3.5,22.8,64.7,964.0,56,24,56.4,False,4,1379.9,1
ag-04828,2026-04-20T16:00:00,C-497,lecture,central,lab,104.8,79,45,651.7,0.463,13.5,25.2,52.7,678.2,41,55,56.7,False,4,880.9,0
ag-04829,2026-05-16T09:20:00,C-406,lab,central,exam,30.3,28,27,379.3,0.941,26.7,23.2,65.1,692.4,90,1,62.3,True,2,802.4,0
ag-04830,2026-03-23T12:05:00,C-418,lecture,central,lecture,121.2,106,92,526.2,0.106,8.3,26.8,69.3,1066.5,42,48,58.7,True,2,1341.1,1
ag-04831,2026-05-18T09:45:00,S-318,lecture,south,lecture,105.2,82,76,540.1,0.575,21.1,25.0,55.4,910.4,68,18,61.2,True,1,1081.5,0
ag-04832,2026-05-03T12:10:00,S-285,lecture,south,practice,181.6,127,63,497.2,0.106,18.3,23.1,52.7,821.5,40,39,52.5,True,3,1059.7,0
ag-04833,2026-03-02T16:55:00,N-213,lab,north,lab,37.0,40,26,190.6,0.326,-2.0,24.9,58.4,649.6,55,32,56.3,True,4,853.2,0
ag-04834,2026-02-11T09:20:00,W-500,coworking,west,lecture,31.9,32,25,214.3,0.159,-3.6,24.1,67.1,622.0,13,66,60.8,False,5,675.6,0
ag-04835,2026-04-28T17:45:00,W-341,seminar,west,lecture,37.9,27,23,192.7,0.801,13.8,21.9,58.9,411.6,0,90,62.4,True,1,493.4,0
ag-04836,2026-02-20T08:10:00,N-588,seminar,north,lecture,71.0,49,32,277.0,0.118,2.9,24.4,76.0,750.5,35,56,61.1,False,3,923.6,0
ag-04837,2026-03-16T16:30:00,N-140,lab,north,exam,30.6,32,32,315.5,0.882,10.7,23.9,53.3,549.0,44,55,75.6,True,4,709.6,0
ag-04838,2026-02-17T08:40:00,S-516,seminar,south,practice,45.4,34,35,135.2,0.171,-5.6,27.6,62.3,711.9,21,68,67.4,False,5,856.9,0
ag-04839,2026-05-11T10:15:00,N-472,lecture,north,exam,79.8,77,85,689.0,0.63,14.0,26.2,64.9,707.8,5,76,80.1,True,7,1017.7,1
ag-04840,2026-02-18T17:20:00,C-358,lecture,central,practice,150.7,127,115,847.8,0.476,4.7,22.7,70.6,1199.0,0,75,64.1,True,5,1781.8,1
ag-04841,2026-03-15T15:30:00,N-550,lab,north,practice,38.9,28,16,264.6,0.361,-0.5,22.9,56.9,519.2,0,76,55.5,False,3,557.1,0
ag-04842,2026-03-29T09:05:00,S-160,seminar,south,lecture,38.6,27,26,187.4,0.581,10.0,25.5,69.7,797.3,72,31,72.0,False,6,867.9,0
ag-04843,2026-02-20T16:50:00,C-205,lab,central,lecture,26.5,26,20,209.8,0.883,-2.8,23.8,46.6,501.1,44,47,53.9,False,2,638.2,0
ag-04844,2026-02-25T15:20:00,C-312,lecture,central,lecture,64.1,68,43,719.3,0.591,8.0,24.7,48.7,679.5,0,76,64.3,False,2,739.0,0
ag-04845,2026-05-11T08:05:00,N-539,seminar,north,lecture,54.3,50,36,323.0,0.185,15.1,28.1,63.6,596.9,32,49,63.3,True,2,679.2,0
ag-04846,2026-03-14T16:15:00,C-398,lab,central,practice,43.1,30,28,402.9,0.772,12.5,24.1,47.6,558.3,0,76,55.1,False,7,681.0,0
ag-04847,2026-03-22T13:00:00,E-452,lecture,east,exam,109.2,100,85,586.4,0.618,0.2,23.3,58.1,1083.7,90,5,56.6,False,1,1498.6,1
ag-04848,2026-04-24T14:25:00,E-188,lab,east,none,40.1,42,1,454.7,0.728,17.8,22.8,40.4,380.0,31,79,37.0,False,7,379.9,0
ag-04849,2026-03-05T09:15:00,E-504,lab,east,none,36.1,31,3,257.8,0.536,11.0,23.4,37.8,474.8,49,60,45.7,False,1,510.7,0
ag-04850,2026-03-23T08:40:00,W-442,lecture,west,exam,119.3,102,79,1433.0,0.808,7.7,24.6,50.9,998.4,90,0,53.0,False,2,1303.5,1
ag-04851,2026-03-15T16:25:00,N-275,lecture,north,none,122.3,107,2,651.5,0.379,6.4,21.5,33.2,452.1,49,47,45.0,False,4,552.1,0
ag-04852,2026-02-21T18:25:00,N-494,seminar,north,practice,36.5,26,21,235.7,0.374,7.7,23.1,64.7,545.6,43,61,61.2,False,1,620.0,0
ag-04853,2026-05-11T08:55:00,N-513,lab,north,practice,32.8,28,15,263.5,0.513,10.4,25.4,56.0,469.4,49,44,59.1,True,3,500.7,0
ag-04854,2026-03-28T17:45:00,N-364,lecture,north,none,108.1,76,2,303.3,0.094,5.9,21.3,39.5,512.9,29,70,41.7,False,2,536.6,0
ag-04855,2026-03-24T14:15:00,E-123,lecture,east,none,95.6,80,32,392.5,0.139,1.1,24.5,58.8,834.6,50,30,56.5,True,7,983.1,0
ag-04856,2026-03-05T13:10:00,W-581,seminar,west,practice,62.2,46,18,213.9,0.117,7.6,21.5,68.0,645.8,40,50,56.2,False,3,734.3,0
ag-04857,2026-03-16T15:35:00,N-477,seminar,north,lecture,47.4,41,21,308.2,0.55,7.0,23.2,59.2,550.8,40,56,60.2,False,1,581.9,0
ag-04858,2026-04-18T17:50:00,N-459,lecture,north,lab,82.9,77,51,551.7,0.655,14.6,26.1,60.5,801.1,33,59,62.0,False,2,847.7,0
ag-04859,2026-03-19T15:40:00,C-543,coworking,central,lecture,76.3,70,45,388.4,0.558,8.8,22.1,49.3,699.9,67,29,62.9,False,1,820.6,0
ag-04860,2026-03-07T12:10:00,E-383,seminar,east,lecture,45.0,47,30,329.2,0.533,6.0,22.1,51.4,560.1,30,55,53.2,False,5,654.5,0
ag-04861,2026-02-22T15:15:00,N-311,lecture,north,exam,135.6,105,111,574.2,0.235,10.1,22.6,69.2,1060.8,24,54,61.8,False,6,1458.9,1
ag-04862,2026-03-12T18:00:00,C-494,seminar,central,none,34.1,36,9,275.6,0.597,-1.0,22.4,49.4,430.0,90,7,51.7,False,6,381.5,0
ag-04863,2026-03-08T12:45:00,W-508,coworking,west,lab,89.8,68,34,372.6,0.05,8.9,24.0,53.2,756.1,51,54,54.3,False,4,1041.0,0
ag-04864,2026-05-16T18:20:00,N-523,seminar,north,practice,25.6,26,26,160.8,0.479,18.0,26.0,69.3,482.0,0,83,64.5,True,4,483.9,0
ag-04865,2026-03-10T12:30:00,S-482,coworking,south,lecture,62.4,50,33,533.3,0.466,10.2,23.3,62.3,604.7,46,37,42.4,False,4,690.2,0
ag-04866,2026-04-02T15:50:00,N-264,seminar,north,lecture,19.0,21,9,172.9,0.362,12.0,23.4,65.7,567.5,76,19,47.1,True,4,582.8,0
ag-04867,2026-05-06T10:35:00,C-227,coworking,central,practice,30.6,27,24,276.4,0.666,3.9,22.0,75.5,614.5,64,32,53.2,True,3,750.8,0
ag-04868,2026-03-24T09:20:00,W-466,lecture,west,lecture,80.2,59,49,468.5,0.634,10.3,23.7,51.5,819.8,90,0,63.9,False,7,888.0,0
ag-04869,2026-02-21T16:50:00,E-457,lecture,east,practice,104.4,101,82,1027.0,0.588,2.0,22.1,65.5,979.5,90,0,61.8,False,2,1179.3,1
ag-04870,2026-04-23T11:40:00,N-322,lecture,north,practice,107.4,90,71,838.5,0.494,14.2,24.1,58.7,817.1,6,90,64.6,False,3,1165.5,1
ag-04871,2026-05-05T18:35:00,E-531,lecture,east,practice,94.6,66,55,660.2,0.655,17.7,25.4,52.1,843.7,50,45,64.5,True,4,957.8,0
ag-04872,2026-03-06T12:45:00,W-319,coworking,west,practice,93.3,69,27,341.2,0.199,1.4,23.8,53.4,711.1,69,15,65.3,False,7,869.3,0
ag-04873,2026-03-20T16:00:00,E-567,seminar,east,practice,64.6,47,28,441.1,0.812,7.4,25.1,47.6,576.3,18,82,43.0,False,1,664.0,0
ag-04874,2026-04-21T15:50:00,E-460,coworking,east,lecture,47.7,38,32,254.3,0.414,6.5,22.9,64.7,571.8,0,90,55.3,False,3,834.7,0
ag-04875,2026-04-13T13:25:00,C-489,lecture,central,lecture,128.6,113,67,797.4,0.784,11.7,24.2,53.9,999.9,78,17,60.1,False,2,1337.3,1
ag-04876,2026-05-12T10:15:00,S-502,lab,south,practice,57.9,43,34,370.5,0.84,17.0,22.4,55.9,665.9,46,34,60.7,True,1,927.0,0
ag-04877,2026-03-28T10:55:00,S-534,lab,south,lab,31.8,32,15,238.5,0.414,6.2,23.0,52.4,459.1,0,88,49.7,False,4,582.2,0
ag-04878,2026-02-14T11:15:00,S-443,lecture,south,lab,75.9,81,57,474.6,0.271,6.6,24.2,48.7,980.5,20,77,63.2,False,3,1227.9,1
ag-04879,2026-04-14T15:05:00,W-372,lab,west,lecture,46.2,33,25,263.3,0.753,-0.7,25.1,61.2,464.5,0,90,52.9,False,4,520.8,0
ag-04880,2026-03-06T14:30:00,S-414,seminar,south,practice,29.5,24,8,191.6,0.825,6.0,17.2,45.2,530.9,70,1,59.3,False,7,496.5,0
ag-04881,2026-05-16T10:20:00,E-271,seminar,east,lab,44.6,36,28,316.4,0.793,12.0,22.4,51.3,559.5,22,70,68.0,True,6,739.2,0
ag-04882,2026-03-26T09:25:00,C-403,seminar,central,lab,38.9,35,27,122.6,0.097,9.3,24.5,63.5,716.6,54,37,61.2,False,1,810.6,0
ag-04883,2026-05-08T12:35:00,W-498,coworking,west,practice,75.9,75,47,449.4,0.646,5.0,22.7,56.1,577.9,69,19,57.1,True,5,784.8,0
ag-04884,2026-04-19T18:40:00,C-245,lab,central,practice,53.7,39,19,624.2,1.0,11.1,22.1,59.4,420.1,27,73,59.9,False,1,499.6,0
ag-04885,2026-05-10T15:15:00,C-424,lecture,central,lecture,133.1,103,81,560.3,0.08,13.3,22.7,58.1,908.4,0,90,62.9,True,2,1224.2,1
ag-04886,2026-02-19T18:05:00,W-397,seminar,west,lab,28.5,31,17,146.6,0.272,6.2,25.7,49.8,553.4,60,46,47.9,False,4,660.9,0
ag-04887,2026-04-18T15:25:00,S-399,lecture,south,lecture,58.0,64,46,595.7,0.565,15.4,22.2,53.4,822.5,33,53,72.0,False,5,938.9,0
ag-04888,2026-02-14T12:00:00,E-221,seminar,east,practice,57.0,54,25,387.3,0.154,-5.5,25.5,56.3,622.4,48,43,58.5,False,3,788.5,0
ag-04889,2026-02-24T16:05:00,E-415,lab,east,practice,38.8,34,21,328.3,0.372,10.2,21.6,55.6,690.3,76,6,58.7,False,5,788.5,0
ag-04890,2026-05-19T15:15:00,N-271,lab,north,practice,43.9,44,34,359.2,0.266,7.3,23.0,52.8,727.6,25,78,62.1,True,7,921.4,0
ag-04891,2026-05-05T16:50:00,N-586,lab,north,exam,43.3,38,45,419.0,0.679,12.7,24.4,62.4,663.1,72,27,70.6,True,5,868.5,0
ag-04892,2026-05-08T08:10:00,W-356,seminar,west,practice,19.6,21,12,127.2,0.556,19.2,25.2,47.2,526.2,45,53,55.5,True,1,618.8,0
ag-04893,2026-05-03T08:00:00,S-121,lab,south,practice,49.1,38,29,396.6,0.524,8.5,24.4,56.1,573.3,19,78,68.7,True,4,743.8,0
ag-04894,2026-02-27T09:45:00,S-110,lecture,south,lecture,115.4,120,73,736.6,0.335,-3.5,24.2,68.6,990.7,83,16,56.2,False,1,1436.9,1
ag-04895,2026-03-29T13:00:00,C-530,lecture,central,practice,117.7,129,43,820.7,0.496,14.7,23.8,36.0,619.6,19,66,57.3,False,1,880.0,0
ag-04896,2026-04-16T11:25:00,C-185,lecture,central,practice,92.8,98,75,606.8,0.453,9.8,22.9,53.7,1090.8,63,34,56.4,False,1,1394.2,1
ag-04897,2026-03-25T14:35:00,S-597,seminar,south,practice,44.0,36,28,272.0,0.733,15.4,22.6,42.7,565.9,18,60,68.4,False,3,591.0,0
ag-04898,2026-04-30T18:55:00,N-468,lab,north,lab,46.1,38,25,288.5,0.894,24.4,22.0,66.9,492.9,32,54,55.0,False,5,482.0,0
ag-04899,2026-03-21T08:50:00,E-206,lecture,east,practice,106.8,111,94,586.0,0.328,2.9,23.9,71.9,991.9,90,0,63.4,True,1,1446.9,1
ag-04900,2026-05-19T17:05:00,N-317,lecture,north,lecture,169.5,124,73,1143.5,0.62,25.2,22.8,59.2,896.8,36,50,63.2,True,7,1218.5,1
ag-04901,2026-02-16T15:05:00,C-546,lab,central,lab,29.3,22,23,155.1,0.377,3.8,23.2,75.1,550.1,26,73,72.5,False,2,672.9,0
ag-04902,2026-05-14T15:35:00,C-172,seminar,central,practice,63.9,48,51,615.3,0.73,14.6,25.0,68.4,856.9,55,28,69.6,True,7,1135.0,1
ag-04903,2026-02-28T08:05:00,W-288,lecture,west,practice,160.7,111,66,752.4,0.792,6.1,24.0,48.9,821.1,34,58,58.9,False,7,941.5,0
ag-04904,2026-03-09T17:00:00,E-365,lecture,east,none,133.7,103,18,622.2,0.218,-3.6,23.3,48.3,560.7,45,39,48.4,False,6,625.2,0
ag-04905,2026-05-09T13:55:00,C-456,seminar,central,lecture,56.8,43,48,346.4,0.548,15.1,25.5,72.0,759.8,0,90,62.6,True,6,950.1,0
ag-04906,2026-02-16T18:20:00,C-445,lecture,central,practice,123.2,96,33,875.9,0.443,-3.9,21.1,55.2,741.1,66,4,56.6,False,6,837.0,0
ag-04907,2026-03-04T14:35:00,C-505,lab,central,lab,26.1,26,21,208.7,1.0,-3.1,25.8,58.1,552.7,61,24,57.4,False,5,629.3,0
ag-04908,2026-02-27T18:50:00,N-318,seminar,north,practice,55.5,59,41,595.8,0.595,-1.8,22.8,50.8,640.1,84,0,62.0,False,6,695.7,0
ag-04909,2026-03-19T09:45:00,W-486,lab,west,lecture,26.5,29,18,219.7,0.513,5.3,23.2,59.7,563.7,54,26,64.0,False,4,760.6,0
ag-04910,2026-05-13T18:25:00,S-154,lecture,south,practice,73.6,64,52,426.1,0.63,22.7,23.2,57.8,793.9,26,76,60.1,True,2,1137.4,1
ag-04911,2026-02-24T15:25:00,S-202,seminar,south,exam,77.5,60,71,513.5,0.682,-4.9,23.0,66.2,1011.9,84,0,69.3,False,2,1225.5,1
ag-04912,2026-04-03T10:20:00,C-255,coworking,central,exam,35.6,33,34,401.6,0.628,7.8,26.6,68.7,528.4,29,70,67.9,False,5,597.9,0
ag-04913,2026-04-18T14:05:00,W-357,lab,west,exam,23.7,20,20,201.0,0.55,10.8,25.2,61.9,648.2,80,3,67.1,False,2,691.4,0
ag-04914,2026-04-04T12:40:00,S-230,lab,south,practice,36.9,35,37,424.0,0.761,19.2,24.8,60.0,629.6,0,90,70.0,False,6,772.9,0
ag-04915,2026-02-11T16:15:00,S-376,lab,south,lab,28.2,28,18,294.8,0.729,3.8,23.8,46.4,472.2,35,66,59.6,False,3,474.4,0
ag-04916,2026-03-14T15:10:00,N-417,lecture,north,practice,126.0,107,75,1356.9,0.765,-5.5,23.2,63.0,1038.4,62,4,72.0,False,6,1291.3,1
ag-04917,2026-04-03T12:10:00,N-383,lecture,north,practice,114.6,95,64,1147.6,0.664,15.0,27.3,63.8,782.4,0,90,64.0,False,3,935.5,0
ag-04918,2026-04-10T18:30:00,E-272,lecture,east,lab,115.1,126,106,1161.7,0.791,9.5,22.9,48.7,807.6,8,82,65.6,False,4,1272.5,1
ag-04919,2026-02-13T11:15:00,S-459,seminar,south,none,69.1,50,25,527.3,0.729,-0.5,22.9,46.5,491.4,24,74,58.8,False,3,667.9,0
ag-04920,2026-03-21T11:25:00,W-588,lecture,west,lecture,147.3,126,125,1587.1,0.663,8.7,22.5,55.2,1461.8,80,6,62.4,False,4,1747.2,1
ag-04921,2026-03-10T14:25:00,S-141,lecture,south,lab,80.7,58,25,525.7,0.845,11.3,23.2,42.9,605.9,26,68,56.3,False,5,583.5,0
ag-04922,2026-04-27T16:25:00,N-194,lecture,north,lecture,76.8,77,60,585.9,0.317,19.5,24.9,68.3,675.9,36,50,58.3,False,5,943.7,0
ag-04923,2026-03-05T13:10:00,S-198,seminar,south,practice,64.7,56,37,419.6,0.475,5.7,23.3,55.2,699.6,39,48,56.7,False,3,820.8,0
ag-04924,2026-03-08T13:10:00,E-199,lecture,east,lecture,185.1,129,42,1642.0,0.691,3.7,22.6,44.9,803.1,79,14,57.0,False,2,1039.1,0
ag-04925,2026-04-30T09:25:00,E-257,seminar,east,lecture,59.2,63,53,408.2,0.249,16.1,21.2,54.4,766.7,19,86,69.4,False,4,946.9,0
ag-04926,2026-04-02T11:50:00,W-534,seminar,west,practice,30.8,26,23,165.5,0.474,16.1,24.7,66.5,642.4,45,48,65.2,False,4,740.6,0
ag-04927,2026-05-05T11:15:00,N-590,coworking,north,practice,34.8,37,27,262.5,0.455,14.1,21.6,61.8,645.6,15,63,56.3,True,6,936.1,0
ag-04928,2026-05-09T08:25:00,E-487,lecture,east,lecture,105.7,82,85,723.3,0.558,14.0,22.1,80.7,995.7,35,67,64.6,True,4,1403.9,1
ag-04929,2026-03-02T08:10:00,S-501,lecture,south,exam,82.8,66,78,472.5,0.701,-2.6,21.8,74.1,882.8,44,60,69.0,False,6,1410.7,1
ag-04930,2026-03-06T09:45:00,S-294,seminar,south,none,29.8,29,2,372.1,0.71,6.4,23.5,34.2,412.9,24,63,55.1,False,6,369.3,0
ag-04931,2026-05-06T18:50:00,E-309,lab,east,none,29.8,27,11,167.3,0.494,19.1,24.3,50.2,432.8,34,65,48.6,True,1,539.8,0
ag-04932,2026-05-15T18:30:00,N-566,lecture,north,lecture,69.9,62,49,319.0,0.172,15.7,22.3,61.7,960.5,67,22,54.8,True,1,1246.1,1
ag-04933,2026-05-08T16:45:00,S-227,lecture,south,lecture,101.9,102,93,836.9,0.297,17.9,24.6,61.4,1146.1,47,55,65.6,True,2,1603.0,1
ag-04934,2026-03-03T18:40:00,W-106,lab,west,lab,55.5,40,17,336.4,0.351,4.6,22.3,56.7,509.4,25,50,47.8,False,2,524.0,0
ag-04935,2026-03-27T09:05:00,C-172,lecture,central,lab,99.0,108,77,1170.0,0.611,13.4,22.5,57.5,911.7,64,21,52.0,False,6,1349.7,1
ag-04936,2026-05-12T15:15:00,W-144,lecture,west,none,78.4,68,11,661.9,0.671,20.2,23.9,34.3,555.6,35,51,43.3,True,6,552.7,0
ag-04937,2026-03-26T09:30:00,E-527,seminar,east,none,84.5,62,11,379.6,0.558,7.3,21.8,59.9,557.0,17,73,54.1,True,6,613.1,0
ag-04938,2026-03-28T09:15:00,S-559,coworking,south,practice,33.6,31,24,336.5,0.527,13.8,22.6,57.4,597.2,44,35,54.5,False,6,691.9,0
ag-04939,2026-03-05T14:05:00,S-515,lab,south,none,25.0,19,6,158.9,0.385,6.9,22.2,50.3,497.1,17,68,44.2,False,5,440.3,0
ag-04940,2026-03-05T12:45:00,N-521,lecture,north,none,151.9,110,30,873.9,0.743,10.1,22.1,47.8,631.8,44,40,41.0,False,2,772.8,0
ag-04941,2026-05-01T11:55:00,N-565,seminar,north,practice,54.1,48,49,396.4,0.379,20.4,24.1,72.3,776.5,19,64,70.5,True,2,938.8,0
ag-04942,2026-04-08T08:20:00,C-191,seminar,central,lecture,57.4,60,46,363.6,0.554,10.2,22.9,50.7,711.3,25,53,65.5,False,4,921.2,0
ag-04943,2026-03-03T18:25:00,W-576,seminar,west,none,20.9,20,9,182.2,0.469,12.1,25.4,45.5,396.0,0,87,52.3,False,3,324.9,0
ag-04944,2026-04-27T11:50:00,W-109,seminar,west,none,66.4,51,26,447.6,0.622,1.3,24.7,57.7,488.8,22,76,56.5,False,7,547.9,0
ag-04945,2026-02-22T10:05:00,W-225,lab,west,none,20.3,21,4,284.6,0.772,6.4,26.3,46.8,380.0,82,18,49.9,False,1,424.4,0
ag-04946,2026-03-21T13:05:00,W-242,lecture,west,lab,168.5,129,64,1271.0,0.471,-0.5,21.9,57.9,874.5,58,33,52.8,False,5,1213.8,1
ag-04947,2026-04-27T12:50:00,C-568,lecture,central,practice,94.8,68,39,287.0,0.215,12.9,24.9,46.3,702.3,26,63,54.6,False,5,884.0,0
ag-04948,2026-02-10T18:00:00,N-119,seminar,north,lecture,84.5,59,48,533.6,0.766,6.2,23.4,51.6,648.5,43,54,67.5,False,3,864.8,0
ag-04949,2026-03-10T08:30:00,N-398,lecture,north,exam,177.6,123,138,1023.7,0.597,8.5,25.5,64.7,1468.4,64,27,61.9,False,3,1984.7,1
ag-04950,2026-05-11T12:10:00,E-373,lecture,east,practice,121.6,115,108,916.8,0.309,24.0,25.1,62.1,1396.3,90,6,62.0,True,2,1900.1,1
ag-04951,2026-04-21T08:10:00,S-516,lecture,south,lecture,87.3,75,54,646.6,0.535,23.5,24.3,75.2,750.9,44,50,63.2,False,1,1104.3,1
ag-04952,2026-04-29T16:40:00,N-159,lecture,north,lab,98.7,100,104,653.9,0.251,15.8,25.9,73.9,1133.4,55,45,58.5,False,6,1731.7,1
ag-04953,2026-02-10T10:40:00,S-284,seminar,south,lecture,36.1,32,17,271.1,0.329,3.6,21.8,54.1,514.9,53,19,50.1,False,2,557.8,0
ag-04954,2026-03-30T08:45:00,N-488,coworking,north,practice,26.3,28,13,228.0,0.367,7.2,26.3,51.4,380.0,26,76,55.0,False,3,397.0,0
ag-04955,2026-03-27T17:35:00,N-164,lab,north,lab,20.8,19,14,131.4,0.574,8.1,27.8,50.9,559.9,67,27,59.9,False,5,683.6,0
ag-04956,2026-03-22T12:15:00,N-330,lecture,north,none,146.0,120,28,1098.2,0.423,4.5,21.0,53.3,568.3,38,46,48.7,False,2,717.4,0
ag-04957,2026-03-12T17:00:00,S-154,lecture,south,lecture,120.6,118,133,870.7,0.281,4.9,24.1,61.7,1242.6,43,39,75.0,False,1,2080.4,1
ag-04958,2026-04-17T14:20:00,E-295,lecture,east,lecture,94.6,70,47,496.6,0.136,14.9,22.9,63.6,905.7,18,87,55.1,False,6,1056.3,0
ag-04959,2026-03-06T08:35:00,E-390,coworking,east,practice,94.8,70,49,773.3,0.591,-4.6,21.2,50.8,806.9,26,58,57.9,False,6,1147.8,1
ag-04960,2026-03-25T08:30:00,S-119,lecture,south,lab,98.6,99,80,535.7,0.381,12.1,26.2,53.2,980.9,41,27,57.2,False,6,1266.5,1
ag-04961,2026-02-20T16:15:00,E-301,lab,east,practice,45.4,39,27,359.7,0.503,0.3,24.5,51.0,639.5,90,5,57.4,False,5,651.3,0
ag-04962,2026-05-04T14:40:00,C-506,lecture,central,none,89.0,85,20,879.3,0.617,16.5,21.4,51.2,586.6,79,19,50.3,True,1,659.5,0
ag-04963,2026-05-16T16:20:00,N-339,seminar,north,lecture,56.2,44,49,210.9,0.141,22.5,25.1,66.6,782.4,14,76,64.3,True,3,1045.3,0
ag-04964,2026-05-17T14:50:00,S-480,lab,south,practice,38.7,41,36,587.0,0.833,15.5,22.4,59.6,535.3,20,64,61.9,True,3,558.9,0
ag-04965,2026-05-10T17:50:00,W-353,lecture,west,practice,81.5,59,36,465.8,0.567,18.9,23.6,64.8,813.0,89,0,52.9,True,6,964.8,0
ag-04966,2026-03-24T18:35:00,N-472,seminar,north,none,76.0,62,6,438.1,0.561,14.8,24.2,45.9,380.0,31,55,43.3,False,5,381.9,0
ag-04967,2026-03-11T08:50:00,S-587,lecture,south,lecture,71.2,78,67,671.2,0.619,12.9,23.1,62.9,872.7,49,42,68.4,False,4,1208.3,1
ag-04968,2026-04-03T18:25:00,C-204,seminar,central,lecture,48.0,43,40,325.9,0.614,10.8,24.9,78.1,864.4,48,51,62.7,False,3,1142.8,1
ag-04969,2026-03-17T13:10:00,W-184,lecture,west,practice,66.5,57,35,429.6,0.308,8.1,22.5,44.6,888.2,90,0,50.5,False,4,1072.8,0
ag-04970,2026-02-28T16:05:00,W-101,coworking,west,practice,61.4,68,54,380.5,0.335,4.7,25.9,50.5,756.4,47,29,56.5,False,7,1013.4,0
ag-04971,2026-02-26T12:00:00,E-276,coworking,east,lab,60.3,56,30,489.6,0.684,4.1,24.9,76.6,464.8,38,50,55.3,False,7,603.1,0
ag-04972,2026-03-27T17:50:00,S-448,seminar,south,practice,54.9,50,24,379.6,0.21,-0.6,23.7,43.6,629.3,53,37,51.4,False,4,816.4,0
ag-04973,2026-03-08T18:35:00,N-472,seminar,north,practice,25.1,23,12,156.2,0.808,7.4,22.9,40.6,496.0,19,75,60.8,False,6,576.7,0
ag-04974,2026-05-07T11:25:00,W-196,seminar,west,lecture,44.3,32,30,252.8,0.843,22.9,23.9,44.2,666.4,63,33,70.0,True,7,740.6,0
ag-04975,2026-02-25T12:35:00,S-483,lecture,south,none,69.3,61,17,326.6,0.368,1.3,24.2,47.2,567.8,7,79,54.4,True,1,559.9,0
ag-04976,2026-03-04T11:45:00,E-375,lecture,east,none,108.2,104,19,660.1,0.594,6.9,23.7,47.4,621.2,41,40,39.2,False,5,782.4,0
ag-04977,2026-02-14T17:10:00,E-330,lecture,east,exam,115.2,123,98,573.4,0.183,4.1,25.1,69.0,1137.1,76,12,55.8,False,7,1612.7,1
ag-04978,2026-04-28T14:35:00,W-294,coworking,west,lab,74.3,71,60,475.8,0.45,28.4,25.0,59.0,817.2,33,51,52.6,False,3,1147.6,1
ag-04979,2026-03-11T15:20:00,E-376,seminar,east,practice,51.3,51,30,313.1,0.2,8.1,22.2,57.9,776.6,23,49,56.5,False,2,764.9,0
ag-04980,2026-04-09T18:35:00,S-556,seminar,south,lab,75.6,58,24,496.3,0.645,15.1,21.0,44.6,516.1,39,51,55.3,False,6,666.7,0
ag-04981,2026-05-02T10:15:00,W-226,seminar,west,lecture,55.9,55,56,298.3,0.184,18.5,24.7,58.7,697.4,13,66,62.1,True,3,957.5,0
ag-04982,2026-03-12T13:30:00,S-346,lab,south,practice,42.4,44,21,310.7,0.629,11.2,24.6,51.5,429.5,0,80,56.7,False,5,514.2,0
ag-04983,2026-02-22T11:50:00,W-409,seminar,west,practice,36.9,26,22,376.3,0.843,-6.5,22.0,77.1,745.1,75,21,60.1,False,6,744.2,0
ag-04984,2026-02-24T14:20:00,C-516,lab,central,none,31.9,27,12,184.4,0.477,1.0,23.2,60.4,537.0,77,16,57.7,True,2,771.1,0
ag-04985,2026-03-28T18:55:00,S-411,lab,south,practice,30.6,22,18,240.8,0.514,15.5,23.6,47.0,539.2,46,38,62.0,False,4,572.6,0
ag-04986,2026-03-07T14:45:00,C-552,coworking,central,practice,77.6,56,38,557.2,0.569,13.9,26.4,52.2,586.8,38,37,57.8,False,6,578.7,0
ag-04987,2026-05-05T12:55:00,W-272,lecture,west,practice,97.8,81,54,825.2,0.795,9.9,24.0,54.0,874.0,54,41,60.2,True,5,997.8,0
ag-04988,2026-04-08T08:40:00,E-547,seminar,east,practice,26.0,26,22,129.8,0.299,7.1,23.6,60.4,443.4,0,90,60.6,False,7,406.3,0
ag-04989,2026-02-17T14:05:00,N-104,lecture,north,practice,124.7,118,95,708.7,0.515,2.5,24.3,53.5,985.4,53,33,64.4,False,7,1451.5,1
ag-04990,2026-02-10T16:05:00,E-363,seminar,east,lecture,76.2,56,48,776.1,0.852,0.3,24.4,53.6,616.1,55,39,64.2,False,3,899.2,0
ag-04991,2026-03-13T12:25:00,C-172,seminar,central,lecture,42.3,47,31,362.0,0.201,9.6,23.6,48.1,711.2,57,27,60.9,False,3,874.1,0
ag-04992,2026-03-05T12:45:00,E-504,lecture,east,lecture,71.2,61,33,354.6,0.367,2.7,22.8,50.0,724.9,47,46,53.6,False,2,728.9,0
ag-04993,2026-04-26T11:30:00,N-413,lab,north,lecture,44.6,37,31,489.2,0.917,23.1,22.3,45.5,596.2,53,27,56.0,False,3,702.5,0
ag-04994,2026-02-26T10:20:00,N-493,lecture,north,lecture,134.2,109,98,612.8,0.495,-1.3,25.7,69.1,1104.5,77,19,63.6,False,5,1686.3,1
ag-04995,2026-05-18T12:15:00,C-426,seminar,central,lecture,61.9,56,55,307.2,0.08,16.0,28.4,68.1,894.8,43,37,66.1,True,1,1245.4,1
ag-04996,2026-02-15T17:25:00,S-519,lab,south,practice,39.1,29,20,433.6,0.974,-2.9,21.0,51.6,597.6,53,34,53.0,True,2,574.6,0
ag-04997,2026-03-12T16:45:00,N-594,lab,north,practice,45.5,33,16,300.8,0.775,-0.3,22.7,49.5,458.6,9,84,44.6,False,4,575.3,0
ag-04998,2026-03-06T11:25:00,E-552,lab,east,lab,36.4,36,26,297.0,0.539,-3.9,26.3,80.3,620.2,65,24,55.7,False,3,785.3,0
ag-04999,2026-04-05T12:40:00,N-491,seminar,north,practice,78.7,59,44,561.5,0.393,7.9,24.1,84.1,753.2,13,74,63.2,True,5,984.4,0
ag-05000,2026-04-12T08:30:00,C-571,lab,central,exam,37.7,28,25,448.7,1.0,16.5,21.3,54.9,605.9,90,0,67.0,False,5,705.3,0
ag-05001,2026-04-09T09:40:00,N-426,lecture,north,lab,107.2,82,55,703.1,0.462,20.9,23.4,56.4,786.7,6,84,56.4,False,1,994.6,0
ag-05002,2026-05-08T18:45:00,C-575,lab,central,lecture,37.2,34,31,187.2,0.545,9.3,23.1,67.6,545.5,24,69,65.6,True,4,665.1,0
ag-05003,2026-03-22T08:05:00,W-312,lecture,west,practice,67.4,68,57,620.0,0.501,16.0,26.2,41.7,832.3,53,27,73.9,False,3,931.7,0
ag-05004,2026-04-01T13:20:00,N-514,lecture,north,none,94.3,87,18,827.8,0.42,0.5,23.0,46.1,544.9,90,0,44.3,False,3,547.5,0
ag-05005,2026-03-31T12:35:00,N-454,lab,north,lecture,48.6,34,22,251.1,0.661,-1.1,22.7,53.3,642.3,83,9,53.9,False,1,693.4,0
ag-05006,2026-04-29T16:20:00,E-316,lecture,east,lecture,78.3,77,48,805.0,0.821,23.8,22.1,41.6,702.7,9,87,54.0,False,7,859.9,0
ag-05007,2026-05-02T11:55:00,C-538,seminar,central,lecture,53.0,58,60,648.5,0.62,21.0,25.2,60.7,805.0,40,42,67.8,True,6,1082.3,0
ag-05008,2026-02-11T17:00:00,W-412,lecture,west,practice,180.3,126,81,879.3,0.397,-0.5,23.0,58.9,1179.1,46,42,63.0,False,4,1625.0,1
ag-05009,2026-04-21T09:00:00,E-350,lecture,east,none,167.4,127,3,1443.2,0.633,14.7,22.4,50.6,383.5,52,45,48.9,False,1,372.0,0
ag-05010,2026-02-24T17:15:00,C-313,lecture,central,practice,115.4,93,52,654.3,0.481,1.6,24.1,49.1,714.0,13,85,61.6,False,7,905.3,0
ag-05011,2026-03-10T09:20:00,C-401,lecture,central,lecture,97.3,80,65,679.0,0.288,8.0,25.0,58.2,803.0,11,73,61.7,True,4,1031.5,0
ag-05012,2026-03-18T17:55:00,W-330,seminar,west,lecture,67.1,63,27,459.8,0.596,6.4,25.2,52.8,711.0,58,33,53.7,False,6,877.8,0
ag-05013,2026-03-17T13:35:00,W-365,lab,west,practice,38.9,28,18,125.0,0.291,7.4,24.8,79.8,541.0,25,61,60.8,False,3,517.4,0
ag-05014,2026-05-04T13:20:00,W-506,lab,west,lecture,24.9,26,25,175.3,0.433,16.3,23.2,62.0,736.0,51,45,63.2,True,3,826.9,0
ag-05015,2026-02-23T14:50:00,W-346,seminar,west,lecture,45.4,46,37,301.8,0.608,-0.8,25.8,63.1,734.9,20,56,52.1,False,7,916.1,0
ag-05016,2026-03-01T09:55:00,N-486,seminar,north,lab,75.8,57,31,249.7,0.206,6.2,25.6,48.5,609.6,32,58,51.3,False,5,825.9,0
ag-05017,2026-04-29T18:25:00,N-480,lab,north,practice,19.9,20,12,254.2,0.714,11.6,24.4,46.6,486.0,81,1,60.1,False,7,531.7,0
ag-05018,2026-04-30T11:25:00,N-165,lab,north,none,29.4,27,2,213.2,0.319,19.6,19.9,41.3,541.4,73,23,49.5,False,7,581.6,0
ag-05019,2026-03-24T15:40:00,C-142,seminar,central,practice,52.7,53,36,337.6,0.254,13.6,23.3,46.7,673.4,11,79,53.1,False,5,777.4,0
ag-05020,2026-02-24T18:25:00,S-539,lecture,south,lab,147.7,111,80,772.6,0.349,9.6,23.3,53.1,1105.7,23,61,56.4,True,4,1454.0,1
ag-05021,2026-05-01T09:05:00,C-388,seminar,central,none,76.3,57,29,544.7,0.651,14.9,23.4,59.7,694.2,46,38,56.5,True,3,693.4,0
ag-05022,2026-04-28T18:35:00,N-203,lecture,north,lab,132.0,95,69,923.8,0.605,15.4,23.5,50.6,908.1,35,53,58.1,False,5,1209.1,1
ag-05023,2026-04-21T18:40:00,S-486,lecture,south,none,120.8,102,31,327.2,0.079,7.3,25.1,53.9,694.7,18,75,55.8,False,5,750.2,0
ag-05024,2026-03-02T15:10:00,E-310,lecture,east,lecture,160.0,129,108,843.0,0.583,9.8,22.9,47.3,1155.9,37,51,60.2,False,7,1549.2,1
ag-05025,2026-05-06T11:10:00,W-596,coworking,west,lab,64.5,45,33,348.5,0.288,15.5,23.7,46.8,641.4,50,34,60.0,True,2,807.0,0
ag-05026,2026-04-18T13:15:00,W-342,lecture,west,none,123.8,122,7,1219.1,0.603,11.0,24.3,41.7,417.3,11,88,46.1,False,5,337.8,0
ag-05027,2026-03-11T15:10:00,W-442,lecture,west,practice,130.0,105,77,994.4,0.571,3.8,26.0,50.6,875.8,13,67,52.7,False,2,1182.3,1
ag-05028,2026-04-11T10:25:00,E-540,seminar,east,exam,79.2,61,55,522.8,0.532,11.6,23.6,51.4,775.7,32,46,57.8,False,5,948.5,0
ag-05029,2026-02-26T09:00:00,W-396,coworking,west,lecture,23.6,21,14,119.6,0.233,6.4,23.5,46.9,530.0,12,80,62.0,False,7,605.9,0
ag-05030,2026-03-13T12:55:00,N-251,seminar,north,practice,50.4,42,17,430.5,0.483,1.0,22.4,51.9,541.0,38,53,61.7,False,4,677.5,0
ag-05031,2026-04-23T16:00:00,S-598,seminar,south,lecture,36.5,35,29,281.7,0.606,7.1,24.3,48.1,510.3,28,63,63.1,False,4,628.3,0
ag-05032,2026-04-29T12:25:00,C-505,seminar,central,practice,60.2,46,29,318.8,0.44,11.6,22.9,74.3,580.5,55,43,60.6,False,6,739.0,0
ag-05033,2026-04-10T15:20:00,E-442,lecture,east,lecture,84.6,74,49,513.4,0.306,10.2,22.4,51.8,800.1,41,51,56.8,True,6,969.5,0
ag-05034,2026-02-28T08:50:00,W-285,lab,west,exam,47.5,39,37,342.7,0.787,7.4,25.1,61.1,585.3,58,28,67.2,False,6,718.1,0
ag-05035,2026-03-25T08:30:00,N-357,coworking,north,practice,65.4,61,53,395.6,0.252,9.2,25.1,53.7,924.2,34,61,65.3,True,1,1150.8,1
ag-05036,2026-03-07T08:15:00,S-400,lecture,south,lecture,92.3,72,67,854.9,0.731,2.5,24.8,64.8,907.9,53,34,71.6,False,5,1142.3,1
ag-05037,2026-03-06T13:55:00,E-472,seminar,east,lecture,69.9,52,30,620.4,0.648,12.4,23.2,56.9,682.1,90,0,56.7,False,1,841.0,0
ag-05038,2026-05-07T15:25:00,E-511,seminar,east,practice,80.1,62,60,397.5,0.601,14.4,24.0,60.8,813.4,29,63,62.3,True,1,1044.8,0
ag-05039,2026-05-06T09:15:00,C-379,seminar,central,none,23.2,22,3,144.0,0.424,9.6,21.9,45.5,388.6,36,56,33.8,True,1,378.2,0
ag-05040,2026-04-12T17:15:00,E-575,seminar,east,exam,44.8,48,46,480.6,0.555,6.1,22.6,55.3,653.7,32,42,59.8,False,1,837.5,0
ag-05041,2026-04-26T10:55:00,N-506,lecture,north,none,173.7,122,35,1206.1,0.853,14.1,22.6,60.5,662.7,42,46,46.6,False,1,756.5,0
ag-05042,2026-04-19T10:40:00,N-149,seminar,north,lab,59.0,56,53,400.2,0.523,15.2,24.1,66.2,839.1,42,38,62.8,False,6,960.4,0
ag-05043,2026-03-20T15:45:00,W-138,seminar,west,exam,47.0,43,47,244.4,0.365,4.3,22.0,74.7,722.5,41,43,68.8,False,4,884.9,0
ag-05044,2026-04-14T11:35:00,C-245,lab,central,none,48.4,39,6,370.0,0.555,11.0,22.8,34.9,502.5,78,16,44.0,False,3,633.3,0
ag-05045,2026-03-31T14:00:00,N-183,seminar,north,lab,51.1,40,28,196.8,0.432,18.1,25.7,39.8,556.6,0,90,63.0,False,4,634.0,0
ag-05046,2026-02-22T15:10:00,C-415,seminar,central,none,71.8,52,6,385.9,0.63,4.4,23.6,49.9,451.2,65,31,36.4,False,1,472.5,0
ag-05047,2026-02-18T11:45:00,C-478,lab,central,none,30.1,29,5,290.7,0.62,-3.4,20.6,46.7,479.3,35,45,47.6,False,6,436.3,0
ag-05048,2026-02-27T13:15:00,N-103,lab,north,none,22.3,20,0,190.7,0.661,6.3,21.3,37.0,380.0,55,10,44.9,False,2,444.2,0
ag-05049,2026-03-08T17:10:00,E-508,seminar,east,lab,61.1,63,67,339.7,0.414,-1.2,25.2,65.9,821.0,0,84,59.7,True,3,1113.2,1
ag-05050,2026-02-12T16:50:00,C-479,lab,central,lecture,56.7,40,29,305.4,0.321,1.7,23.0,60.4,469.9,0,90,52.7,False,1,569.2,0
ag-05051,2026-02-15T10:45:00,C-179,lecture,central,lab,100.6,102,53,931.5,0.378,-0.7,25.3,61.8,743.3,31,68,67.8,False,2,987.9,0
ag-05052,2026-05-16T12:30:00,E-367,lecture,east,lecture,113.1,89,59,534.7,0.427,21.7,22.1,56.1,793.1,31,55,61.0,True,1,1105.5,1
ag-05053,2026-02-21T17:20:00,C-464,lecture,central,lecture,123.7,114,71,489.1,0.05,-5.0,26.0,53.9,898.3,21,86,57.1,False,5,1219.4,1
ag-05054,2026-02-28T15:40:00,S-407,seminar,south,none,77.7,57,7,309.4,0.051,-5.2,20.6,50.1,496.5,33,62,39.9,False,7,535.5,0
ag-05055,2026-04-23T17:55:00,C-272,seminar,central,practice,65.3,64,40,447.0,0.406,6.2,25.5,45.5,587.3,22,67,51.9,False,4,682.9,0
ag-05056,2026-02-21T12:05:00,N-240,lab,north,lab,38.0,27,14,332.6,0.731,5.4,23.9,63.2,380.0,0,90,61.2,False,5,394.6,0
ag-05057,2026-02-11T16:45:00,S-136,lab,south,practice,36.2,30,20,364.3,1.0,4.6,23.3,54.4,403.7,37,43,60.9,True,2,454.5,0
ag-05058,2026-02-17T17:10:00,W-403,lecture,west,lab,81.5,88,54,492.2,0.451,5.8,23.5,58.4,710.1,15,90,53.3,False,7,862.3,0
ag-05059,2026-02-17T15:05:00,W-162,seminar,west,lecture,82.5,57,37,673.1,0.878,3.8,24.3,41.4,524.8,26,60,59.5,False,5,599.6,0
ag-05060,2026-02-15T18:40:00,C-349,lab,central,lecture,34.8,30,22,199.0,0.473,-3.5,24.2,50.9,531.6,39,45,63.4,False,4,678.9,0
ag-05061,2026-02-21T16:35:00,N-292,lecture,north,lab,148.1,129,94,919.9,0.252,-2.2,24.5,66.7,1163.3,58,17,64.1,False,5,1524.6,1
ag-05062,2026-05-12T17:10:00,E-288,lab,east,practice,56.5,41,27,419.4,0.648,11.5,19.9,66.7,593.4,62,32,60.3,True,4,711.9,0
ag-05063,2026-03-01T11:10:00,C-533,seminar,central,lab,31.8,26,14,356.7,0.911,15.7,24.7,57.9,517.5,37,56,54.2,True,2,582.1,0
ag-05064,2026-04-22T15:40:00,C-435,lecture,central,lecture,81.0,62,41,262.8,0.168,13.8,22.4,51.5,764.3,65,28,59.9,False,6,940.3,0
ag-05065,2026-04-23T17:45:00,C-301,seminar,central,lab,34.8,38,23,373.0,0.608,23.5,22.5,47.8,482.8,41,53,56.1,False,2,604.5,0
ag-05066,2026-05-07T14:30:00,E-363,seminar,east,lecture,26.0,26,27,179.0,0.195,18.2,25.2,66.3,546.6,16,70,71.2,True,4,516.2,0
ag-05067,2026-04-01T08:20:00,E-200,lab,east,lab,23.8,25,25,304.1,0.701,14.9,24.4,49.2,611.6,48,35,72.6,False,6,692.4,0
ag-05068,2026-03-05T09:30:00,N-256,lecture,north,practice,98.8,107,92,829.1,0.327,4.0,24.3,59.7,1103.3,64,23,64.1,False,3,1486.9,1
ag-05069,2026-04-07T18:30:00,W-536,lecture,west,none,71.4,67,3,689.7,0.898,16.0,21.9,47.7,380.0,33,52,39.2,False,7,313.1,0
ag-05070,2026-05-05T08:45:00,C-496,lab,central,practice,31.3,26,16,367.2,1.0,20.0,25.1,65.1,401.2,35,54,55.8,True,4,329.6,0
ag-05071,2026-04-13T14:30:00,S-330,lab,south,lecture,45.0,41,25,265.3,0.35,13.4,23.6,54.1,605.6,25,65,50.9,False,2,665.8,0
ag-05072,2026-05-09T11:20:00,C-465,lecture,central,lecture,158.7,127,108,916.3,0.446,10.4,22.1,57.9,997.5,36,64,56.5,True,7,1198.4,1
ag-05073,2026-04-14T18:00:00,S-240,coworking,south,practice,64.5,61,46,363.2,0.186,17.7,28.7,54.3,677.7,16,83,54.6,True,7,948.9,0
ag-05074,2026-04-22T18:10:00,E-590,seminar,east,exam,44.2,32,32,201.8,0.096,9.8,25.5,66.5,572.2,25,65,64.0,True,1,732.5,0
ag-05075,2026-02-27T11:45:00,E-192,lecture,east,lecture,92.1,98,54,320.0,0.056,4.5,24.6,52.6,844.8,66,33,57.5,False,1,1154.8,1
ag-05076,2026-03-29T17:05:00,C-525,seminar,central,practice,31.4,32,27,262.9,0.455,10.8,21.7,52.0,536.9,38,50,57.2,False,5,660.1,0
ag-05077,2026-05-01T14:35:00,N-301,lecture,north,practice,108.6,92,48,864.3,0.826,18.6,22.7,52.0,625.3,67,15,54.6,True,1,712.0,0
ag-05078,2026-04-03T14:10:00,N-135,lecture,north,lecture,115.0,116,84,1117.8,0.488,6.1,22.9,76.1,932.5,18,63,57.1,False,6,1410.8,1
ag-05079,2026-03-17T09:05:00,S-139,lecture,south,none,140.5,98,30,659.9,0.346,-3.3,25.5,52.8,721.6,64,23,54.6,False,2,896.1,0
ag-05080,2026-04-25T11:40:00,E-215,lab,east,lecture,44.0,32,23,326.9,0.797,21.1,22.8,55.6,626.4,67,16,59.7,False,7,579.6,0
ag-05081,2026-05-12T10:50:00,S-144,lecture,south,practice,145.8,102,82,596.8,0.531,20.2,24.3,65.0,1066.1,39,54,63.8,True,4,1409.2,1
ag-05082,2026-02-25T12:35:00,N-412,lecture,north,lecture,121.1,109,56,795.3,0.472,4.2,23.8,51.2,878.7,68,24,57.6,False,1,1060.1,0
ag-05083,2026-02-21T15:40:00,W-178,lecture,west,none,106.5,96,15,708.5,0.871,5.8,21.2,38.6,542.6,31,69,41.8,True,1,676.5,0
ag-05084,2026-04-22T10:00:00,S-443,lecture,south,lab,97.9,73,54,500.2,0.599,16.5,23.8,80.6,808.4,77,6,59.0,False,5,979.3,0
ag-05085,2026-05-11T08:40:00,E-444,seminar,east,lecture,44.3,46,36,437.1,0.465,11.3,22.9,53.6,769.9,90,6,71.4,True,4,1019.0,0
ag-05086,2026-03-10T16:20:00,N-147,lab,north,practice,28.6,29,28,224.7,0.908,-0.9,21.5,59.8,584.1,28,56,66.6,False,4,690.1,0
ag-05087,2026-04-01T16:30:00,S-133,lab,south,lecture,39.4,32,23,286.0,0.693,13.0,22.4,62.4,523.0,32,45,55.7,True,2,715.4,0
ag-05088,2026-04-26T17:25:00,W-544,lab,west,lab,35.9,28,21,200.4,0.598,10.6,23.8,52.0,543.5,47,40,58.2,False,5,722.5,0
ag-05089,2026-03-31T10:05:00,W-379,lab,west,none,36.7,36,11,151.1,0.208,8.1,24.2,51.3,692.7,49,44,50.8,False,7,746.9,0
ag-05090,2026-03-30T13:20:00,E-212,lecture,east,lecture,96.6,68,17,862.2,0.802,3.0,22.6,47.9,416.1,49,52,55.2,False,1,543.6,0
ag-05091,2026-03-08T15:45:00,N-529,coworking,north,exam,96.5,76,42,653.9,0.76,3.8,24.9,55.7,588.2,47,50,51.0,False,2,685.6,0
ag-05092,2026-05-13T13:40:00,S-324,seminar,south,exam,50.2,45,43,311.0,0.578,14.2,24.5,67.0,624.7,7,89,57.4,True,3,650.1,0
ag-05093,2026-02-23T12:40:00,S-169,lab,south,practice,42.5,39,12,446.7,0.738,12.3,21.9,60.4,464.9,42,36,51.0,False,1,455.2,0
ag-05094,2026-03-07T16:35:00,W-473,lab,west,lab,36.1,32,24,248.7,0.399,10.3,23.7,67.3,610.6,38,59,62.3,True,3,748.3,0
ag-05095,2026-04-14T09:55:00,N-288,lecture,north,exam,93.1,74,69,533.3,0.414,8.1,25.2,67.0,877.4,67,20,60.4,False,4,1225.4,1
ag-05096,2026-03-21T17:30:00,C-228,lecture,central,practice,102.0,77,15,837.7,0.521,16.4,21.2,51.9,436.2,44,35,45.4,False,7,481.8,0
ag-05097,2026-03-04T15:25:00,S-240,seminar,south,lecture,30.4,27,18,212.9,0.345,-4.0,22.9,62.8,580.7,49,39,54.8,False,7,643.2,0
ag-05098,2026-04-10T15:05:00,C-568,seminar,central,none,32.1,33,11,218.5,0.691,0.5,24.7,52.9,568.3,58,29,52.1,False,3,653.9,0
ag-05099,2026-04-08T14:20:00,W-264,lecture,west,practice,94.1,97,88,662.4,0.38,14.7,26.2,56.4,1080.0,23,62,54.8,False,2,1522.0,1
ag-05100,2026-04-28T18:40:00,C-174,lecture,central,lab,104.0,115,103,1450.3,0.7,21.7,25.5,45.9,1131.9,10,71,64.4,False,5,1393.0,1
ag-05101,2026-03-25T11:15:00,C-441,seminar,central,lecture,50.0,48,41,314.2,0.503,2.8,23.4,54.7,598.8,23,83,64.1,False,2,645.3,0
ag-05102,2026-04-06T10:55:00,W-196,lecture,west,lecture,58.2,62,51,827.8,0.801,8.0,22.9,59.8,859.4,20,69,57.3,False,7,943.8,0
ag-05103,2026-04-11T15:35:00,W-539,lecture,west,practice,179.4,127,119,851.3,0.413,5.2,22.9,65.5,1264.4,62,9,63.1,False,2,1703.4,1
ag-05104,2026-04-09T11:45:00,C-158,lecture,central,exam,158.7,119,86,1196.4,0.47,10.5,23.6,57.8,1004.2,41,40,60.5,False,2,1324.1,1
ag-05105,2026-03-04T16:25:00,E-271,seminar,east,practice,36.5,40,20,204.1,0.456,-0.6,21.0,48.3,574.1,27,46,55.3,False,7,699.9,0
ag-05106,2026-03-23T08:40:00,W-514,seminar,west,none,68.7,49,11,331.3,0.33,8.5,21.8,39.0,545.7,0,90,47.8,False,7,585.2,0
ag-05107,2026-05-13T13:00:00,E-102,coworking,east,lecture,53.2,45,24,299.1,0.294,18.8,24.2,61.3,668.1,0,90,62.3,True,2,696.9,0
ag-05108,2026-04-18T13:00:00,S-431,lecture,south,lecture,133.3,129,82,1056.3,0.406,15.0,23.7,45.0,958.4,36,59,54.2,False,3,1247.1,1
ag-05109,2026-05-08T18:10:00,S-231,lecture,south,lab,83.0,72,51,789.7,0.775,16.6,20.6,74.8,786.4,51,37,53.2,True,1,897.6,0
ag-05110,2026-02-26T18:40:00,N-120,lab,north,practice,44.0,44,32,337.0,0.31,1.6,23.5,64.1,778.6,52,37,51.6,False,5,963.1,0
ag-05111,2026-05-12T13:00:00,N-544,seminar,north,practice,38.5,38,28,211.4,0.408,11.7,23.4,55.9,777.5,43,32,62.2,True,1,863.3,0
ag-05112,2026-03-02T15:40:00,C-238,seminar,central,lab,24.7,20,15,184.8,0.367,11.5,25.7,69.2,452.9,26,66,70.2,False,2,482.8,0
ag-05113,2026-04-04T14:55:00,W-107,lecture,west,lab,135.6,122,115,877.3,0.447,10.9,25.7,56.9,1247.3,23,61,70.1,False,6,1807.9,1
ag-05114,2026-04-08T17:40:00,S-327,seminar,south,lecture,80.2,63,41,682.0,0.607,5.7,22.9,74.5,912.8,90,4,57.4,False,7,1167.6,1
ag-05115,2026-04-16T09:20:00,S-395,coworking,south,lecture,49.3,46,46,409.5,0.721,15.6,25.4,57.8,554.1,17,71,68.2,False,6,621.0,0
ag-05116,2026-03-01T12:30:00,N-344,lab,north,lab,22.5,21,11,178.9,0.808,10.8,20.8,64.0,380.0,0,90,61.0,False,3,459.5,0
ag-05117,2026-05-05T13:55:00,N-574,lab,north,lecture,60.3,43,33,351.9,1.0,13.8,21.4,70.0,569.7,74,22,67.8,True,4,607.0,0
ag-05118,2026-02-20T16:50:00,E-359,lecture,east,practice,139.5,107,55,603.3,0.507,-2.0,20.8,43.8,723.3,19,45,58.6,False,5,942.9,0
ag-05119,2026-04-09T08:20:00,C-395,lab,central,none,26.4,21,2,323.2,0.942,5.4,21.1,50.4,442.9,48,40,52.2,False,6,465.3,0
ag-05120,2026-03-30T12:45:00,S-212,lecture,south,lecture,88.8,95,56,722.1,0.262,9.3,24.3,71.4,1011.0,65,34,56.1,False,5,1203.4,1
ag-05121,2026-02-16T11:05:00,N-558,lecture,north,practice,87.7,74,57,403.9,0.369,7.9,25.5,59.5,592.2,0,86,61.2,False,2,888.1,0
ag-05122,2026-04-12T18:00:00,N-308,seminar,north,lab,25.5,20,14,73.1,0.153,20.1,27.8,47.2,571.5,40,42,68.4,False,7,612.3,0
ag-05123,2026-05-19T15:10:00,N-421,lab,north,lecture,37.6,28,18,267.9,0.86,19.8,23.2,57.2,479.6,37,61,54.5,True,2,481.8,0
ag-05124,2026-05-07T16:25:00,C-146,lecture,central,lecture,91.0,73,62,559.5,0.582,24.1,21.7,57.6,800.8,20,54,66.9,True,4,1086.0,0
ag-05125,2026-03-04T09:25:00,C-370,lab,central,lecture,31.3,24,19,244.7,0.914,-0.8,24.0,52.1,396.0,45,38,62.5,False,2,392.7,0
ag-05126,2026-05-07T12:10:00,S-379,lab,south,lecture,26.9,26,20,299.3,0.701,21.6,23.6,61.8,423.3,0,81,53.4,True,5,502.4,0
ag-05127,2026-04-05T12:25:00,S-532,coworking,south,practice,103.2,77,45,618.9,0.817,13.9,21.4,48.3,556.5,5,83,55.3,False,3,739.5,0
ag-05128,2026-04-27T09:20:00,W-401,lecture,west,practice,174.2,121,70,1140.4,0.483,14.6,25.1,52.7,944.1,55,40,64.6,False,2,1193.0,1
ag-05129,2026-03-13T12:35:00,N-480,lecture,north,practice,128.7,92,59,535.3,0.147,-4.0,24.1,60.7,881.4,18,70,57.5,False,1,1039.4,0
ag-05130,2026-05-02T09:30:00,S-178,lab,south,lecture,41.7,31,26,284.2,0.71,13.3,20.7,62.0,591.8,29,78,53.6,True,5,609.4,0
ag-05131,2026-02-28T15:50:00,C-344,lecture,central,lecture,105.6,75,60,921.3,0.679,5.2,26.4,44.4,784.7,5,85,63.9,False,5,936.0,0
ag-05132,2026-02-16T11:10:00,W-109,lab,west,lab,40.7,39,33,472.4,0.794,8.2,22.7,73.6,462.6,0,90,61.6,False,6,567.1,0
ag-05133,2026-03-22T08:10:00,N-388,lecture,north,practice,103.3,113,79,937.4,0.319,12.5,21.9,51.2,1044.7,66,31,49.7,False,1,1483.9,1
ag-05134,2026-04-17T18:40:00,W-158,lecture,west,none,90.7,85,28,800.2,0.735,8.9,18.7,54.1,626.1,7,79,54.8,False,5,730.4,0
ag-05135,2026-05-19T14:35:00,C-272,seminar,central,practice,36.4,36,30,179.9,0.069,12.7,22.9,56.8,630.7,38,63,60.8,True,4,733.0,0
ag-05136,2026-04-08T11:30:00,N-416,coworking,north,practice,44.7,37,30,245.4,0.153,19.2,23.9,54.5,549.8,4,90,58.9,True,5,654.4,0
ag-05137,2026-02-23T14:40:00,E-275,seminar,east,lecture,59.1,41,33,318.3,0.437,11.6,22.8,52.2,666.4,36,59,50.5,False,1,730.8,0
ag-05138,2026-04-16T15:30:00,S-347,seminar,south,lab,65.0,46,34,343.5,0.366,8.6,22.2,62.7,732.0,24,54,51.5,False,7,884.9,0
ag-05139,2026-04-13T09:50:00,W-245,coworking,west,none,43.3,38,7,181.8,0.356,16.2,22.7,52.9,463.7,73,23,50.7,False,6,519.0,0
ag-05140,2026-05-06T10:20:00,W-237,seminar,west,lecture,36.2,26,22,164.2,0.434,19.3,24.3,47.2,651.7,34,49,61.9,True,3,745.9,0
ag-05141,2026-04-20T18:35:00,N-569,lab,north,exam,27.0,28,25,197.0,0.641,20.3,23.8,80.1,705.3,49,30,68.8,False,3,784.4,0
ag-05142,2026-05-10T11:20:00,N-560,coworking,north,lab,91.6,78,79,499.7,0.437,17.9,26.0,62.3,923.5,20,85,66.5,True,6,1220.4,1
ag-05143,2026-03-21T09:45:00,W-124,lecture,west,practice,93.6,90,54,493.9,0.227,13.4,21.7,60.8,774.8,41,46,57.5,False,7,1025.0,0
ag-05144,2026-03-24T10:35:00,W-405,lab,west,lecture,44.2,34,25,192.6,0.229,9.2,24.9,51.7,496.2,26,87,64.7,False,2,532.2,0
ag-05145,2026-05-13T18:25:00,W-441,coworking,west,practice,26.2,24,16,292.1,0.659,19.9,24.5,45.7,517.1,34,52,63.7,True,3,522.1,0
ag-05146,2026-05-08T14:00:00,C-421,coworking,central,lecture,114.4,79,75,473.7,0.191,9.0,23.2,63.2,951.7,30,47,56.7,True,7,1208.5,1
ag-05147,2026-04-06T15:55:00,W-287,coworking,west,lecture,38.5,33,27,209.9,0.365,12.3,25.5,59.8,602.4,24,73,63.2,False,4,861.2,0
ag-05148,2026-04-19T15:35:00,C-317,lecture,central,none,116.1,82,16,844.6,0.458,15.7,21.1,49.9,558.8,40,53,53.4,False,6,651.8,0
ag-05149,2026-04-13T13:10:00,S-276,lecture,south,practice,124.5,95,60,766.0,0.546,0.5,21.5,60.4,730.9,37,70,50.4,True,2,996.8,0
ag-05150,2026-02-24T14:00:00,N-447,lecture,north,lecture,114.4,101,87,687.3,0.556,0.8,25.0,62.1,1184.3,90,4,62.9,False,4,1603.7,1
ag-05151,2026-04-23T16:50:00,E-403,coworking,east,practice,57.5,46,33,376.0,0.826,7.4,24.8,56.1,644.0,51,39,57.3,False,7,778.3,0
ag-05152,2026-03-29T18:50:00,C-521,lecture,central,practice,101.6,109,70,881.8,0.606,5.1,23.1,54.7,892.1,62,35,56.0,False,4,1138.2,1
ag-05153,2026-04-04T09:25:00,S-278,lab,south,practice,32.6,31,22,258.2,0.515,7.6,24.1,43.4,439.4,28,54,57.2,True,2,517.0,0
ag-05154,2026-03-27T14:15:00,N-575,seminar,north,lecture,23.8,20,17,116.5,0.527,8.0,24.7,56.2,589.3,36,54,64.0,False,7,696.4,0
ag-05155,2026-03-17T15:35:00,S-268,coworking,south,lecture,45.4,40,39,401.7,0.72,10.4,24.5,64.7,519.2,0,90,73.1,False,1,742.4,0
ag-05156,2026-04-09T16:00:00,S-557,lecture,south,lecture,121.3,125,78,683.8,0.375,11.6,23.9,62.7,1007.3,38,62,61.3,False,3,1284.4,1
ag-05157,2026-04-26T14:45:00,W-436,coworking,west,lecture,72.2,50,44,388.4,0.497,14.3,26.5,74.1,642.6,15,75,70.5,False,1,761.7,0
ag-05158,2026-02-15T18:05:00,S-241,coworking,south,lab,59.9,49,30,500.2,0.511,-3.4,25.0,65.9,551.2,80,26,54.9,False,7,798.8,0
ag-05159,2026-04-19T16:40:00,W-200,lecture,west,lecture,123.0,103,76,707.5,0.374,6.8,24.0,60.2,769.2,28,63,49.3,False,2,1178.5,1
ag-05160,2026-05-10T12:20:00,S-515,lecture,south,lab,117.5,110,71,1261.9,0.614,24.3,22.7,61.8,888.0,16,79,66.1,True,3,1196.8,1
ag-05161,2026-04-02T08:45:00,C-447,lecture,central,lecture,153.5,111,124,649.6,0.616,7.0,24.9,77.3,1080.2,6,81,67.6,False,5,1611.1,1
ag-05162,2026-02-17T11:05:00,S-181,seminar,south,lecture,62.0,54,54,244.1,0.291,1.8,23.0,58.7,912.1,41,62,67.1,False,6,1147.0,1
ag-05163,2026-02-21T09:25:00,W-557,lecture,west,practice,124.0,99,83,773.9,0.534,-0.3,26.2,47.0,913.9,0,90,63.2,False,2,1242.0,1
ag-05164,2026-02-10T16:40:00,C-342,lab,central,none,45.3,38,13,466.6,0.734,2.3,23.9,53.9,560.8,64,16,52.2,False,7,699.1,0
ag-05165,2026-02-19T10:30:00,C-401,lab,central,none,25.1,20,2,193.2,0.534,-1.3,24.2,51.2,504.3,42,45,40.7,False,5,505.5,0
ag-05166,2026-02-27T14:50:00,E-239,seminar,east,lecture,22.1,24,17,159.6,0.639,0.9,24.4,62.1,535.3,54,34,64.1,False,7,570.5,0
ag-05167,2026-03-18T12:35:00,E-410,coworking,east,lecture,85.9,67,49,559.5,0.699,7.4,23.6,58.8,763.3,0,87,63.4,False,7,1020.9,0
ag-05168,2026-04-03T14:55:00,N-176,lecture,north,lab,73.5,60,52,639.0,0.567,11.9,26.3,74.5,687.1,27,67,66.9,False,3,794.6,0
ag-05169,2026-04-07T13:35:00,E-329,seminar,east,exam,33.4,34,17,411.2,0.747,-0.3,22.5,48.8,542.1,50,34,53.9,False,7,656.9,0
ag-05170,2026-03-05T10:30:00,N-129,seminar,north,lab,37.7,38,32,415.5,0.608,-0.1,23.6,59.0,728.2,31,49,64.6,True,1,868.4,0
ag-05171,2026-02-20T10:30:00,E-502,lecture,east,lecture,139.9,128,100,1602.0,0.646,0.8,24.3,54.0,1103.4,61,20,62.5,True,7,1448.3,1
ag-05172,2026-04-25T16:35:00,C-239,seminar,central,lecture,27.7,30,30,169.2,0.067,9.7,25.7,51.2,710.0,70,36,56.2,False,1,939.6,0
ag-05173,2026-02-23T16:20:00,C-482,coworking,central,none,23.1,24,5,122.2,0.417,3.8,24.5,49.4,562.9,53,36,54.3,True,3,645.6,0
ag-05174,2026-03-09T11:00:00,N-276,lab,north,lecture,41.7,40,37,339.3,0.845,8.2,23.4,56.6,651.6,61,38,54.8,False,2,840.3,0
ag-05175,2026-02-15T17:55:00,E-382,lecture,east,practice,65.7,57,40,502.5,0.724,9.2,22.3,60.4,470.5,5,73,57.6,False,4,723.0,0
ag-05176,2026-03-26T09:20:00,C-328,coworking,central,lab,105.1,73,49,335.2,0.357,6.1,23.7,53.7,690.7,20,60,60.5,False,6,839.9,0
ag-05177,2026-03-10T11:15:00,C-498,lab,central,lab,26.9,28,11,355.7,0.908,12.2,22.8,63.9,450.6,22,66,49.9,False,6,401.5,0
ag-05178,2026-03-26T18:20:00,E-201,seminar,east,practice,58.3,58,38,329.6,0.393,3.1,25.0,48.9,685.9,37,42,62.6,False,3,890.2,0
ag-05179,2026-02-13T10:40:00,N-545,seminar,north,none,53.4,37,7,157.1,0.231,2.8,23.7,40.6,470.1,51,50,44.2,False,7,510.4,0
ag-05180,2026-04-28T16:45:00,W-519,seminar,west,practice,27.4,22,16,134.8,0.544,24.9,21.8,48.3,491.9,67,22,63.5,False,6,587.8,0
ag-05181,2026-02-22T13:10:00,S-109,lecture,south,lecture,124.1,111,85,927.5,0.485,2.8,24.4,64.7,1016.7,24,81,51.9,False,1,1239.1,1
ag-05182,2026-03-09T08:20:00,S-258,lecture,south,practice,91.4,64,41,353.9,0.412,7.6,21.4,66.2,646.3,46,34,50.4,False,3,785.0,0
ag-05183,2026-04-26T08:25:00,S-363,seminar,south,practice,77.9,55,46,546.4,0.505,8.7,23.0,59.0,662.0,1,90,61.9,False,3,751.6,0
ag-05184,2026-02-14T17:50:00,E-290,lab,east,exam,46.8,43,42,396.4,0.52,3.0,23.0,74.3,733.0,20,68,66.1,False,6,946.6,0
ag-05185,2026-02-24T17:35:00,N-172,seminar,north,lecture,45.2,36,23,269.3,0.273,-0.8,23.4,59.4,560.1,0,90,48.1,False,7,682.4,0
ag-05186,2026-03-25T15:10:00,C-470,seminar,central,lecture,25.5,24,17,131.1,0.478,8.4,24.7,50.2,592.8,62,30,53.1,False,5,672.2,0
ag-05187,2026-03-10T17:35:00,W-534,lecture,west,lecture,96.1,90,29,816.5,0.316,11.1,21.6,43.9,483.2,0,90,52.7,False,4,601.4,0
ag-05188,2026-04-29T11:30:00,E-147,lab,east,lab,50.2,36,32,314.8,0.711,17.2,25.9,64.2,588.7,38,50,64.4,False,7,693.9,0
ag-05189,2026-03-13T18:45:00,N-113,lecture,north,none,68.6,69,9,460.0,0.425,8.2,22.4,45.0,455.4,43,53,41.3,False,6,430.4,0
ag-05190,2026-03-22T10:50:00,N-148,seminar,north,none,30.5,32,5,342.0,0.769,15.3,20.8,43.1,380.0,0,85,64.5,False,7,337.3,0
ag-05191,2026-03-19T13:15:00,W-531,coworking,west,practice,32.0,34,17,336.8,0.415,13.9,21.8,61.4,480.1,19,74,53.1,False,5,558.0,0
ag-05192,2026-04-08T13:30:00,N-394,lecture,north,lecture,140.9,109,78,535.2,0.17,16.1,23.3,63.6,1209.5,75,9,56.0,False,6,1415.5,1
ag-05193,2026-02-13T17:50:00,C-125,seminar,central,lecture,52.4,50,27,379.6,0.669,6.9,22.7,52.0,686.4,84,0,55.7,False,5,709.8,0
ag-05194,2026-04-05T13:10:00,E-202,seminar,east,practice,57.0,57,45,615.4,0.752,14.8,26.2,51.1,749.5,90,2,65.4,False,5,814.0,0
ag-05195,2026-02-15T12:05:00,N-448,lab,north,none,47.3,38,2,434.1,0.832,-2.9,22.8,56.7,440.1,54,39,40.4,False,3,503.5,0
ag-05196,2026-02-20T13:35:00,E-260,lab,east,exam,37.8,36,29,360.9,0.458,11.8,25.7,55.5,741.2,70,16,65.4,False,1,813.8,0
ag-05197,2026-03-19T17:55:00,E-582,seminar,east,lecture,49.2,34,33,179.5,0.239,13.9,23.0,59.2,645.0,16,64,56.9,False,3,872.9,0
ag-05198,2026-04-22T14:00:00,S-271,seminar,south,lecture,79.0,62,37,631.2,0.851,4.0,24.4,58.1,581.3,63,46,51.9,False,6,704.6,0
ag-05199,2026-04-09T09:15:00,N-438,seminar,north,practice,59.2,47,36,223.6,0.155,14.6,24.9,51.1,683.0,0,80,66.8,False,1,986.9,0
ag-05200,2026-05-07T12:30:00,S-257,seminar,south,lab,49.4,46,39,387.6,0.406,11.5,25.3,69.5,817.7,51,36,64.8,True,7,1015.0,0
ag-05201,2026-03-22T09:20:00,W-585,coworking,west,lab,60.6,58,50,363.9,0.371,5.3,22.7,62.3,712.7,33,64,62.0,False,1,846.0,0
ag-05202,2026-04-17T08:40:00,N-547,coworking,north,lecture,99.8,74,72,681.8,0.761,18.5,24.8,71.9,1076.7,90,0,71.3,False,3,1272.3,1
ag-05203,2026-05-05T15:15:00,S-296,lecture,south,lecture,71.6,60,43,358.6,0.236,12.8,23.9,85.7,787.3,42,43,65.3,True,5,1110.1,1
ag-05204,2026-03-05T12:20:00,N-210,seminar,north,practice,25.0,20,12,173.4,0.439,-4.2,24.7,63.7,516.1,15,72,46.0,False,2,639.0,0
ag-05205,2026-04-09T08:20:00,S-514,lecture,south,lab,91.7,67,55,483.6,0.804,7.5,24.2,54.6,839.3,33,53,60.7,False,3,1018.9,0
ag-05206,2026-05-19T08:05:00,N-129,lab,north,lecture,28.3,26,30,161.8,0.288,17.3,23.9,47.8,713.8,66,24,66.8,True,3,980.2,0
ag-05207,2026-04-05T15:40:00,S-231,lecture,south,lecture,91.0,87,73,903.4,0.555,10.9,23.3,55.2,936.8,30,67,60.5,False,4,1219.2,1
ag-05208,2026-03-30T12:30:00,S-456,lecture,south,lecture,100.0,70,43,306.5,0.265,10.8,24.6,58.7,916.8,90,0,50.0,False,3,1211.4,1
ag-05209,2026-04-03T14:30:00,N-404,lecture,north,practice,95.4,81,56,635.8,0.675,12.2,24.1,53.6,822.6,21,80,51.4,False,2,1084.8,0
ag-05210,2026-04-07T15:20:00,C-472,coworking,central,exam,56.1,55,46,530.9,0.662,11.6,24.7,56.7,691.7,21,79,64.9,False,7,900.5,0
ag-05211,2026-05-14T09:00:00,E-477,seminar,east,practice,52.0,57,35,657.5,0.557,15.7,25.7,52.0,545.6,28,71,49.9,True,5,773.7,0
ag-05212,2026-02-26T13:15:00,C-545,lecture,central,lecture,100.0,96,35,681.9,0.464,3.4,23.1,25.8,633.2,35,39,58.3,False,3,798.6,0
ag-05213,2026-03-27T11:15:00,C-339,seminar,central,none,20.9,23,4,245.7,0.6,16.5,21.6,43.5,451.0,27,61,47.4,False,6,403.9,0
ag-05214,2026-03-25T13:00:00,N-322,lecture,north,lecture,118.9,122,100,1314.6,0.539,6.5,22.3,52.8,1263.3,74,1,65.0,False,4,1657.2,1
ag-05215,2026-03-13T16:25:00,S-490,coworking,south,none,55.1,49,16,426.3,0.292,6.8,22.5,50.0,455.4,0,90,44.7,True,2,504.7,0
ag-05216,2026-05-11T13:30:00,S-213,lab,south,practice,25.8,28,7,198.7,0.287,11.8,22.6,74.1,613.7,64,19,47.4,True,1,708.8,0
ag-05217,2026-05-06T12:25:00,S-542,lab,south,lab,39.3,33,26,304.3,0.495,6.2,24.5,62.3,748.1,51,59,66.2,True,4,861.2,0
ag-05218,2026-05-19T08:40:00,E-352,seminar,east,exam,58.8,54,51,362.0,0.713,5.8,23.3,67.4,800.9,71,19,69.3,True,2,968.3,0
ag-05219,2026-05-02T18:10:00,C-409,lab,central,lecture,27.4,26,24,227.5,0.321,19.2,23.4,61.4,534.4,26,67,57.8,True,4,759.9,0
ag-05220,2026-03-01T17:15:00,C-169,coworking,central,lecture,69.6,50,46,399.4,0.677,-4.4,23.2,58.9,707.5,34,68,54.2,True,2,947.4,0
ag-05221,2026-03-06T10:20:00,S-131,coworking,south,lab,35.5,38,27,242.6,0.553,4.3,22.9,67.1,637.9,55,31,64.7,False,4,823.5,0
ag-05222,2026-03-04T16:05:00,W-155,lab,west,lab,22.4,19,14,280.4,0.909,4.2,21.1,66.8,596.8,47,49,57.6,False,7,592.5,0
ag-05223,2026-05-06T14:25:00,E-134,lecture,east,lecture,77.1,74,67,631.8,0.821,15.1,22.3,70.4,842.3,29,55,67.9,True,1,1178.1,1
ag-05224,2026-05-09T08:20:00,N-322,lecture,north,practice,93.3,72,65,474.8,0.276,19.5,25.0,52.9,901.4,24,67,53.3,True,4,1344.7,1
ag-05225,2026-02-13T11:05:00,W-563,seminar,west,lecture,32.8,29,17,177.8,0.14,0.8,22.8,62.0,550.7,32,66,54.8,False,4,634.5,0
ag-05226,2026-03-03T11:20:00,W-592,lecture,west,lecture,125.1,102,46,815.4,0.282,2.5,24.3,52.6,750.4,33,52,53.1,False,2,849.7,0
ag-05227,2026-04-11T16:05:00,N-356,seminar,north,practice,44.6,41,30,281.0,0.34,11.2,24.7,66.8,773.2,77,17,60.7,False,6,1019.8,0
ag-05228,2026-04-25T08:15:00,E-563,lecture,east,none,103.3,92,2,736.8,0.543,18.1,22.2,45.2,392.1,26,72,49.0,False,1,413.3,0
ag-05229,2026-02-12T17:15:00,S-368,lab,south,practice,31.5,33,35,332.7,0.563,-2.6,24.3,59.9,647.6,57,34,81.7,False,2,806.7,0
ag-05230,2026-05-17T11:45:00,C-159,coworking,central,exam,39.4,38,41,202.1,0.424,15.3,24.6,62.2,618.0,31,55,65.9,True,1,862.8,0
ag-05231,2026-05-07T10:25:00,W-272,seminar,west,practice,30.1,24,20,125.2,0.287,22.4,23.8,62.3,670.1,50,27,59.3,True,3,804.7,0
ag-05232,2026-02-14T10:40:00,C-503,lecture,central,practice,133.9,102,75,755.1,0.337,-3.2,21.9,69.4,891.8,32,49,57.1,False,5,1174.4,1
ag-05233,2026-03-12T16:35:00,C-302,lab,central,none,20.1,21,4,177.0,0.459,-1.0,22.5,50.8,389.6,49,33,44.9,False,2,416.2,0
ag-05234,2026-04-07T11:50:00,N-417,coworking,north,none,19.4,21,2,235.2,0.666,18.1,23.5,62.5,380.0,64,30,32.4,False,3,320.1,0
ag-05235,2026-02-10T13:45:00,C-471,lab,central,lecture,41.5,32,20,324.4,0.987,0.3,20.5,56.5,507.1,24,67,53.6,False,3,625.2,0
ag-05236,2026-05-12T15:25:00,C-516,seminar,central,none,59.5,56,19,235.7,0.276,23.1,22.6,49.0,735.2,79,29,46.0,True,4,919.9,0
ag-05237,2026-03-05T13:55:00,W-597,seminar,west,practice,32.5,33,13,205.2,0.225,5.8,24.7,51.8,499.4,18,90,44.2,False,5,605.0,0
ag-05238,2026-02-10T14:10:00,E-238,lecture,east,none,81.7,60,10,566.3,0.81,3.3,23.4,57.4,427.1,37,63,54.5,False,5,467.0,0
ag-05239,2026-03-04T09:00:00,W-596,lecture,west,lecture,171.3,125,81,966.3,0.217,2.4,24.8,58.8,916.2,39,55,58.4,False,7,1218.1,1
ag-05240,2026-03-27T09:25:00,E-380,lecture,east,none,58.3,56,7,401.7,0.588,10.9,22.9,41.3,590.1,57,22,45.8,False,4,731.0,0
ag-05241,2026-05-16T10:35:00,N-228,lecture,north,exam,132.1,119,116,713.1,0.181,15.0,21.9,56.6,1275.0,46,44,61.9,True,4,1928.3,1
ag-05242,2026-04-21T09:25:00,E-476,lab,east,exam,48.2,41,48,222.9,0.512,28.3,24.9,75.2,716.2,20,66,54.7,False,6,950.5,0
ag-05243,2026-04-21T10:35:00,C-492,lecture,central,lecture,101.5,95,100,971.0,0.801,13.7,23.9,69.3,1035.4,34,47,64.0,False,4,1529.9,1
ag-05244,2026-05-03T16:30:00,N-289,coworking,north,none,30.8,32,8,287.3,0.406,12.1,23.5,59.1,563.5,55,30,50.2,True,1,484.8,0
ag-05245,2026-05-06T12:55:00,S-199,seminar,south,lab,51.7,50,28,331.4,0.358,19.6,23.0,55.0,607.8,41,58,51.7,True,3,791.0,0
ag-05246,2026-03-13T08:30:00,W-356,seminar,west,lecture,47.2,43,40,207.6,0.176,5.4,25.8,73.1,674.4,0,90,69.0,False,3,749.4,0
ag-05247,2026-02-15T08:50:00,W-381,lecture,west,lab,158.3,124,82,849.3,0.351,0.5,22.9,70.8,796.5,6,88,56.8,False,4,1160.4,1
ag-05248,2026-03-28T14:55:00,C-512,lab,central,practice,39.0,34,26,390.1,0.628,11.8,22.2,49.3,674.4,46,42,61.7,False,3,763.1,0
ag-05249,2026-03-08T18:00:00,C-520,coworking,central,exam,48.0,39,44,249.4,0.607,-0.2,23.3,59.8,661.9,0,82,70.8,True,5,780.2,0
ag-05250,2026-05-11T10:00:00,C-557,lab,central,none,49.5,41,1,412.1,0.424,9.9,21.0,46.2,380.0,13,76,37.7,True,3,425.8,0
ag-05251,2026-02-26T13:00:00,S-127,lab,south,practice,34.0,28,14,234.1,0.806,8.4,23.3,42.7,581.2,51,42,54.3,False,4,583.7,0
ag-05252,2026-03-26T18:55:00,E-477,seminar,east,lab,73.1,52,30,540.7,0.64,1.3,21.3,55.0,498.8,0,90,59.1,False,2,504.3,0
ag-05253,2026-02-12T09:20:00,N-337,coworking,north,none,66.9,54,20,375.5,0.375,10.4,20.5,48.0,581.6,16,57,54.0,False,1,634.3,0
ag-05254,2026-02-24T16:55:00,S-318,seminar,south,lecture,40.4,30,34,229.8,0.308,-6.4,19.7,82.2,703.9,47,45,72.0,False,1,893.5,0
ag-05255,2026-04-12T08:50:00,W-386,coworking,west,practice,72.5,54,25,377.8,0.598,22.0,20.3,63.6,529.0,54,36,46.4,False,2,619.1,0
ag-05256,2026-04-17T18:05:00,C-131,lab,central,lab,49.3,42,32,300.1,0.397,9.5,24.7,56.8,700.5,60,36,59.4,False,1,786.2,0
ag-05257,2026-03-09T09:40:00,C-248,lecture,central,practice,145.6,105,73,627.6,0.464,-1.4,24.8,50.6,929.8,26,58,58.5,False,2,1240.6,1
ag-05258,2026-02-18T14:30:00,N-296,coworking,north,lecture,87.3,63,53,545.2,0.295,-2.9,23.5,81.7,801.0,0,90,61.0,False,4,904.8,0
ag-05259,2026-04-04T10:05:00,C-260,lecture,central,practice,90.9,90,46,663.5,0.546,14.4,21.7,48.2,657.5,79,5,58.5,False,4,928.2,0
ag-05260,2026-04-03T18:35:00,W-315,coworking,west,lecture,35.6,30,27,140.1,0.246,14.5,25.3,66.3,691.1,28,52,66.1,False,1,892.4,0
ag-05261,2026-02-15T12:45:00,E-346,lab,east,lecture,28.0,20,15,148.9,0.617,-0.2,22.4,66.3,380.0,2,87,69.2,False,1,436.5,0
ag-05262,2026-02-20T15:40:00,S-477,lab,south,lecture,33.4,29,22,226.0,0.727,-3.5,23.3,52.7,603.7,61,32,61.9,False,1,639.4,0
ag-05263,2026-03-20T18:10:00,S-313,seminar,south,lab,59.9,62,43,606.3,0.591,5.9,23.5,65.2,722.6,45,47,55.8,False,7,846.1,0
ag-05264,2026-02-10T11:05:00,E-260,lab,east,lecture,26.6,19,15,146.1,0.691,0.9,24.6,71.4,527.1,49,25,50.9,False,3,527.0,0
ag-05265,2026-05-10T17:40:00,N-434,lecture,north,lecture,84.1,76,79,490.6,0.31,17.1,24.2,50.5,1022.5,38,48,67.3,True,5,1377.3,1
ag-05266,2026-03-21T09:35:00,N-257,lab,north,practice,33.1,29,19,222.6,0.477,8.4,25.9,55.8,399.6,22,64,60.9,False,2,417.2,0
ag-05267,2026-04-24T14:00:00,W-492,seminar,west,lecture,67.9,55,42,207.7,0.119,12.4,25.2,61.2,914.2,62,19,57.8,False,5,1204.0,1
ag-05268,2026-02-10T17:20:00,E-488,seminar,east,lecture,68.1,53,54,572.3,0.645,2.3,25.9,60.3,802.0,24,84,70.9,False,3,931.1,0
ag-05269,2026-02-23T11:25:00,N-182,seminar,north,none,60.9,44,1,349.1,0.698,0.2,22.6,29.7,484.7,53,19,43.4,False,3,477.5,0
ag-05270,2026-03-16T17:00:00,N-231,seminar,north,practice,56.3,44,16,556.8,0.793,3.9,22.7,32.7,558.6,60,26,52.0,False,1,557.0,0
ag-05271,2026-03-09T09:50:00,S-332,seminar,south,lab,73.7,62,44,444.8,0.187,2.9,23.9,61.6,713.5,24,55,61.6,False,5,874.6,0
ag-05272,2026-02-23T17:55:00,W-545,lab,west,lecture,38.3,33,27,271.6,0.834,4.8,23.6,64.8,430.1,0,90,57.8,False,4,576.6,0
ag-05273,2026-02-13T13:05:00,W-132,lecture,west,practice,147.5,103,54,781.7,0.525,0.4,23.2,62.6,937.1,64,29,47.5,False,5,1210.8,1
ag-05274,2026-03-22T11:30:00,S-522,seminar,south,practice,43.2,47,24,321.7,0.344,22.8,23.9,46.4,677.3,46,40,49.3,False,5,696.5,0
ag-05275,2026-05-12T16:00:00,E-437,lab,east,none,42.7,38,28,286.4,0.705,19.5,23.1,61.2,551.3,24,66,63.6,True,3,687.0,0
ag-05276,2026-03-21T14:55:00,C-377,lecture,central,lecture,98.2,90,65,660.5,0.345,9.9,24.7,59.9,1046.1,74,9,61.6,False,5,1381.0,1
ag-05277,2026-04-13T13:15:00,W-313,seminar,west,practice,48.4,53,45,287.1,0.326,9.7,23.5,54.1,729.2,42,44,61.6,False,1,850.6,0
ag-05278,2026-03-02T18:15:00,N-118,lecture,north,exam,141.9,111,88,1087.0,0.701,1.1,21.5,58.0,964.0,0,90,68.3,False,5,1365.6,1
ag-05279,2026-03-11T15:30:00,E-395,lab,east,lab,30.2,22,16,124.1,0.383,6.2,24.5,61.6,588.2,60,38,62.6,False,7,644.1,0
ag-05280,2026-05-09T17:30:00,S-468,coworking,south,practice,82.9,65,53,445.3,0.116,18.0,26.8,43.4,877.2,50,47,60.3,True,3,1120.4,1
ag-05281,2026-05-07T10:25:00,N-219,lab,north,lecture,41.2,37,33,421.7,0.719,15.9,26.0,55.6,454.3,0,90,73.3,True,2,710.0,0
ag-05282,2026-04-03T08:00:00,C-494,lab,central,lecture,38.2,31,32,250.7,0.851,4.1,24.8,79.1,582.1,41,46,72.5,False,7,820.1,0
ag-05283,2026-03-18T16:40:00,S-106,lecture,south,lecture,99.4,84,68,719.4,0.674,8.9,20.7,65.5,759.5,28,60,58.4,False,7,1141.3,1
ag-05284,2026-05-10T14:55:00,W-428,seminar,west,lecture,42.6,44,35,272.6,0.319,7.0,21.1,58.5,723.1,12,79,62.6,True,6,967.5,0
ag-05285,2026-02-19T17:25:00,N-288,seminar,north,lab,62.0,47,32,286.3,0.668,3.5,23.9,67.2,636.3,24,67,59.1,False,4,629.6,0
ag-05286,2026-03-09T15:30:00,N-580,seminar,north,practice,32.9,26,17,226.5,0.423,5.8,21.7,58.7,651.3,90,4,50.4,False,2,697.5,0
ag-05287,2026-05-07T11:25:00,W-548,lecture,west,practice,143.9,112,71,740.3,0.371,18.7,24.8,68.4,954.1,10,76,60.0,True,1,1186.0,1
ag-05288,2026-03-22T15:00:00,N-185,lecture,north,practice,125.9,99,71,794.8,0.679,3.2,23.7,60.0,908.7,81,3,58.3,False,5,1272.1,1
ag-05289,2026-05-11T14:20:00,C-120,lecture,central,lab,63.3,55,52,359.3,0.364,15.3,24.1,63.8,966.6,49,34,59.9,True,2,1097.5,0
ag-05290,2026-04-09T18:40:00,W-323,lecture,west,lecture,82.3,89,69,737.8,0.572,3.1,26.4,68.0,819.8,0,90,62.4,False,6,1196.5,1
ag-05291,2026-02-21T16:05:00,S-150,lab,south,lecture,36.3,28,12,410.8,0.966,4.9,24.5,55.4,429.7,60,22,56.2,False,5,479.7,0
ag-05292,2026-02-24T10:05:00,E-574,seminar,east,practice,36.1,37,19,404.7,0.589,15.9,22.8,59.3,499.9,14,78,47.9,True,6,502.2,0
ag-05293,2026-02-27T18:00:00,W-408,coworking,west,exam,33.7,32,32,275.1,0.696,-1.3,24.8,75.7,674.5,42,55,70.1,False,1,821.9,0
ag-05294,2026-05-05T08:45:00,E-235,lab,east,lecture,31.4,26,16,208.4,0.465,17.1,23.4,46.9,587.0,36,50,53.1,True,3,594.8,0
ag-05295,2026-03-11T13:40:00,C-279,lab,central,lecture,47.8,44,40,465.6,0.616,5.8,23.7,62.1,626.9,57,32,63.8,False,3,815.3,0
ag-05296,2026-05-06T11:40:00,E-104,seminar,east,practice,38.3,39,32,326.4,0.263,9.8,25.3,56.1,557.4,3,83,63.3,True,7,813.3,0
ag-05297,2026-03-28T16:30:00,E-331,lab,east,exam,30.2,32,38,315.5,0.554,11.9,24.9,68.9,659.2,39,50,70.6,False,2,778.8,0
ag-05298,2026-04-13T08:20:00,N-235,seminar,north,lab,65.8,53,35,494.1,0.717,7.2,24.3,64.0,750.8,77,17,61.8,False,2,780.7,0
ag-05299,2026-03-26T15:45:00,E-113,lecture,east,exam,68.1,72,46,953.5,0.836,5.4,21.3,56.1,739.1,80,0,56.8,False,3,903.9,0
ag-05300,2026-04-15T12:30:00,W-236,seminar,west,practice,33.1,23,11,186.4,0.723,11.8,22.9,44.5,452.7,73,12,49.9,False,7,401.2,0
ag-05301,2026-03-21T08:25:00,C-204,coworking,central,exam,31.7,33,32,270.8,0.275,0.7,24.7,58.3,595.5,29,60,67.0,False,4,847.2,0
ag-05302,2026-05-07T18:50:00,E-350,lecture,east,lecture,65.5,60,45,347.8,0.469,15.2,23.4,53.0,809.8,49,48,55.6,True,2,1150.7,1
ag-05303,2026-05-03T08:15:00,S-559,seminar,south,practice,83.8,63,47,385.8,0.476,19.3,24.7,59.3,687.2,1,90,57.4,True,6,754.0,0
ag-05304,2026-03-20T17:25:00,S-164,seminar,south,practice,50.6,36,22,463.2,0.765,-3.8,25.1,54.5,434.8,22,70,60.6,False,4,500.5,0
ag-05305,2026-03-18T16:15:00,W-182,lecture,west,lecture,116.6,99,61,899.5,0.58,8.4,24.9,51.1,881.5,68,13,67.0,False,7,1162.5,1
ag-05306,2026-04-17T08:35:00,S-441,lecture,south,practice,115.9,87,57,703.9,0.499,3.0,23.7,70.9,829.8,20,75,63.6,False,6,1022.7,0
ag-05307,2026-03-21T14:35:00,E-412,coworking,east,lab,54.0,45,29,297.7,0.13,6.3,22.2,65.3,742.8,41,66,49.4,False,7,868.0,0
ag-05308,2026-05-03T17:00:00,N-215,seminar,north,none,55.7,42,21,318.4,0.925,11.9,22.4,61.1,531.2,45,33,52.0,True,6,642.6,0
ag-05309,2026-04-16T10:25:00,E-556,lab,east,practice,43.6,42,29,275.0,0.384,7.9,23.3,55.5,661.2,17,87,57.4,False,6,757.1,0
ag-05310,2026-02-16T17:40:00,N-258,seminar,north,exam,76.4,53,44,393.4,0.216,6.7,23.6,47.0,701.4,0,80,69.6,False,6,790.1,0
ag-05311,2026-03-04T16:00:00,N-103,coworking,north,lecture,57.2,48,44,228.1,0.308,4.8,24.8,59.2,800.7,57,25,54.2,False,7,1033.4,0
ag-05312,2026-03-05T11:25:00,W-363,lecture,west,practice,133.1,126,114,1221.9,0.69,1.2,25.3,69.8,977.3,0,89,60.4,False,1,1517.2,1
ag-05313,2026-04-23T17:25:00,W-404,lab,west,lecture,31.6,24,17,270.7,0.674,10.3,21.6,51.4,561.3,39,48,54.3,False,2,591.4,0
ag-05314,2026-04-27T16:05:00,N-590,seminar,north,none,41.4,31,9,281.2,0.375,17.7,22.3,45.9,588.9,14,71,50.9,False,2,673.5,0
ag-05315,2026-02-10T14:30:00,C-269,lecture,central,lab,120.5,106,93,824.4,0.608,-4.2,23.3,70.4,1105.1,6,86,64.8,False,6,1398.4,1
ag-05316,2026-02-25T09:55:00,E-317,lecture,east,exam,134.1,120,128,1527.4,0.686,-1.0,23.0,68.9,1234.3,35,52,70.0,False,1,1626.4,1
ag-05317,2026-05-07T14:40:00,C-240,seminar,central,lecture,27.0,29,34,294.8,0.643,18.2,25.4,72.0,745.2,71,24,74.5,True,6,936.1,0
ag-05318,2026-03-19T13:30:00,N-462,seminar,north,lecture,52.5,44,34,330.4,0.437,-1.8,26.2,59.9,520.8,0,90,65.4,False,5,580.5,0
ag-05319,2026-03-23T09:45:00,E-596,lecture,east,practice,105.2,90,67,603.2,0.194,11.9,25.2,70.3,868.6,90,6,63.9,False,7,1251.7,1
ag-05320,2026-02-11T17:50:00,S-284,lab,south,none,48.5,43,15,315.1,0.665,-0.3,21.7,48.2,569.8,68,14,50.9,False,6,687.0,0
ag-05321,2026-04-23T12:35:00,S-501,coworking,south,lecture,52.8,49,35,314.2,0.345,14.2,26.0,58.7,562.5,19,82,65.7,False,1,757.2,0
ag-05322,2026-03-12T16:25:00,C-494,seminar,central,lecture,55.4,40,28,302.2,0.477,3.3,26.3,65.6,582.0,28,75,50.8,False,5,562.3,0
ag-05323,2026-03-06T17:15:00,S-223,lab,south,lecture,49.7,43,31,440.7,0.554,2.4,21.7,59.4,668.7,29,64,65.7,False,1,846.7,0
ag-05324,2026-05-07T16:30:00,N-355,lecture,north,lecture,117.4,105,116,388.3,0.068,12.9,23.3,75.4,1292.9,44,50,58.2,True,5,1784.0,1
ag-05325,2026-03-24T17:35:00,W-429,coworking,west,lecture,21.4,20,14,124.4,0.554,3.8,23.4,55.3,543.2,42,40,58.4,True,1,562.8,0
ag-05326,2026-03-01T12:40:00,W-396,lab,west,lecture,41.1,40,21,571.8,1.0,1.8,23.2,70.8,397.1,32,58,51.6,False,1,459.4,0
ag-05327,2026-04-21T09:15:00,C-249,lab,central,lecture,39.0,27,18,146.9,0.404,9.6,23.9,72.7,607.3,30,69,56.9,False,7,682.5,0
ag-05328,2026-02-24T14:10:00,W-202,seminar,west,none,54.9,39,9,367.3,0.484,-5.3,23.7,38.4,459.9,22,63,51.0,False,6,337.3,0
ag-05329,2026-03-09T12:40:00,E-193,lab,east,lecture,36.2,40,16,487.8,0.797,6.9,21.7,51.6,572.4,62,25,49.3,False,6,629.1,0
ag-05330,2026-04-03T10:15:00,N-424,lab,north,lab,57.7,40,30,352.6,0.586,5.3,25.9,55.6,670.5,46,46,63.8,False,5,771.6,0
ag-05331,2026-03-02T15:00:00,C-266,lab,central,exam,44.5,43,49,404.2,0.667,-1.6,26.5,60.9,743.6,45,30,70.8,False,5,846.2,0
ag-05332,2026-04-15T14:10:00,N-454,lab,north,lecture,32.0,26,13,172.0,0.475,14.1,23.0,66.9,486.9,11,76,55.4,False,1,494.1,0
ag-05333,2026-03-14T08:50:00,E-505,lecture,east,practice,76.9,74,63,615.1,0.339,9.6,24.3,47.2,885.5,80,18,66.2,False,7,1203.4,1
ag-05334,2026-03-28T11:15:00,W-199,seminar,west,lab,30.6,26,23,138.7,0.119,11.1,26.4,66.2,716.4,73,19,59.8,False,2,896.9,0
ag-05335,2026-05-14T13:00:00,C-284,lab,central,practice,25.0,19,12,198.8,0.746,12.7,23.9,56.5,480.2,45,52,57.0,True,4,519.4,0
ag-05336,2026-04-21T16:10:00,E-515,lab,east,practice,32.3,33,31,171.1,0.383,5.3,26.4,50.8,697.5,88,0,58.7,False,2,815.2,0
ag-05337,2026-03-16T18:20:00,E-251,lab,east,none,45.9,35,7,201.1,0.444,10.2,21.0,47.5,503.5,68,11,44.4,False,5,565.5,0
ag-05338,2026-03-21T16:25:00,N-194,seminar,north,lecture,29.0,25,18,285.5,0.593,10.1,21.0,61.9,582.2,39,50,51.7,False,7,635.1,0
ag-05339,2026-03-25T16:10:00,E-480,lab,east,none,41.5,43,15,322.7,0.701,6.5,21.2,54.8,459.2,30,52,49.9,False,5,567.5,0
ag-05340,2026-04-10T12:55:00,E-388,seminar,east,lab,86.4,63,34,461.5,0.447,3.1,22.7,59.2,632.2,29,54,54.1,False,6,783.9,0
ag-05341,2026-05-05T14:05:00,N-390,lecture,north,none,80.6,62,27,501.0,0.541,13.9,21.0,41.3,512.7,30,73,47.4,True,5,550.7,0
ag-05342,2026-03-30T10:10:00,E-453,lab,east,practice,47.0,42,14,287.3,0.308,8.2,23.0,51.4,587.0,64,33,49.7,False,2,650.2,0
ag-05343,2026-04-08T12:25:00,E-217,coworking,east,practice,23.9,22,13,176.0,0.427,9.5,24.2,62.9,531.3,55,30,64.5,False,1,590.0,0
ag-05344,2026-04-29T15:05:00,C-225,lecture,central,lab,112.4,110,62,888.4,0.44,18.9,25.4,49.4,915.5,53,31,52.2,False,4,1309.7,1
ag-05345,2026-05-05T08:20:00,W-381,lecture,west,practice,92.7,95,63,758.0,0.643,18.4,23.2,43.8,951.0,27,63,63.7,True,1,1155.1,1
ag-05346,2026-05-06T08:40:00,E-180,seminar,east,lab,53.9,52,44,475.8,0.555,5.4,25.4,61.3,849.6,44,30,55.1,True,1,1040.7,0
ag-05347,2026-03-31T13:45:00,W-480,lab,west,exam,32.0,26,25,172.4,0.416,15.8,24.5,63.8,622.6,90,2,62.0,False,4,789.7,0
ag-05348,2026-02-22T11:55:00,W-520,coworking,west,lab,81.7,65,58,291.4,0.202,11.4,25.9,71.5,813.9,53,54,66.0,False,5,1091.3,1
ag-05349,2026-04-15T09:15:00,N-495,coworking,north,none,46.4,47,11,297.3,0.335,8.3,21.6,49.8,539.1,37,58,57.4,False,3,557.3,0
ag-05350,2026-05-10T16:55:00,S-393,lab,south,practice,32.2,26,18,197.0,0.341,7.6,24.7,54.4,642.3,48,37,60.4,True,5,738.0,0
ag-05351,2026-05-19T12:15:00,N-492,lab,north,lab,41.4,29,16,295.1,0.684,7.0,23.1,37.5,421.6,75,10,52.8,True,3,507.7,0
ag-05352,2026-03-04T10:35:00,S-477,lecture,south,practice,121.7,94,78,490.5,0.445,12.7,26.2,50.5,852.9,40,48,52.8,True,3,1188.3,1
ag-05353,2026-02-11T11:15:00,S-244,lecture,south,lab,112.1,88,61,577.8,0.189,4.2,23.4,72.8,842.3,53,44,48.7,False,4,1253.5,1
ag-05354,2026-03-31T14:35:00,E-447,lab,east,lab,27.9,22,16,131.5,0.402,11.0,22.2,50.4,501.0,35,56,60.4,True,2,488.0,0
ag-05355,2026-04-29T13:45:00,C-502,coworking,central,practice,45.5,32,15,169.9,0.189,7.9,25.1,46.6,438.5,17,85,56.0,False,5,619.9,0
ag-05356,2026-03-11T12:10:00,C-569,lab,central,lecture,22.9,20,14,180.9,0.875,3.9,25.3,54.7,380.0,38,58,63.9,False,7,450.6,0
ag-05357,2026-03-11T14:25:00,E-463,lecture,east,practice,60.7,65,50,682.9,0.722,6.6,21.0,44.8,711.0,30,67,58.8,False,3,909.8,0
ag-05358,2026-04-12T14:00:00,W-264,lab,west,lecture,18.1,20,14,221.5,0.757,9.0,25.3,49.9,386.6,35,64,60.2,False,4,441.3,0
ag-05359,2026-05-15T11:05:00,E-181,lab,east,practice,20.4,19,17,140.6,0.527,11.9,27.6,64.8,456.8,55,21,73.6,True,7,561.4,0
ag-05360,2026-05-05T18:00:00,C-509,coworking,central,lab,56.3,43,36,258.6,0.293,10.4,23.0,50.3,750.8,76,13,67.6,True,3,883.1,0
ag-05361,2026-04-13T16:25:00,N-229,lecture,north,exam,89.5,85,69,920.5,0.565,8.4,24.0,67.9,866.5,84,10,70.3,False,3,1217.7,1
ag-05362,2026-02-10T17:00:00,E-399,lecture,east,practice,134.2,123,85,1088.8,0.536,0.2,25.3,67.3,1197.9,36,64,52.4,False,4,1510.9,1
ag-05363,2026-05-05T08:10:00,C-110,seminar,central,lab,45.9,35,31,217.3,0.399,22.0,23.4,62.9,750.9,71,20,52.4,True,4,884.7,0
ag-05364,2026-03-01T09:15:00,E-201,seminar,east,none,54.8,53,8,437.5,0.391,-1.3,21.8,45.5,513.3,29,60,40.6,False,2,448.5,0
ag-05365,2026-05-06T12:05:00,W-372,lab,west,none,31.7,29,4,191.2,0.629,18.6,21.8,39.0,380.0,0,87,41.9,True,4,498.4,0
ag-05366,2026-04-24T10:40:00,W-339,lecture,west,exam,153.0,116,131,981.1,0.35,13.5,23.7,70.0,1481.4,90,19,64.9,False,6,2072.0,1
ag-05367,2026-02-14T17:20:00,E-486,lecture,east,practice,77.5,65,43,581.6,0.366,2.7,21.8,68.2,760.2,26,50,66.2,False,4,936.6,0
ag-05368,2026-04-22T13:50:00,S-501,lab,south,lecture,38.7,35,22,215.6,0.407,19.8,24.6,64.3,493.3,0,90,58.1,False,1,625.8,0
ag-05369,2026-05-06T16:50:00,C-214,lab,central,practice,56.4,44,43,372.4,0.662,3.9,22.4,57.8,720.4,46,50,64.5,True,2,845.1,0
ag-05370,2026-03-13T10:05:00,W-176,lab,west,exam,38.2,31,30,215.1,0.539,12.6,24.6,65.3,691.2,43,26,61.8,False,7,708.6,0
ag-05371,2026-04-10T17:25:00,W-441,lab,west,practice,36.9,38,34,265.4,0.414,25.2,25.7,75.1,662.4,41,43,57.8,True,7,843.7,0
ag-05372,2026-03-20T12:35:00,E-303,lab,east,none,48.5,34,9,230.9,0.764,3.7,23.3,36.4,591.4,46,38,56.9,False,1,628.3,0
ag-05373,2026-05-18T17:45:00,C-476,lab,central,exam,57.0,42,35,362.6,0.736,13.9,24.3,56.6,588.8,90,0,66.4,True,5,583.3,0
ag-05374,2026-02-10T10:15:00,S-297,lab,south,lab,45.1,34,26,419.6,0.954,-2.1,22.8,78.1,543.1,35,63,66.7,False,6,543.0,0
ag-05375,2026-04-16T17:25:00,S-369,coworking,south,lecture,55.8,60,32,457.3,0.505,8.3,21.4,53.5,591.0,0,88,59.4,False,5,760.2,0
ag-05376,2026-05-15T08:45:00,C-249,seminar,central,practice,70.6,59,46,572.3,0.735,15.7,24.0,55.1,773.9,54,36,59.1,True,7,921.3,0
ag-05377,2026-03-02T15:30:00,C-379,lab,central,exam,32.7,30,31,253.3,0.581,10.0,24.3,63.3,609.5,49,53,65.8,False,7,851.5,0
ag-05378,2026-03-30T12:00:00,S-458,lab,south,none,57.5,42,7,221.9,0.489,-2.5,20.9,55.3,561.4,33,57,43.6,False,1,480.6,0
ag-05379,2026-03-17T18:45:00,S-518,coworking,south,none,70.2,60,9,564.3,0.567,6.2,19.1,58.1,508.7,45,58,43.5,False,3,558.7,0
ag-05380,2026-02-10T15:20:00,E-572,seminar,east,lecture,62.0,64,48,544.3,0.917,4.1,24.0,61.5,739.9,29,45,61.3,False,4,812.6,0
ag-05381,2026-02-23T13:45:00,C-529,lecture,central,practice,140.2,102,32,499.5,0.204,-3.2,22.9,48.1,617.0,44,53,50.3,False,2,788.4,0
ag-05382,2026-03-17T09:00:00,E-106,seminar,east,lecture,50.0,37,27,370.2,0.557,1.4,20.9,51.5,564.7,18,78,63.8,False,6,711.7,0
ag-05383,2026-05-12T11:20:00,C-352,lecture,central,practice,108.8,110,70,646.0,0.404,18.9,24.8,56.5,837.6,37,54,60.0,True,3,1047.0,0
ag-05384,2026-02-23T08:55:00,S-369,lecture,south,lab,102.2,110,86,848.6,0.363,-2.8,25.7,51.7,1068.6,79,20,59.1,False,6,1445.4,1
ag-05385,2026-04-20T18:20:00,W-460,seminar,west,lecture,20.3,20,16,216.0,0.689,11.3,23.1,52.7,539.7,26,81,61.0,False,5,676.1,0
ag-05386,2026-04-16T15:55:00,E-120,lab,east,exam,51.4,39,38,271.2,0.205,11.6,25.5,59.5,689.0,51,29,71.4,False,5,863.8,0
ag-05387,2026-03-11T09:20:00,E-511,seminar,east,lecture,30.3,32,26,108.0,0.096,0.6,24.4,62.5,468.3,17,82,58.4,False,6,600.5,0
ag-05388,2026-03-24T11:40:00,C-183,lecture,central,lecture,122.9,93,53,837.8,0.461,10.2,23.6,44.4,632.3,0,86,59.5,False,3,753.0,0
ag-05389,2026-02-13T12:55:00,W-394,coworking,west,lecture,76.6,65,35,601.9,0.562,3.9,22.6,67.2,504.6,3,90,58.4,False,3,569.2,0
ag-05390,2026-03-20T18:10:00,W-560,lecture,west,lecture,101.2,70,53,459.3,0.666,1.3,25.6,58.9,659.0,36,51,58.4,True,4,907.4,0
ag-05391,2026-05-10T08:20:00,S-543,seminar,south,practice,54.7,58,45,326.2,0.253,12.0,23.5,52.7,872.2,73,11,56.2,True,5,1050.0,0
ag-05392,2026-02-25T09:20:00,C-274,lab,central,practice,39.4,28,25,308.6,0.664,-4.2,24.5,50.7,649.5,59,29,69.4,False,1,739.4,0
ag-05393,2026-05-02T17:10:00,S-319,lecture,south,practice,131.2,93,50,752.2,0.304,22.4,23.1,66.9,845.7,62,18,51.9,True,2,959.8,0
ag-05394,2026-03-05T08:20:00,N-120,seminar,north,practice,34.5,29,12,386.2,0.798,-1.6,21.2,64.6,411.1,35,61,56.2,False,5,388.5,0
ag-05395,2026-04-20T15:00:00,N-381,seminar,north,lab,41.8,36,28,182.9,0.254,11.7,23.4,45.3,574.6,0,90,61.0,False,6,728.8,0
ag-05396,2026-05-07T17:30:00,E-509,lecture,east,lecture,65.5,67,59,461.8,0.631,10.8,23.1,47.6,889.3,66,20,72.3,True,6,1245.3,1
ag-05397,2026-03-15T16:00:00,S-317,lecture,south,none,138.1,122,51,1326.1,0.526,5.4,23.7,60.6,648.7,51,46,57.6,False,5,782.3,0
ag-05398,2026-03-05T11:05:00,N-327,lecture,north,exam,114.7,94,88,571.7,0.654,1.5,23.6,71.4,1173.1,62,29,60.5,False,3,1500.1,1
ag-05399,2026-04-27T11:25:00,E-565,lab,east,practice,48.8,38,22,533.5,0.795,16.6,22.4,57.5,380.0,38,48,53.2,False,1,380.8,0
ag-05400,2026-03-26T17:05:00,E-107,seminar,east,lab,41.4,37,25,498.8,0.85,11.6,21.3,53.8,518.7,28,73,64.9,False,4,649.0,0
ag-05401,2026-04-25T12:40:00,S-503,coworking,south,practice,74.8,77,55,452.5,0.537,4.4,24.7,62.7,797.6,39,56,63.3,False,7,1048.2,0
ag-05402,2026-05-04T14:50:00,E-581,lecture,east,practice,131.6,119,94,1358.9,0.937,13.2,24.8,71.0,745.0,27,58,58.7,True,2,1233.3,1
ag-05403,2026-03-14T16:50:00,E-584,lab,east,lab,47.1,40,35,585.7,0.926,3.8,22.9,65.8,653.4,41,45,62.8,False,7,684.2,0
ag-05404,2026-03-04T12:05:00,N-312,seminar,north,practice,33.7,33,10,445.5,0.757,11.8,21.9,41.6,560.2,90,0,53.6,False,1,619.1,0
ag-05405,2026-02-16T09:20:00,W-115,lecture,west,practice,108.4,81,76,320.3,0.1,1.4,23.5,53.9,956.0,52,42,75.6,False,1,1174.2,1
ag-05406,2026-03-16T11:05:00,E-112,lecture,east,lab,176.7,123,111,682.4,0.236,3.7,23.8,59.7,1361.4,45,42,68.6,False,1,1896.3,1
ag-05407,2026-02-17T16:05:00,S-463,seminar,south,lecture,33.0,25,17,193.1,0.752,1.9,24.1,52.9,587.7,44,58,53.2,True,4,655.5,0
ag-05408,2026-04-09T13:05:00,S-191,seminar,south,lab,55.1,40,31,312.2,0.455,3.0,22.5,62.5,712.2,89,4,59.4,True,6,857.4,0
ag-05409,2026-03-24T08:50:00,C-565,seminar,central,practice,51.1,38,26,407.8,0.705,13.4,22.5,51.1,493.3,76,29,64.2,False,7,743.3,0
ag-05410,2026-03-19T13:55:00,E-438,lecture,east,lecture,114.7,108,67,812.0,0.47,17.2,25.5,50.7,923.8,19,80,64.8,False,2,1297.1,1
ag-05411,2026-04-19T10:25:00,N-447,coworking,north,practice,58.5,48,45,308.9,0.487,5.0,26.2,63.2,659.3,38,37,67.7,False,5,848.9,0
ag-05412,2026-04-19T14:15:00,N-121,lecture,north,lab,62.3,55,37,341.2,0.243,16.8,23.8,56.2,593.3,5,85,61.2,False,1,752.4,0
ag-05413,2026-03-28T10:20:00,W-477,coworking,west,practice,85.6,76,44,770.8,0.871,4.8,22.5,57.0,678.2,44,50,59.6,False,5,917.5,0
ag-05414,2026-03-06T16:45:00,S-354,lab,south,practice,30.8,29,23,161.3,0.507,4.7,25.2,66.6,580.7,51,40,57.3,False,5,716.4,0
ag-05415,2026-05-09T11:30:00,S-138,lecture,south,lecture,98.3,104,64,975.4,0.384,12.3,25.1,34.5,814.4,25,49,58.5,True,2,1148.4,1
ag-05416,2026-04-23T17:35:00,W-141,seminar,west,none,55.4,51,1,352.7,0.157,14.5,20.4,37.4,381.4,29,64,38.5,True,3,395.2,0
ag-05417,2026-02-12T14:50:00,W-391,lecture,west,practice,106.3,86,68,823.9,0.663,-6.2,24.4,48.6,764.6,20,60,61.7,True,2,1201.9,1
ag-05418,2026-05-04T15:00:00,E-588,lab,east,lecture,35.5,27,23,223.4,0.607,16.6,21.8,61.3,553.6,20,64,54.8,True,7,710.2,0
ag-05419,2026-05-11T18:25:00,C-504,lecture,central,exam,140.9,127,103,693.5,0.493,16.1,24.2,62.7,1032.2,56,41,63.2,True,6,1415.7,1
ag-05420,2026-03-04T18:50:00,E-248,seminar,east,practice,81.0,59,35,246.2,0.113,1.8,24.2,55.4,745.5,78,19,51.6,False,7,982.7,0
ag-05421,2026-03-20T18:05:00,N-390,seminar,north,lab,30.7,30,19,300.6,0.464,-4.4,22.8,62.9,612.0,73,6,52.2,False,7,593.9,0
ag-05422,2026-04-28T15:40:00,S-119,lab,south,practice,60.3,42,28,327.3,0.228,18.8,24.5,50.2,676.5,49,43,59.2,False,6,838.6,0
ag-05423,2026-05-04T17:10:00,N-310,lab,north,practice,27.2,30,25,332.4,0.545,17.2,23.9,55.9,685.1,90,1,59.3,True,2,723.7,0
ag-05424,2026-03-24T16:35:00,W-457,lab,west,lecture,62.1,43,33,333.2,0.468,9.5,24.8,66.5,734.8,79,13,60.6,False,4,852.1,0
ag-05425,2026-03-07T15:05:00,E-257,lecture,east,lab,151.8,114,77,792.0,0.622,-0.1,23.8,54.0,865.5,81,14,42.7,False,1,1098.6,0
ag-05426,2026-05-05T10:40:00,N-186,lab,north,lecture,23.7,20,13,139.8,0.225,16.6,21.0,52.5,545.0,45,49,60.4,True,2,636.0,0
ag-05427,2026-03-08T16:15:00,W-214,seminar,west,practice,54.3,42,33,391.5,0.656,2.5,23.4,65.5,581.5,33,51,58.5,False,5,726.1,0
ag-05428,2026-04-09T13:05:00,E-555,lecture,east,practice,68.3,73,58,748.4,0.607,10.4,22.8,52.1,851.7,50,29,60.9,False,5,1201.4,1
ag-05429,2026-05-13T18:55:00,E-591,seminar,east,exam,41.8,34,40,278.2,0.323,29.4,25.0,66.8,633.5,0,90,73.6,True,3,793.9,0
ag-05430,2026-02-11T16:50:00,W-531,lab,west,practice,61.5,44,31,189.5,0.275,-1.5,23.2,53.9,616.6,47,41,59.6,False,1,786.9,0
ag-05431,2026-03-05T14:05:00,C-363,lecture,central,exam,109.2,92,71,865.6,0.377,-0.8,24.4,55.8,962.9,90,0,61.8,False,2,1117.5,1
ag-05432,2026-05-16T14:50:00,C-426,lecture,central,exam,84.2,83,90,1121.3,0.962,16.8,25.3,71.7,762.5,85,9,70.0,True,5,1076.9,0
ag-05433,2026-03-13T13:55:00,N-335,coworking,north,none,65.0,59,7,480.5,0.513,1.6,23.4,39.1,430.0,0,90,47.7,False,1,392.9,0
ag-05434,2026-05-11T12:30:00,E-526,lecture,east,none,76.5,80,25,726.9,0.588,13.9,20.3,43.8,654.8,29,64,44.1,True,2,695.8,0
ag-05435,2026-04-13T09:30:00,S-380,lecture,south,practice,100.3,73,66,421.0,0.27,8.2,21.6,57.5,877.3,30,63,51.2,False,6,1298.7,1
ag-05436,2026-04-15T16:30:00,S-579,lecture,south,none,154.2,129,32,987.5,0.708,22.6,23.8,41.4,596.0,51,53,48.4,False,7,789.4,0
ag-05437,2026-03-24T17:10:00,C-481,seminar,central,lab,28.5,30,21,188.2,0.206,5.5,25.2,52.6,551.5,0,81,67.0,False,2,634.7,0
ag-05438,2026-04-11T16:45:00,N-259,seminar,north,none,50.5,48,13,204.4,0.241,8.5,23.3,54.1,715.3,90,6,56.7,False,1,817.6,0
ag-05439,2026-02-10T15:00:00,C-323,seminar,central,lab,25.0,27,20,166.4,0.525,-6.9,22.8,46.1,519.1,26,65,54.2,False,3,585.6,0
ag-05440,2026-04-23T15:35:00,W-268,lecture,west,lab,65.9,58,51,377.6,0.539,13.2,24.4,62.9,852.9,90,12,64.7,False,2,1107.4,1
ag-05441,2026-02-19T13:25:00,N-302,coworking,north,lab,46.2,47,42,276.3,0.449,-5.8,25.3,57.4,895.4,63,20,66.0,False,5,1025.1,0
ag-05442,2026-05-13T09:15:00,C-154,coworking,central,lecture,55.2,56,46,536.3,0.843,20.3,23.5,63.6,645.6,5,90,62.6,True,4,951.0,0
ag-05443,2026-04-21T12:55:00,W-144,lecture,west,none,129.7,114,38,1167.0,0.562,16.8,23.2,51.0,866.8,90,0,49.9,False,6,897.1,0
ag-05444,2026-05-14T11:40:00,N-159,lab,north,lecture,24.8,18,18,122.9,0.452,15.2,23.6,65.4,458.6,25,66,70.8,True,7,496.8,0
ag-05445,2026-05-15T16:00:00,C-410,lecture,central,none,88.5,79,25,520.6,0.217,11.8,22.7,43.3,570.6,0,90,50.4,True,5,606.8,0
ag-05446,2026-03-09T10:20:00,S-121,coworking,south,practice,89.7,62,25,433.7,0.705,9.9,22.9,44.6,645.9,71,26,56.6,False,5,824.4,0
ag-05447,2026-05-15T15:50:00,E-149,seminar,east,none,47.9,45,21,432.4,0.632,17.6,23.7,59.7,592.4,12,84,57.1,True,7,684.6,0
ag-05448,2026-05-11T09:30:00,C-524,lab,central,lecture,18.0,19,16,214.5,0.602,5.9,25.0,41.7,459.7,49,44,65.7,True,6,660.8,0
ag-05449,2026-04-06T18:35:00,N-551,seminar,north,lecture,24.2,24,20,219.9,0.745,14.3,22.4,66.0,423.3,47,30,64.4,False,2,468.7,0
ag-05450,2026-02-22T18:25:00,E-430,lecture,east,lecture,134.5,108,99,579.0,0.289,3.9,24.2,64.0,1185.3,90,3,64.9,False,4,1384.4,1
ag-05451,2026-02-14T18:15:00,S-187,lab,south,lecture,36.7,33,29,326.7,0.756,1.4,22.3,53.7,642.2,44,57,60.5,True,7,737.0,0
ag-05452,2026-05-09T13:45:00,C-233,lab,central,exam,19.6,18,14,120.3,0.58,14.6,24.9,68.5,380.0,0,78,61.5,True,2,491.3,0
ag-05453,2026-04-30T13:00:00,S-470,coworking,south,lecture,28.4,23,19,109.0,0.152,12.2,22.9,61.0,631.2,87,3,61.7,False,6,663.8,0
ag-05454,2026-05-06T12:55:00,C-256,seminar,central,exam,23.8,20,21,159.6,0.354,14.8,25.5,59.8,579.5,0,83,79.9,True,1,592.7,0
ag-05455,2026-04-13T13:00:00,C-301,seminar,central,none,61.1,48,17,324.9,0.744,10.1,25.3,45.5,380.0,15,78,47.1,False,1,538.2,0
ag-05456,2026-02-26T14:55:00,S-452,seminar,south,practice,49.1,44,39,248.1,0.485,-0.2,22.5,67.6,757.9,58,47,64.4,False,2,1052.2,0
ag-05457,2026-05-11T10:10:00,W-266,seminar,west,none,20.7,20,2,92.2,0.3,8.1,22.2,30.0,380.3,23,71,39.8,True,7,493.6,0
ag-05458,2026-02-27T11:50:00,W-415,lecture,west,exam,60.7,66,67,560.3,0.634,6.5,25.2,52.5,677.1,0,90,61.7,False,6,1047.1,0
ag-05459,2026-04-11T16:40:00,W-475,lecture,west,practice,99.0,109,72,935.1,0.73,7.8,24.3,59.0,1017.2,71,16,56.2,False,4,1289.9,1
ag-05460,2026-03-24T11:50:00,E-244,lecture,east,practice,119.4,122,89,1167.9,0.516,10.4,21.3,60.9,1038.9,31,57,54.3,True,3,1349.9,1
ag-05461,2026-03-08T09:40:00,S-568,coworking,south,lecture,91.9,74,57,971.0,0.7,10.7,25.0,75.9,838.7,70,20,61.1,False,1,1086.0,0
ag-05462,2026-02-22T14:10:00,N-471,coworking,north,lab,77.2,60,55,327.2,0.386,13.0,22.8,59.3,749.5,61,35,74.6,False,2,979.0,0
ag-05463,2026-03-24T12:10:00,W-450,seminar,west,practice,59.8,55,29,373.1,0.445,9.5,24.0,72.6,782.7,90,4,54.4,False,4,914.0,0
ag-05464,2026-02-20T16:10:00,C-511,coworking,central,lecture,74.3,68,51,261.9,0.095,-3.6,27.2,80.9,733.6,19,70,64.2,False,4,821.1,0
ag-05465,2026-04-09T08:30:00,W-431,seminar,west,practice,40.3,34,30,174.1,0.433,8.2,23.7,58.7,640.3,29,67,57.4,False,2,794.4,0
ag-05466,2026-04-13T15:55:00,E-545,seminar,east,lecture,52.9,37,27,308.4,0.525,23.7,24.3,49.8,528.1,55,35,58.0,False,7,614.0,0
ag-05467,2026-05-11T10:20:00,N-161,coworking,north,practice,70.5,76,44,479.4,0.66,13.4,22.7,49.0,677.0,30,56,56.0,True,2,658.9,0
ag-05468,2026-03-09T14:45:00,N-530,seminar,north,lab,27.0,29,22,272.6,0.388,-5.1,23.3,54.6,531.9,36,53,60.9,True,6,696.5,0
ag-05469,2026-02-21T17:20:00,W-259,lab,west,lecture,26.0,24,12,244.4,0.569,6.3,23.2,53.2,448.0,48,36,52.1,False,5,546.3,0
ag-05470,2026-04-23T15:50:00,C-455,seminar,central,lecture,50.4,35,27,427.8,0.659,10.0,23.3,61.6,622.0,23,77,64.5,False,6,682.8,0
ag-05471,2026-02-14T12:00:00,C-367,seminar,central,lecture,57.5,40,36,252.0,0.372,-5.8,25.6,58.7,636.4,0,87,62.3,False,3,787.7,0
ag-05472,2026-05-04T10:15:00,W-121,coworking,west,lecture,26.6,25,22,248.1,0.615,12.5,25.6,71.1,522.4,45,33,69.1,True,1,602.5,0
ag-05473,2026-05-04T18:55:00,S-344,lecture,south,lecture,119.1,123,135,889.5,0.297,17.6,26.9,66.4,1206.8,55,33,63.8,True,1,1893.9,1
ag-05474,2026-03-24T15:05:00,S-182,coworking,south,practice,97.5,76,32,574.1,0.68,17.7,24.8,58.5,504.0,39,51,52.4,False,4,550.0,0
ag-05475,2026-02-20T16:25:00,W-271,lecture,west,lecture,129.0,129,70,715.6,0.272,7.8,21.2,50.2,1020.0,53,41,50.2,False,3,1331.8,1
ag-05476,2026-03-22T16:05:00,S-350,lecture,south,exam,86.6,84,74,577.5,0.376,3.0,28.1,46.8,888.1,33,65,62.7,False,4,1150.2,1
ag-05477,2026-04-11T11:20:00,S-226,coworking,south,none,30.4,23,6,205.7,0.71,9.1,22.0,57.0,526.2,63,19,45.8,False,7,760.0,0
ag-05478,2026-05-10T13:05:00,C-515,lecture,central,lecture,74.1,58,47,368.5,0.466,19.3,22.9,64.2,791.1,51,29,56.8,True,3,946.1,0
ag-05479,2026-04-21T08:25:00,N-489,lecture,north,lab,60.9,56,40,433.3,0.497,0.1,22.5,60.0,593.5,83,19,60.6,False,2,873.9,0
ag-05480,2026-02-10T14:10:00,W-467,seminar,west,lecture,63.6,46,33,331.7,0.28,3.7,24.7,62.8,680.9,18,79,61.5,False,7,865.9,0
ag-05481,2026-03-21T13:10:00,S-108,lecture,south,lecture,123.1,87,44,757.4,0.789,10.3,20.1,63.0,605.4,90,1,51.5,False,3,572.2,0
ag-05482,2026-03-06T16:30:00,W-390,lab,west,none,50.6,40,2,370.0,0.977,-3.0,21.5,48.5,380.0,33,69,50.6,False,7,327.7,0
ag-05483,2026-05-05T16:05:00,C-264,lecture,central,none,96.6,85,21,576.9,0.585,10.5,23.1,54.0,590.2,54,25,49.9,True,3,625.2,0
ag-05484,2026-05-15T11:55:00,E-309,lecture,east,practice,80.2,71,71,698.2,0.536,16.3,25.0,57.1,854.2,27,63,58.6,True,6,1128.4,1
ag-05485,2026-05-06T08:00:00,N-343,lab,north,practice,36.2,26,29,199.2,0.555,6.6,23.8,64.8,709.7,90,0,72.1,True,3,904.7,0
ag-05486,2026-04-05T11:50:00,C-485,seminar,central,exam,68.5,52,54,479.5,0.547,11.9,22.7,72.6,725.4,64,34,59.1,False,1,952.4,0
ag-05487,2026-04-15T11:45:00,C-527,seminar,central,practice,51.3,45,26,375.1,0.388,16.1,23.2,64.6,599.0,17,83,56.1,False,2,704.7,0
ag-05488,2026-04-22T11:15:00,W-345,seminar,west,practice,44.8,34,25,278.2,0.73,15.9,27.5,65.0,768.4,74,23,67.8,False,2,783.2,0
ag-05489,2026-04-15T17:25:00,W-170,lecture,west,lecture,128.9,97,69,873.7,0.347,12.8,22.5,49.9,909.6,48,35,67.0,False,3,1173.4,1
ag-05490,2026-05-03T16:05:00,E-431,lecture,east,none,108.3,115,59,1303.7,0.794,10.5,22.4,63.5,759.8,41,45,57.9,True,7,1001.8,0
ag-05491,2026-03-11T12:55:00,E-545,lecture,east,exam,103.8,80,79,475.0,0.172,1.9,25.4,55.3,1007.5,52,48,66.7,False,5,1279.9,1
ag-05492,2026-02-17T15:55:00,E-534,lecture,east,lecture,112.8,85,61,732.6,0.418,9.1,24.0,52.2,695.8,27,69,60.4,False,7,939.6,0
ag-05493,2026-03-22T08:40:00,N-152,seminar,north,practice,37.6,28,19,325.7,0.761,1.8,22.7,53.9,639.6,67,35,65.5,False,6,785.9,0
ag-05494,2026-05-14T09:45:00,C-529,lab,central,lecture,30.5,25,17,230.6,0.952,18.1,21.1,61.4,491.2,33,64,49.8,True,7,635.7,0
ag-05495,2026-03-26T10:40:00,N-591,lecture,north,practice,100.1,71,42,546.4,0.382,12.7,25.4,55.1,619.3,19,71,50.9,False,5,799.7,0
ag-05496,2026-03-18T16:10:00,E-150,coworking,east,practice,71.3,69,23,342.0,0.369,9.6,23.4,60.6,562.2,41,52,48.6,False,2,655.2,0
ag-05497,2026-02-13T18:15:00,C-329,lab,central,practice,33.0,23,22,180.1,0.682,0.1,25.5,62.2,442.0,4,90,63.8,False,2,527.5,0
ag-05498,2026-04-07T18:20:00,S-387,lecture,south,exam,112.6,96,82,743.3,0.422,3.9,25.8,50.9,901.5,23,65,66.9,False,1,1169.7,1
ag-05499,2026-05-03T09:45:00,W-283,coworking,west,lecture,73.8,63,61,643.6,0.517,16.3,24.3,62.0,843.1,56,36,59.2,True,7,1107.9,1
ag-05500,2026-04-07T11:55:00,W-152,seminar,west,lecture,24.7,24,17,106.9,0.182,6.3,22.1,67.3,588.7,30,54,65.3,True,7,670.0,0
ag-05501,2026-03-24T17:10:00,N-446,lecture,north,lecture,132.3,103,69,522.1,0.154,7.8,24.6,69.0,931.2,28,64,56.9,False,7,1223.1,1
ag-05502,2026-04-17T17:35:00,C-560,lecture,central,lab,145.0,108,119,561.4,0.161,15.0,24.8,67.0,1311.7,20,70,73.1,True,5,1641.8,1
ag-05503,2026-02-27T17:05:00,E-265,seminar,east,none,76.7,53,12,616.6,0.766,4.3,22.1,54.6,473.1,34,62,44.1,False,1,574.0,0
ag-05504,2026-02-24T17:05:00,E-302,lecture,east,practice,103.9,88,86,934.6,0.589,1.6,25.6,62.7,1167.8,33,47,65.9,False,4,1563.9,1
ag-05505,2026-05-05T10:10:00,N-504,lecture,north,lecture,98.2,73,67,487.9,0.495,19.5,24.0,66.2,742.2,21,73,59.8,True,1,1037.5,0
ag-05506,2026-04-29T11:40:00,C-166,lecture,central,lecture,95.6,89,80,677.2,0.371,8.0,23.6,55.1,1040.8,28,64,65.4,False,3,1364.5,1
ag-05507,2026-05-12T14:35:00,E-131,lab,east,practice,46.9,36,28,305.0,0.349,19.8,22.5,63.9,695.0,85,13,62.7,True,4,925.5,0
ag-05508,2026-02-24T16:50:00,E-328,lecture,east,lecture,128.6,101,93,747.8,0.271,-1.8,25.5,59.6,1195.8,36,46,64.9,True,7,1522.3,1
ag-05509,2026-05-05T17:55:00,N-469,seminar,north,lecture,35.1,27,23,256.4,0.513,19.0,24.2,60.7,638.7,22,69,56.7,True,7,692.9,0
ag-05510,2026-04-11T16:25:00,N-216,lecture,north,lecture,134.4,113,102,824.9,0.3,7.0,20.8,60.8,1229.8,39,44,69.8,False,7,1455.8,1
ag-05511,2026-04-22T15:40:00,S-327,lab,south,none,23.1,19,6,187.9,0.492,10.8,23.0,42.1,462.1,15,82,60.1,False,1,489.3,0
ag-05512,2026-04-18T11:10:00,W-572,lecture,west,lab,103.9,82,53,610.1,0.599,10.5,25.9,57.1,606.1,0,90,59.2,False,2,843.5,0
ag-05513,2026-04-07T13:35:00,S-487,seminar,south,exam,19.1,20,14,197.6,0.452,10.7,23.7,57.5,575.7,16,69,47.3,False,4,705.8,0
ag-05514,2026-02-19T18:25:00,W-550,lecture,west,practice,98.2,73,55,462.0,0.335,3.2,22.8,44.4,1008.0,42,42,55.5,True,1,1200.6,1
ag-05515,2026-04-14T09:05:00,W-372,lecture,west,lecture,83.4,70,51,456.4,0.515,15.4,24.2,53.9,853.7,70,20,64.2,False,6,959.5,0
ag-05516,2026-03-29T18:50:00,S-365,seminar,south,lecture,58.7,43,33,433.1,0.425,9.4,23.2,49.9,743.9,47,38,57.7,True,5,868.6,0
ag-05517,2026-02-11T13:40:00,N-423,lecture,north,lecture,153.7,109,54,1082.2,0.464,1.8,26.5,44.1,662.8,0,81,57.4,False,4,811.8,0
ag-05518,2026-03-18T13:25:00,W-372,coworking,west,practice,70.8,54,39,331.3,0.301,12.9,20.3,49.1,705.2,25,68,54.2,False,6,921.7,0
ag-05519,2026-03-12T15:50:00,N-236,lab,north,practice,51.2,44,32,359.6,0.729,7.1,23.2,46.8,621.2,61,24,62.1,False,7,702.1,0
ag-05520,2026-04-08T16:35:00,E-331,seminar,east,practice,76.6,57,26,673.7,0.743,6.6,23.5,57.6,679.7,90,10,51.9,False,2,815.4,0
ag-05521,2026-03-09T11:30:00,C-159,lecture,central,lab,65.3,58,44,408.0,0.323,-3.4,25.5,64.7,717.2,64,15,53.0,False,2,1015.7,1
ag-05522,2026-02-21T08:00:00,W-113,coworking,west,lecture,72.6,70,42,556.7,0.662,-10.3,23.3,64.6,608.9,32,55,57.7,False,4,748.5,0
ag-05523,2026-03-06T18:55:00,E-394,lecture,east,none,82.7,77,19,566.4,0.469,-2.4,22.1,29.3,615.9,38,43,50.7,False,1,620.7,0
ag-05524,2026-02-12T18:40:00,C-111,lecture,central,practice,96.8,71,20,891.1,0.688,1.3,22.0,36.0,473.4,32,43,49.6,True,7,490.9,0
ag-05525,2026-03-25T09:00:00,W-514,coworking,west,lab,64.2,66,39,701.3,0.655,-5.5,24.1,49.6,642.2,69,27,62.3,False,3,987.6,0
ag-05526,2026-02-25T16:40:00,N-392,lecture,north,practice,93.5,83,42,842.0,0.758,3.6,21.2,63.7,704.8,63,35,62.9,False,3,929.6,0
ag-05527,2026-04-24T13:40:00,N-479,lecture,north,practice,81.4,61,39,853.7,0.821,14.0,23.8,61.6,839.6,47,43,64.4,False,7,1037.5,0
ag-05528,2026-04-08T14:40:00,E-523,lecture,east,none,119.3,121,29,1391.1,0.642,15.5,22.5,44.5,630.4,28,64,47.2,False,4,741.4,0
ag-05529,2026-04-27T13:50:00,E-231,coworking,east,lab,33.6,29,14,152.4,0.179,23.8,25.6,52.5,545.8,16,85,58.7,False,7,510.1,0
ag-05530,2026-02-19T18:40:00,E-328,seminar,east,lab,59.6,44,23,425.3,0.375,-5.4,25.3,46.9,463.5,28,53,49.2,False,3,484.4,0
ag-05531,2026-04-15T16:55:00,S-248,lab,south,none,43.6,37,5,374.3,0.86,16.7,20.7,56.9,380.0,50,42,47.6,False,4,386.1,0
ag-05532,2026-03-14T09:45:00,C-109,seminar,central,lecture,64.5,50,40,422.6,0.579,13.2,24.6,59.7,695.8,53,35,67.1,False,6,960.4,0
ag-05533,2026-04-19T13:10:00,N-280,coworking,north,practice,52.7,40,15,226.2,0.214,5.6,24.0,44.7,509.8,59,45,47.1,False,1,542.6,0
ag-05534,2026-03-16T14:40:00,E-259,seminar,east,practice,60.7,62,39,328.7,0.243,10.8,23.7,55.1,713.5,45,38,66.0,False,4,913.0,0
ag-05535,2026-05-18T08:15:00,W-236,lecture,west,lab,138.8,126,104,1392.3,0.696,6.9,22.6,60.7,1213.7,55,41,64.1,True,2,1578.1,1
ag-05536,2026-04-09T18:50:00,S-188,lab,south,practice,37.9,36,14,276.7,0.523,14.7,21.9,58.9,414.3,24,67,43.8,False,5,481.5,0
ag-05537,2026-03-06T17:45:00,W-102,coworking,west,lab,42.5,38,30,370.8,0.762,6.6,23.3,38.8,608.2,78,3,65.9,False,2,716.6,0
ag-05538,2026-04-09T14:00:00,N-230,seminar,north,practice,69.4,55,49,547.6,0.471,4.6,23.5,67.8,868.5,43,52,62.6,True,1,1058.8,0
ag-05539,2026-04-11T11:10:00,W-568,lecture,west,lecture,97.6,71,53,483.1,0.707,3.1,20.2,60.9,731.3,32,51,63.5,False,2,951.2,0
ag-05540,2026-05-15T14:05:00,C-130,coworking,central,none,49.7,36,13,221.7,0.238,21.1,20.9,36.1,582.8,72,15,55.7,True,7,657.5,0
ag-05541,2026-03-31T10:25:00,E-356,lecture,east,lab,75.9,72,54,454.2,0.279,7.5,24.2,48.6,785.5,58,24,69.4,False,7,985.3,0
ag-05542,2026-03-11T17:50:00,N-276,lecture,north,lecture,139.3,127,124,635.9,0.451,-1.4,26.5,68.7,1296.1,77,11,57.3,False,2,1726.5,1
ag-05543,2026-04-14T15:15:00,C-264,lecture,central,lecture,114.5,124,90,1207.0,0.52,13.1,24.3,54.5,991.8,0,86,62.8,False,3,1286.9,1
ag-05544,2026-04-15T10:35:00,E-331,seminar,east,lab,82.9,64,47,391.0,0.183,15.9,24.9,57.8,940.9,76,22,52.2,False,2,1162.0,1
ag-05545,2026-03-27T10:00:00,E-588,lecture,east,practice,139.9,103,68,1200.7,0.737,8.7,22.6,57.6,831.5,79,13,57.7,False,6,1056.4,0
ag-05546,2026-04-24T13:50:00,N-384,lecture,north,exam,88.3,66,63,635.7,0.557,6.6,24.0,59.1,882.2,76,7,61.6,False,6,1126.7,1
ag-05547,2026-02-15T13:45:00,W-103,lab,west,lecture,35.6,33,19,220.3,0.629,-6.3,23.6,40.4,585.4,57,35,48.3,True,7,798.1,0
ag-05548,2026-02-28T09:55:00,W-138,seminar,west,lecture,57.6,45,17,379.0,0.716,5.6,23.6,53.8,439.0,21,72,62.6,False,2,686.4,0
ag-05549,2026-03-21T14:00:00,N-195,lecture,north,practice,73.6,60,29,517.7,0.456,14.6,20.1,53.9,525.0,53,36,45.8,False,3,620.2,0
ag-05550,2026-05-04T16:55:00,W-316,coworking,west,practice,57.0,56,41,231.8,0.1,12.1,22.9,50.4,794.2,56,47,64.3,True,7,1031.3,0
ag-05551,2026-02-28T18:40:00,W-391,lab,west,none,37.0,26,6,219.6,0.539,-4.6,21.2,47.3,500.7,3,90,50.8,False,7,405.6,0
ag-05552,2026-02-18T12:45:00,N-116,coworking,north,practice,43.3,30,20,222.2,0.597,4.5,24.1,58.5,631.8,76,26,66.0,False,3,862.5,0
ag-05553,2026-05-16T15:10:00,E-595,lecture,east,practice,86.8,96,78,771.3,0.298,12.2,22.8,54.4,1027.9,54,44,60.4,True,3,1435.5,1
ag-05554,2026-02-21T13:20:00,C-104,lecture,central,lab,148.9,108,66,525.5,0.291,5.6,26.1,55.8,946.0,33,43,55.0,False,3,1155.4,1
ag-05555,2026-02-22T16:15:00,E-214,lecture,east,none,146.8,121,28,1150.5,0.496,1.1,21.8,49.3,571.7,39,45,42.9,False,5,651.6,0
ag-05556,2026-04-24T12:15:00,E-295,lecture,east,lecture,150.2,129,71,1096.9,0.455,8.8,23.4,48.0,844.4,21,66,64.6,False,2,1187.4,1
ag-05557,2026-03-26T16:40:00,S-389,lecture,south,lecture,111.8,80,47,440.4,0.23,12.1,23.5,45.3,779.0,7,86,58.8,False,3,893.2,0
ag-05558,2026-03-20T13:10:00,N-370,lecture,north,lab,115.2,104,58,861.9,0.398,3.7,23.9,43.2,730.1,41,39,57.9,False,3,1027.6,0
ag-05559,2026-04-28T11:00:00,E-206,lab,east,none,40.0,29,1,312.4,0.815,21.1,21.8,40.8,380.0,40,50,45.2,False,7,406.9,0
ag-05560,2026-05-09T12:00:00,C-565,coworking,central,none,59.2,63,1,484.7,0.505,8.0,22.7,46.2,387.3,68,17,46.3,True,3,371.3,0
ag-05561,2026-02-18T09:30:00,W-280,seminar,west,exam,81.7,59,67,261.2,0.125,0.5,24.4,63.0,1041.7,55,36,59.1,True,7,1446.1,1
ag-05562,2026-03-21T11:25:00,C-423,lecture,central,practice,102.8,109,81,1034.8,0.521,4.1,24.6,50.7,964.0,84,17,59.2,False,2,1314.5,1
ag-05563,2026-05-01T15:05:00,W-307,seminar,west,lab,80.5,63,62,624.2,0.469,23.7,22.7,62.0,881.2,11,85,65.0,True,5,1114.5,1
ag-05564,2026-02-11T14:05:00,E-474,lecture,east,lab,116.3,81,72,620.1,0.461,3.1,25.7,64.7,1048.2,90,5,71.1,False,2,1437.2,1
ag-05565,2026-04-14T14:25:00,W-539,lab,west,none,55.9,41,15,399.9,0.621,14.2,23.6,52.0,536.8,80,14,47.3,False,5,655.3,0
ag-05566,2026-02-20T16:25:00,E-598,lecture,east,none,90.6,72,10,752.6,0.571,-0.5,23.2,44.6,420.2,33,56,53.4,True,3,459.0,0
ag-05567,2026-02-25T17:20:00,S-149,coworking,south,lecture,36.6,34,23,263.2,0.442,12.0,21.1,53.7,820.3,80,7,59.1,False,6,963.9,0
ag-05568,2026-03-01T15:30:00,E-562,lecture,east,lecture,99.7,71,59,520.3,0.279,3.4,22.5,62.1,811.2,0,90,59.0,False,2,1003.9,0
ag-05569,2026-03-14T09:40:00,W-235,seminar,west,lab,51.4,48,38,197.4,0.132,4.9,24.1,48.2,806.9,69,23,65.0,False,7,1108.6,1
ag-05570,2026-02-13T10:00:00,E-341,lab,east,lecture,19.8,18,15,122.6,0.477,3.1,24.7,62.4,414.2,60,25,66.1,False,1,480.4,0
ag-05571,2026-04-02T11:50:00,W-152,lecture,west,practice,135.0,112,84,589.9,0.383,12.4,20.9,70.4,1017.7,48,49,62.2,False,1,1455.9,1
ag-05572,2026-02-14T09:50:00,W-570,seminar,west,lab,44.6,38,32,455.5,0.656,-4.1,25.2,61.6,631.7,54,34,53.7,False,4,865.0,0
ag-05573,2026-03-11T16:25:00,C-471,seminar,central,lab,60.8,55,22,263.5,0.148,12.3,22.7,58.0,636.9,35,44,57.9,False,7,635.7,0
ag-05574,2026-03-03T10:55:00,S-560,seminar,south,none,41.8,43,1,609.4,0.865,2.4,23.2,48.6,380.0,32,66,41.2,False,6,333.3,0
ag-05575,2026-05-11T10:05:00,E-590,seminar,east,lecture,59.6,44,36,364.1,0.321,9.3,21.2,60.2,735.8,27,72,61.0,True,5,748.7,0
ag-05576,2026-04-28T18:35:00,S-460,lecture,south,practice,148.9,103,88,368.6,0.138,9.0,27.2,50.8,1046.0,62,25,60.7,False,5,1519.0,1
ag-05577,2026-04-17T08:10:00,C-307,lab,central,lecture,29.1,21,17,193.5,0.411,11.9,25.1,59.1,606.0,60,29,61.4,False,2,707.9,0
ag-05578,2026-04-21T15:35:00,N-381,seminar,north,lecture,64.4,62,59,617.4,0.513,10.9,24.2,68.0,806.0,54,33,68.7,False,1,1103.3,1
ag-05579,2026-04-12T13:45:00,W-184,lecture,west,practice,155.9,127,75,1101.2,0.427,10.8,23.9,54.0,932.1,30,47,65.4,True,7,1280.0,1
ag-05580,2026-04-21T12:40:00,S-421,seminar,south,lab,45.6,48,27,517.3,0.524,14.8,22.5,56.1,782.6,78,10,52.0,True,6,976.7,0
ag-05581,2026-02-16T10:25:00,W-318,lab,west,lecture,47.4,37,28,246.6,0.56,5.3,23.0,61.8,527.3,27,61,54.0,False,1,610.3,0
ag-05582,2026-04-06T12:05:00,W-253,lecture,west,lecture,88.9,84,52,703.2,0.271,7.1,21.9,66.4,770.3,53,40,49.5,False,6,1038.4,0
ag-05583,2026-03-30T14:20:00,S-480,coworking,south,lecture,23.6,24,17,151.6,0.249,12.6,26.1,41.1,550.4,47,39,62.1,False,3,644.6,0
ag-05584,2026-03-27T16:40:00,E-516,lab,east,lab,29.6,23,11,157.3,0.335,12.0,22.3,44.4,530.5,47,33,51.5,False,1,680.1,0
ag-05585,2026-03-30T18:05:00,N-592,lecture,north,lecture,75.2,57,43,581.2,0.496,10.2,26.8,51.5,627.8,37,55,62.3,True,1,826.4,0
ag-05586,2026-03-06T13:45:00,C-446,lecture,central,practice,150.0,124,59,999.0,0.495,9.3,24.3,56.7,832.2,24,66,56.2,False,4,945.2,0
ag-05587,2026-04-02T17:35:00,N-433,lecture,north,lab,101.3,96,65,731.0,0.362,5.5,24.8,63.2,784.0,45,28,53.4,False,6,1228.1,1
ag-05588,2026-03-03T08:10:00,C-137,lab,central,practice,31.9,24,12,315.5,0.863,2.7,23.2,59.4,505.7,83,4,53.5,False,6,624.6,0
ag-05589,2026-03-23T18:00:00,S-360,coworking,south,lecture,29.3,28,24,131.0,0.316,4.7,24.9,62.0,684.4,45,49,66.3,False,3,873.1,0
ag-05590,2026-02-25T17:00:00,E-241,lecture,east,lecture,139.3,106,97,676.6,0.066,4.4,22.4,61.1,996.4,3,87,75.8,False,7,1516.1,1
ag-05591,2026-04-25T09:45:00,W-242,lecture,west,lecture,146.3,125,74,690.4,0.408,14.6,20.3,49.6,868.4,16,73,56.3,False,5,1177.1,1
ag-05592,2026-04-10T10:15:00,E-249,lab,east,practice,45.2,40,20,603.4,0.957,4.5,22.9,66.4,535.4,73,10,65.0,False,5,677.7,0
ag-05593,2026-02-24T08:05:00,N-165,lecture,north,lecture,123.6,113,100,1214.7,0.537,3.4,23.1,58.5,1191.0,52,40,60.2,False,7,1431.4,1
ag-05594,2026-05-14T14:35:00,S-523,coworking,south,none,22.6,22,10,136.4,0.329,19.6,24.2,45.9,455.7,26,59,61.1,True,3,490.1,0
ag-05595,2026-05-06T16:20:00,C-429,lecture,central,practice,147.8,112,54,664.3,0.195,9.5,23.7,52.4,922.6,54,30,49.5,True,7,1262.4,1
ag-05596,2026-03-27T09:25:00,S-353,seminar,south,lab,86.6,63,36,555.7,0.362,-1.8,25.8,54.9,608.7,23,52,56.3,False,5,740.7,0
ag-05597,2026-03-17T18:55:00,C-340,coworking,central,lab,110.9,79,48,754.4,0.584,9.6,23.9,50.9,688.0,0,90,58.7,False,5,792.8,0
ag-05598,2026-03-29T11:10:00,S-268,seminar,south,exam,69.6,54,44,241.5,0.223,14.4,25.7,63.9,728.8,21,83,68.5,False,4,817.6,0
ag-05599,2026-03-08T08:40:00,C-508,lecture,central,lecture,79.7,71,55,642.4,0.422,7.2,25.3,65.0,791.9,78,2,63.4,False,6,1040.5,0
ag-05600,2026-04-12T15:15:00,E-470,coworking,east,practice,100.0,79,59,490.0,0.626,5.7,24.2,49.7,709.8,8,76,59.7,False,5,946.9,0
ag-05601,2026-03-03T16:15:00,C-309,seminar,central,lecture,28.9,30,18,225.6,0.168,9.0,24.3,57.8,590.1,72,26,50.5,False,7,799.9,0
ag-05602,2026-03-24T15:55:00,E-495,lecture,east,lecture,111.3,84,81,533.0,0.198,3.5,25.9,56.6,1014.0,67,18,60.3,False,3,1327.6,1
ag-05603,2026-05-15T10:00:00,W-136,lab,west,exam,32.4,25,29,212.6,0.276,8.3,23.9,78.3,654.9,76,16,67.7,True,2,889.0,0
ag-05604,2026-03-30T17:40:00,W-458,seminar,west,lab,57.8,46,28,408.9,0.407,11.6,23.1,53.1,692.4,54,38,58.4,False,1,763.9,0
ag-05605,2026-04-03T18:50:00,E-550,lab,east,lecture,24.4,24,17,139.0,0.602,6.0,23.4,61.8,583.8,40,53,52.3,False,5,647.7,0
ag-05606,2026-05-03T14:20:00,W-483,lecture,west,none,95.8,92,43,627.2,0.102,7.9,24.5,61.8,768.0,51,47,57.3,True,1,906.3,0
ag-05607,2026-04-29T08:15:00,E-135,seminar,east,exam,50.1,48,38,212.4,0.286,16.8,24.4,61.0,653.7,0,90,61.9,False,4,779.4,0
ag-05608,2026-03-10T10:05:00,E-452,lab,east,lecture,25.9,19,19,200.6,0.542,8.7,21.8,63.4,623.7,58,26,68.0,False,4,695.2,0
ag-05609,2026-03-22T15:30:00,C-225,lab,central,lecture,23.0,23,19,277.3,0.887,2.9,25.6,50.9,535.3,38,52,58.6,True,1,567.0,0
ag-05610,2026-03-15T10:55:00,W-201,seminar,west,practice,35.2,25,16,237.7,0.495,6.0,24.1,56.2,661.4,49,38,51.6,False,6,739.8,0
ag-05611,2026-04-16T14:20:00,S-400,seminar,south,exam,37.6,35,36,323.2,0.45,11.1,24.1,63.9,585.0,61,33,66.0,False,4,674.8,0
ag-05612,2026-05-05T13:05:00,W-538,coworking,west,none,85.1,78,11,540.3,0.588,12.9,22.9,47.0,646.3,56,24,48.1,True,7,672.0,0
ag-05613,2026-04-04T10:10:00,C-248,seminar,central,none,58.4,47,8,344.2,0.625,5.1,21.3,45.4,482.0,39,51,43.7,False,6,567.8,0
ag-05614,2026-03-12T15:35:00,C-345,lecture,central,none,76.0,80,19,366.4,0.1,7.4,22.3,45.3,664.4,90,0,34.2,False,7,694.0,0
ag-05615,2026-03-09T11:05:00,W-345,lab,west,lecture,30.4,32,31,401.9,0.889,6.5,23.3,68.0,772.7,89,6,72.8,False,6,852.8,0
ag-05616,2026-03-11T11:45:00,N-441,coworking,north,practice,74.3,59,61,322.9,0.384,0.1,24.2,68.7,768.0,6,80,66.4,False,4,955.1,0
ag-05617,2026-05-07T15:15:00,S-476,lecture,south,practice,120.3,123,92,1030.3,0.314,22.6,22.8,66.5,1027.0,22,77,59.9,True,6,1335.7,1
ag-05618,2026-03-26T13:55:00,S-111,lab,south,lecture,29.5,24,15,301.0,0.729,12.0,23.8,44.5,558.1,41,63,66.5,False,5,615.7,0
ag-05619,2026-04-06T11:40:00,S-282,lab,south,practice,28.5,21,18,107.4,0.344,14.3,24.5,54.0,607.1,68,20,65.9,False,6,673.0,0
ag-05620,2026-04-24T15:55:00,E-463,lecture,east,lecture,61.6,64,43,262.7,0.196,18.5,23.7,56.5,669.5,65,18,50.7,False,1,897.2,0
ag-05621,2026-04-21T09:00:00,C-302,lecture,central,exam,138.6,112,86,719.1,0.686,7.3,22.7,59.3,922.6,39,41,61.8,False,4,1285.2,1
ag-05622,2026-04-18T09:30:00,S-366,coworking,south,practice,94.5,78,36,591.4,0.513,14.9,23.8,55.6,642.6,24,65,52.1,False,3,850.2,0
ag-05623,2026-02-19T13:05:00,N-227,lecture,north,none,104.7,86,2,556.7,0.515,5.2,24.3,58.5,450.0,55,29,59.7,False,7,524.1,0
ag-05624,2026-03-29T09:45:00,S-408,lab,south,lab,52.5,44,27,241.8,0.488,3.0,19.4,47.0,467.1,46,51,60.2,False,6,715.5,0
ag-05625,2026-03-15T15:00:00,N-350,lab,north,lab,40.1,34,20,262.4,0.897,4.1,23.1,50.4,493.4,39,55,64.1,False,2,535.5,0
ag-05626,2026-04-28T10:40:00,W-279,seminar,west,lab,31.7,31,28,236.4,0.481,19.2,26.6,60.4,613.0,60,25,68.1,False,1,756.3,0
ag-05627,2026-03-03T14:00:00,E-307,lecture,east,exam,103.8,79,75,645.4,0.334,7.3,24.6,60.9,975.1,74,9,67.5,False,1,1182.7,1
ag-05628,2026-05-01T13:30:00,N-485,seminar,north,lecture,75.1,58,57,632.5,0.71,23.5,20.6,62.1,627.2,0,86,63.3,True,5,914.7,0
ag-05629,2026-03-05T09:35:00,E-123,lecture,east,lecture,172.1,129,87,663.6,0.309,11.9,22.3,73.1,881.9,30,43,64.1,False,7,1164.5,1
ag-05630,2026-04-22T08:10:00,N-278,seminar,north,none,52.1,43,15,457.5,0.493,20.5,23.0,53.9,380.0,0,83,46.9,False,4,421.9,0
ag-05631,2026-03-17T14:40:00,C-228,coworking,central,lecture,83.6,79,61,440.1,0.302,7.7,23.9,71.2,722.6,11,87,55.3,False,6,985.6,0
ag-05632,2026-05-02T11:55:00,C-417,lecture,central,practice,110.1,101,58,1071.1,0.549,17.3,22.9,53.5,795.9,52,21,66.4,True,6,942.9,0
ag-05633,2026-03-19T13:30:00,W-172,coworking,west,practice,58.3,53,32,363.2,0.735,4.8,22.9,66.4,547.5,63,19,54.1,False,7,643.0,0
ag-05634,2026-04-30T12:50:00,S-195,lab,south,lab,41.1,33,19,288.4,0.843,25.4,22.8,60.1,506.0,49,40,57.1,False,4,520.5,0
ag-05635,2026-04-16T12:55:00,N-218,coworking,north,lecture,73.9,56,40,264.5,0.386,9.6,25.6,55.4,658.5,87,9,66.3,False,2,879.6,0
ag-05636,2026-04-02T13:00:00,C-580,lecture,central,lecture,117.4,96,77,694.4,0.441,8.2,22.6,66.7,761.3,11,83,63.2,False,4,1177.7,1
ag-05637,2026-04-05T14:25:00,N-289,seminar,north,lecture,32.2,24,21,257.1,0.921,7.6,24.5,61.9,463.9,57,21,65.1,False,6,533.4,0
ag-05638,2026-05-15T12:00:00,S-507,lab,south,lecture,28.2,27,16,291.7,0.804,19.2,22.6,66.7,422.4,46,48,46.2,True,6,473.7,0
ag-05639,2026-02-28T14:05:00,E-393,lecture,east,lecture,144.0,127,74,1024.6,0.562,1.3,24.0,52.2,923.2,71,17,50.4,False,7,1366.6,1
ag-05640,2026-04-03T12:05:00,W-567,lecture,west,exam,133.3,128,89,701.8,0.386,5.3,24.1,47.8,917.0,19,73,50.4,False,1,1381.8,1
ag-05641,2026-03-27T13:10:00,N-431,lecture,north,practice,106.1,102,41,634.8,0.349,8.5,23.1,50.9,618.5,32,55,63.6,False,5,774.1,0
ag-05642,2026-05-14T13:00:00,S-264,lab,south,lab,30.3,27,20,226.2,0.901,24.8,23.6,49.1,488.6,66,19,71.2,True,7,640.3,0
ag-05643,2026-04-05T18:30:00,S-250,seminar,south,exam,64.8,60,58,409.3,0.247,5.6,24.6,61.4,840.8,65,32,68.8,False,3,1178.1,1
ag-05644,2026-05-14T08:25:00,W-562,lab,west,lab,38.5,38,30,412.9,0.594,10.2,21.9,53.6,661.7,53,41,69.6,True,3,834.9,0
ag-05645,2026-05-05T09:10:00,E-320,lecture,east,none,90.9,77,41,850.6,0.558,19.9,22.5,50.2,710.7,90,3,60.7,True,1,907.6,0
ag-05646,2026-02-14T08:45:00,E-325,lab,east,practice,42.5,36,26,418.2,0.558,-1.8,22.9,43.3,519.4,51,36,62.9,False,2,668.8,0
ag-05647,2026-04-08T15:30:00,E-141,lab,east,none,23.4,21,0,143.3,0.608,11.2,22.1,36.3,380.0,0,89,42.3,False,4,375.4,0
ag-05648,2026-02-13T16:15:00,S-178,coworking,south,practice,30.6,26,16,187.1,0.416,-7.7,26.0,44.2,515.4,4,83,53.7,False,7,447.8,0
ag-05649,2026-04-06T12:35:00,E-120,lab,east,lecture,48.5,39,27,251.7,0.669,14.9,25.3,53.5,700.8,76,13,62.1,False,3,880.6,0
ag-05650,2026-05-07T15:25:00,S-530,seminar,south,lecture,74.4,58,44,436.1,0.425,19.2,25.3,56.3,796.0,40,53,58.8,True,2,917.7,0
ag-05651,2026-05-05T12:40:00,N-288,seminar,north,none,49.5,52,11,559.2,0.484,22.8,23.1,41.8,482.8,32,76,46.8,True,5,599.1,0
ag-05652,2026-03-07T15:45:00,C-159,lab,central,practice,37.4,33,30,209.5,0.538,0.2,23.6,49.3,649.5,78,6,56.1,False,2,851.7,0
ag-05653,2026-03-06T15:15:00,E-146,coworking,east,lecture,49.7,35,20,297.6,0.323,9.6,21.8,51.5,496.1,12,82,58.1,False,1,579.6,0
ag-05654,2026-04-05T11:30:00,S-361,lecture,south,practice,100.3,74,57,574.4,0.225,7.8,26.4,52.8,815.5,31,60,60.8,False,3,956.8,0
ag-05655,2026-03-14T08:55:00,C-212,seminar,central,practice,48.1,52,24,381.7,0.437,8.8,23.2,46.1,734.5,90,0,60.8,False,6,870.2,0
ag-05656,2026-03-09T15:00:00,C-260,lab,central,lecture,47.5,34,33,440.8,0.968,7.7,23.6,66.5,597.6,38,48,61.4,False,1,770.2,0
ag-05657,2026-05-09T12:05:00,N-402,lecture,north,lecture,155.2,114,102,601.1,0.325,17.9,23.2,54.2,1152.6,22,78,67.0,True,5,1433.7,1
ag-05658,2026-04-09T15:45:00,W-276,seminar,west,lecture,84.7,63,58,266.1,0.28,6.8,22.7,57.3,992.1,50,37,69.8,False,3,1305.6,1
ag-05659,2026-05-17T17:05:00,S-267,lecture,south,exam,60.5,65,72,447.9,0.417,26.5,23.9,74.2,988.7,55,32,72.5,True,5,1469.1,1
ag-05660,2026-03-12T08:25:00,N-508,lecture,north,practice,102.1,105,76,654.5,0.092,10.3,22.9,51.9,1065.6,56,18,61.2,False,4,1464.9,1
ag-05661,2026-04-27T14:05:00,E-346,lecture,east,lab,73.8,78,62,931.3,0.616,11.8,21.8,66.9,729.5,30,49,60.8,False,2,808.1,0
ag-05662,2026-05-14T09:55:00,N-448,coworking,north,practice,36.2,25,19,168.6,0.785,10.5,22.6,56.2,520.0,23,59,63.7,True,2,590.2,0
ag-05663,2026-03-10T13:55:00,E-313,seminar,east,lecture,57.3,48,34,412.9,0.404,-1.8,24.6,70.1,721.0,45,48,58.6,False,4,744.8,0
ag-05664,2026-02-17T15:25:00,C-475,lecture,central,lab,86.4,61,29,510.9,0.267,-2.0,23.9,58.0,698.4,90,7,46.2,False,1,916.3,0
ag-05665,2026-03-21T17:00:00,W-218,seminar,west,lab,79.8,59,40,424.1,0.622,11.1,25.4,48.5,699.9,71,20,55.4,False,4,870.9,0
ag-05666,2026-03-24T12:40:00,W-339,lecture,west,lecture,67.9,69,44,573.9,0.423,9.9,23.4,45.2,658.8,29,66,58.9,True,3,880.2,0
ag-05667,2026-04-09T09:40:00,C-510,seminar,central,lecture,45.4,41,24,273.3,0.388,12.5,25.5,48.0,664.5,51,46,53.7,False,1,703.3,0
ag-05668,2026-02-25T10:55:00,W-549,seminar,west,lab,36.9,35,30,319.8,0.469,4.6,23.3,51.3,633.0,63,22,66.5,False,7,791.7,0
ag-05669,2026-05-05T11:55:00,W-104,seminar,west,lecture,34.7,26,20,126.2,0.408,23.3,24.0,61.4,667.9,90,8,62.0,True,5,705.5,0
ag-05670,2026-03-04T14:55:00,E-164,seminar,east,exam,28.4,25,28,223.9,0.669,3.9,24.1,67.8,544.0,74,17,68.6,False,4,640.1,0
ag-05671,2026-02-19T14:55:00,C-268,seminar,central,none,25.8,21,2,119.1,0.466,-0.6,21.4,52.7,380.0,0,90,40.7,False,7,401.0,0
ag-05672,2026-03-28T18:10:00,C-497,seminar,central,lecture,27.2,29,24,217.2,0.324,9.8,24.9,70.9,581.4,56,35,59.5,False,7,740.4,0
ag-05673,2026-03-20T08:15:00,W-422,seminar,west,practice,48.5,50,42,618.5,0.753,-3.7,25.0,48.5,632.8,59,19,53.9,False,7,843.6,0
ag-05674,2026-03-19T09:35:00,S-382,seminar,south,practice,31.5,31,18,298.0,0.519,10.8,23.0,56.7,702.1,74,26,65.8,False,3,991.8,0
ag-05675,2026-03-26T11:25:00,C-186,coworking,central,none,40.2,28,7,220.3,0.607,14.6,25.6,50.5,446.9,78,19,61.7,False,6,555.2,0
ag-05676,2026-04-03T17:35:00,W-530,coworking,west,exam,111.5,78,70,740.7,0.394,17.7,22.3,63.6,1003.1,59,23,55.2,False,1,1283.2,1
ag-05677,2026-04-15T16:40:00,C-507,seminar,central,practice,69.1,59,21,388.0,0.17,8.1,25.1,42.8,639.5,62,31,47.9,False,6,699.0,0
ag-05678,2026-03-08T16:45:00,W-416,lecture,west,lecture,122.8,88,55,660.5,0.476,5.1,24.6,57.0,710.8,5,87,71.7,False,3,974.9,0
ag-05679,2026-02-27T14:00:00,C-213,lab,central,practice,34.7,25,11,194.8,0.69,4.5,22.3,43.3,512.5,59,37,63.1,False,3,573.7,0
ag-05680,2026-03-05T12:25:00,C-326,coworking,central,lecture,100.1,70,44,695.2,0.502,12.0,22.4,58.1,663.1,43,34,60.2,False,7,944.5,0
ag-05681,2026-03-15T13:45:00,W-451,seminar,west,none,66.7,64,22,543.0,0.315,10.2,24.5,47.3,469.0,14,73,51.9,False,4,495.9,0
ag-05682,2026-05-12T13:20:00,N-298,seminar,north,lab,65.1,46,31,316.4,0.222,15.8,22.9,66.0,600.4,21,81,57.9,True,1,734.3,0
ag-05683,2026-03-25T17:55:00,W-103,lab,west,lecture,51.8,36,31,355.7,0.521,10.0,26.1,64.3,624.9,9,88,65.3,False,1,775.2,0
ag-05684,2026-02-24T12:20:00,E-215,lecture,east,lab,138.7,121,78,421.9,0.14,-9.9,23.0,60.4,1090.2,90,0,62.8,False,5,1434.0,1
ag-05685,2026-02-14T13:05:00,E-537,seminar,east,lecture,47.9,53,44,683.6,0.862,5.2,27.3,60.6,702.7,41,41,70.9,False,7,939.4,0
ag-05686,2026-02-25T09:30:00,S-448,lecture,south,practice,93.9,84,79,574.4,0.166,0.1,22.1,51.3,1197.9,73,10,58.3,True,6,1507.6,1
ag-05687,2026-04-15T15:45:00,E-177,seminar,east,lecture,67.8,57,54,337.1,0.381,20.8,24.1,63.0,831.7,71,31,64.9,False,3,977.5,0
ag-05688,2026-02-09T08:45:00,E-459,seminar,east,lecture,61.1,57,34,402.6,0.267,4.2,24.4,55.5,765.4,78,12,51.1,False,3,1080.9,0
ag-05689,2026-04-26T14:25:00,C-211,lecture,central,lecture,98.0,83,46,594.0,0.518,12.1,22.3,41.8,776.0,33,55,57.2,False,6,899.0,0
ag-05690,2026-05-08T12:20:00,C-241,seminar,central,lecture,71.3,51,44,458.1,0.492,19.9,24.2,57.7,714.3,6,90,64.3,True,5,758.4,0
ag-05691,2026-04-03T15:45:00,E-146,lab,east,lecture,45.4,39,29,227.2,0.458,18.4,23.8,52.1,630.3,68,7,57.0,False,6,822.2,0
ag-05692,2026-02-09T09:10:00,N-532,lecture,north,lecture,100.7,89,73,574.7,0.136,2.3,23.4,48.5,915.7,60,21,59.0,False,6,1196.4,1
ag-05693,2026-05-18T17:05:00,W-262,coworking,west,lecture,44.2,49,39,366.7,0.639,21.4,24.0,63.2,635.6,29,68,56.1,True,7,784.1,0
ag-05694,2026-04-05T10:35:00,N-243,lecture,north,lecture,136.0,125,122,1243.9,0.832,7.8,24.9,67.5,1205.1,41,44,71.6,True,5,1745.2,1
ag-05695,2026-05-19T17:00:00,W-492,coworking,west,none,39.4,28,11,265.5,0.381,10.7,21.1,62.6,579.7,87,6,52.3,True,3,578.9,0
ag-05696,2026-04-25T15:10:00,E-509,lecture,east,practice,117.2,88,46,935.0,0.586,12.5,21.7,56.3,782.9,90,7,59.6,False,7,833.7,0
ag-05697,2026-03-22T10:40:00,N-485,lecture,north,practice,122.2,100,96,1016.0,0.418,11.4,23.2,67.8,1017.9,14,62,64.7,True,1,1437.5,1
ag-05698,2026-04-04T08:45:00,S-581,seminar,south,practice,41.4,37,21,248.3,0.261,3.1,24.3,47.0,522.1,61,25,53.5,False,1,718.3,0
ag-05699,2026-05-18T10:10:00,S-468,seminar,south,lecture,31.6,24,19,292.8,0.677,12.3,22.4,69.6,534.4,0,90,63.6,True,6,685.2,0
ag-05700,2026-02-13T17:05:00,N-115,lecture,north,exam,103.7,100,103,830.0,0.357,3.5,24.4,57.7,1166.2,21,61,69.7,False,2,1561.7,1
ag-05701,2026-02-14T09:20:00,N-294,lecture,north,lab,100.2,110,91,863.8,0.644,6.0,24.3,70.0,710.3,0,90,63.1,False,7,1016.8,0
ag-05702,2026-05-04T14:20:00,W-560,seminar,west,exam,72.1,55,54,397.1,0.193,12.4,24.3,71.5,908.0,32,66,66.8,True,2,1092.5,0
ag-05703,2026-02-28T11:45:00,C-154,seminar,central,practice,64.7,57,41,269.1,0.265,-10.3,25.8,45.2,720.4,18,71,61.8,False,5,975.5,0
ag-05704,2026-03-19T11:45:00,W-177,lecture,west,lecture,100.5,85,61,725.2,0.283,6.1,24.5,52.1,883.5,58,27,58.6,False,2,1324.6,1
ag-05705,2026-02-21T11:05:00,S-431,coworking,south,practice,68.2,60,33,454.4,0.2,-2.2,25.4,69.3,604.5,53,42,60.3,False,3,760.8,0
ag-05706,2026-04-24T18:05:00,E-274,lecture,east,none,112.7,120,28,1069.3,0.401,14.8,23.3,56.5,663.2,64,38,45.4,False,5,919.3,0
ag-05707,2026-03-12T14:20:00,S-566,lecture,south,lecture,90.9,94,80,616.1,0.278,3.4,24.4,65.3,1004.8,90,4,66.3,False,1,1257.0,1
ag-05708,2026-04-19T17:40:00,N-137,seminar,north,practice,23.4,22,15,177.0,0.22,11.3,24.8,54.4,694.1,66,13,56.8,False,2,756.4,0
ag-05709,2026-03-24T16:25:00,S-224,lecture,south,lab,62.0,57,48,484.9,0.641,9.1,25.2,74.8,737.3,62,28,62.6,False,3,904.6,0
ag-05710,2026-04-25T15:10:00,E-377,lecture,east,none,126.7,93,25,798.0,0.391,8.6,22.7,51.3,629.5,41,49,50.0,False,4,780.8,0
ag-05711,2026-03-06T10:30:00,S-565,lab,south,practice,60.3,44,36,386.1,0.651,1.8,23.6,64.8,500.7,7,60,66.2,False,3,727.2,0
ag-05712,2026-03-07T17:10:00,S-427,coworking,south,lecture,76.1,67,51,385.0,0.319,0.3,24.2,61.3,692.0,30,59,63.2,False,2,836.5,0
ag-05713,2026-02-20T12:35:00,N-429,coworking,north,practice,67.4,61,43,667.0,0.501,3.5,23.3,57.4,784.8,47,51,61.9,False,1,851.3,0
ag-05714,2026-05-01T18:40:00,W-407,seminar,west,none,81.5,58,19,523.1,0.561,15.2,22.7,50.7,380.0,11,64,50.0,True,4,322.6,0
ag-05715,2026-04-19T13:45:00,C-580,lab,central,lecture,42.5,31,21,159.4,0.477,11.1,22.9,61.7,563.8,34,34,58.4,False,1,716.7,0
ag-05716,2026-04-05T16:25:00,C-194,lab,central,lab,33.4,27,14,204.6,0.921,15.2,23.3,49.5,380.0,22,61,65.5,False,4,342.0,0
ag-05717,2026-04-27T18:15:00,N-499,coworking,north,none,35.3,38,10,393.4,0.8,8.6,23.9,60.6,571.2,90,0,47.7,False,4,529.4,0
ag-05718,2026-03-31T11:55:00,S-137,coworking,south,exam,28.0,22,23,114.6,0.482,6.0,24.1,53.6,681.9,61,31,66.6,False,3,873.0,0
ag-05719,2026-02-18T15:05:00,E-283,seminar,east,practice,43.9,34,23,243.4,0.206,-3.5,24.2,58.4,669.4,54,35,60.9,False,4,837.7,0
ag-05720,2026-02-25T10:35:00,S-497,lecture,south,exam,97.4,77,91,653.8,0.362,4.1,25.8,63.9,946.5,38,63,78.6,False,3,1429.6,1
ag-05721,2026-04-24T09:45:00,N-581,seminar,north,lab,74.2,61,47,333.6,0.22,18.4,24.5,45.5,905.3,54,32,59.3,False,1,1026.4,0
ag-05722,2026-04-01T16:55:00,N-128,lecture,north,lecture,140.9,120,101,1129.9,0.485,1.8,22.2,64.1,1049.4,50,56,63.9,False,6,1468.9,1
ag-05723,2026-03-11T15:10:00,E-284,seminar,east,lecture,58.1,47,39,295.1,0.48,5.3,24.1,53.2,769.8,63,33,54.3,False,1,996.1,0
ag-05724,2026-04-10T18:00:00,C-230,lab,central,practice,35.7,36,32,400.2,0.782,11.5,25.5,57.9,749.0,69,11,55.9,False,7,981.5,0
ag-05725,2026-03-21T11:55:00,W-397,lecture,west,lecture,63.2,57,61,342.7,0.143,-2.4,27.1,78.2,838.6,40,64,80.4,False,7,1009.0,1
ag-05726,2026-05-05T16:40:00,N-147,lecture,north,exam,115.9,119,104,836.9,0.327,22.8,23.5,55.6,1141.1,2,68,66.2,True,1,1527.2,1
ag-05727,2026-02-25T15:05:00,S-216,lecture,south,none,75.7,67,15,550.3,0.511,3.7,23.6,55.2,544.8,39,52,47.5,False,1,556.8,0
ag-05728,2026-04-27T08:55:00,C-193,coworking,central,none,88.1,64,28,604.2,0.486,17.8,24.3,50.6,723.1,75,5,57.2,True,4,837.3,0
ag-05729,2026-04-05T15:40:00,W-321,lab,west,practice,33.2,26,16,160.4,0.523,11.6,23.8,50.7,458.3,16,79,68.3,False,3,374.4,0
ag-05730,2026-04-04T09:20:00,W-396,seminar,west,practice,55.4,44,18,344.8,0.307,7.4,23.7,58.7,574.4,37,58,49.4,False,7,683.3,0
ag-05731,2026-02-27T16:15:00,S-436,coworking,south,lecture,44.2,46,32,224.6,0.179,5.7,21.7,65.7,804.4,22,50,48.2,False,3,1038.6,0
ag-05732,2026-03-29T11:50:00,E-511,lab,east,lecture,56.3,42,29,485.4,0.615,12.1,24.8,40.0,725.7,90,0,56.1,False,6,722.4,0
ag-05733,2026-03-07T13:55:00,C-304,coworking,central,practice,82.6,79,37,380.3,0.412,3.0,23.4,62.1,605.7,17,71,62.6,False,4,920.0,0
ag-05734,2026-02-28T11:25:00,W-468,lecture,west,lab,64.9,63,48,360.4,0.486,10.9,25.9,65.4,770.8,54,43,69.7,False,1,972.8,0
ag-05735,2026-03-12T10:45:00,C-550,seminar,central,lecture,59.9,50,36,491.4,0.402,11.2,20.6,55.5,775.5,38,52,58.8,False,3,917.8,0
ag-05736,2026-04-25T11:10:00,E-137,lecture,east,lecture,125.2,105,48,439.0,0.169,16.7,22.9,40.6,829.5,33,63,58.3,False,4,1105.5,1
ag-05737,2026-05-15T17:00:00,S-441,seminar,south,none,18.2,20,11,119.7,0.416,14.7,22.7,54.9,647.9,90,4,51.6,True,4,718.7,0
ag-05738,2026-05-03T18:45:00,W-407,lecture,west,practice,83.6,84,57,746.9,0.634,16.1,23.8,54.6,809.1,78,1,52.6,True,7,1088.0,0
ag-05739,2026-03-23T18:25:00,S-474,coworking,south,lecture,30.0,22,18,162.7,0.314,9.1,25.0,47.5,524.9,38,44,68.4,False,4,716.4,0
ag-05740,2026-03-29T17:15:00,C-373,lab,central,lecture,29.8,23,15,173.7,0.486,10.2,23.8,75.0,465.3,19,84,60.8,False,3,495.8,0
ag-05741,2026-02-21T09:05:00,C-265,lecture,central,practice,82.1,58,53,290.8,0.282,1.6,25.7,60.3,1001.1,61,20,59.0,False,1,1237.1,1
ag-05742,2026-03-28T12:05:00,C-246,lecture,central,practice,82.3,73,45,419.1,0.399,4.6,23.5,64.3,755.3,29,73,63.9,False,6,849.8,0
ag-05743,2026-04-25T08:00:00,W-257,seminar,west,lab,59.6,60,43,426.0,0.25,14.9,24.4,42.0,753.2,28,66,59.4,False,1,875.0,0
ag-05744,2026-03-25T12:30:00,E-236,lecture,east,lecture,104.2,85,65,520.3,0.245,8.5,24.3,51.6,901.6,61,29,63.6,False,7,1138.0,1
ag-05745,2026-05-01T09:15:00,N-467,seminar,north,lecture,67.3,53,55,342.8,0.24,14.9,25.1,56.8,924.6,50,44,77.0,True,4,1248.9,1
ag-05746,2026-02-10T15:00:00,N-179,seminar,north,lab,56.9,40,16,311.6,0.507,5.4,22.9,53.8,565.5,47,45,48.1,False,1,491.5,0
ag-05747,2026-03-24T18:15:00,W-440,lecture,west,practice,124.0,86,59,734.2,0.411,5.5,25.6,61.6,895.1,48,38,60.9,False,5,1127.2,1
ag-05748,2026-04-08T12:30:00,W-549,seminar,west,lab,48.9,34,21,203.5,0.197,14.1,24.4,64.6,666.2,61,31,55.8,False,7,820.8,0
ag-05749,2026-04-18T08:55:00,E-145,seminar,east,practice,69.9,49,40,453.1,0.341,9.2,21.9,54.1,784.3,70,13,63.5,False,5,975.3,0
ag-05750,2026-04-03T14:15:00,C-538,lecture,central,lecture,114.1,81,52,1004.1,0.726,17.6,24.7,53.2,819.9,58,33,56.3,False,1,1030.7,0
ag-05751,2026-05-15T12:20:00,C-543,seminar,central,none,52.2,46,10,360.5,0.838,20.1,23.0,42.2,380.0,4,85,43.0,True,1,424.2,0
ag-05752,2026-03-06T18:00:00,W-312,seminar,west,none,40.4,37,10,416.2,0.788,2.3,23.0,60.1,380.0,39,61,42.9,True,1,389.5,0
ag-05753,2026-04-13T16:55:00,W-243,seminar,west,practice,64.0,62,43,691.5,0.674,14.0,24.9,52.7,630.5,38,54,63.3,False,6,800.5,0
ag-05754,2026-03-21T16:35:00,S-446,lecture,south,lecture,93.9,96,102,391.4,0.172,5.5,24.9,58.9,1259.3,35,65,65.8,False,3,1696.1,1
ag-05755,2026-04-04T13:40:00,E-358,lab,east,practice,42.7,41,32,265.5,0.328,19.9,21.2,55.2,676.1,64,29,60.3,False,6,1001.9,0
ag-05756,2026-05-10T14:00:00,N-272,seminar,north,lecture,49.6,36,28,285.3,0.586,12.9,23.6,72.3,597.7,44,40,68.3,True,4,575.4,0
ag-05757,2026-04-15T12:20:00,S-298,lab,south,practice,30.1,33,22,305.1,0.363,16.7,26.4,63.3,651.8,73,15,60.7,False,5,727.7,0
ag-05758,2026-02-14T08:35:00,N-114,lab,north,none,37.8,41,13,393.1,0.716,0.6,23.5,57.7,503.6,20,73,48.4,False,5,564.8,0
ag-05759,2026-04-17T11:30:00,C-180,lab,central,practice,30.3,22,16,169.0,0.798,14.7,24.4,59.0,477.7,15,85,63.5,False,2,576.9,0
ag-05760,2026-02-16T16:55:00,N-541,lecture,north,none,89.5,65,12,511.1,0.411,-5.3,23.8,47.1,417.8,21,90,56.1,False,1,359.2,0
ag-05761,2026-04-24T17:05:00,N-132,lab,north,lecture,22.6,24,16,157.1,0.583,5.5,25.2,63.9,606.2,52,38,62.5,True,4,596.1,0
ag-05762,2026-02-20T16:10:00,C-236,lecture,central,none,68.6,57,27,585.1,0.567,6.9,20.2,57.6,588.0,23,62,64.4,False,1,766.8,0
ag-05763,2026-02-12T09:10:00,C-475,seminar,central,practice,37.2,30,17,122.1,0.199,5.3,24.1,51.8,489.5,15,76,50.2,False,5,525.4,0
ag-05764,2026-02-26T16:00:00,N-523,lab,north,lab,22.2,21,15,119.4,0.559,3.9,24.9,47.1,525.7,67,7,62.6,False,2,567.1,0
ag-05765,2026-02-20T16:50:00,N-491,lecture,north,practice,99.1,100,62,984.7,0.518,5.4,27.0,55.0,754.5,7,64,58.0,False,4,1036.9,0
ag-05766,2026-03-11T16:15:00,C-569,lecture,central,lecture,84.6,90,53,459.8,0.119,16.9,24.7,66.7,911.1,44,47,51.3,False,6,1107.2,1
ag-05767,2026-02-28T16:05:00,S-451,lecture,south,none,109.1,113,26,1165.8,0.478,1.9,22.4,55.5,603.2,37,60,50.8,False,2,786.4,0
ag-05768,2026-03-09T16:15:00,C-428,seminar,central,lecture,38.2,40,32,382.4,0.463,3.5,26.2,52.3,683.3,71,16,65.0,False,7,919.2,0
ag-05769,2026-04-04T10:55:00,W-205,seminar,west,lecture,69.6,54,40,616.5,0.767,1.7,23.4,67.4,467.4,30,49,57.1,False,1,544.1,0
ag-05770,2026-02-27T14:45:00,W-555,lecture,west,lecture,129.5,92,67,730.5,0.632,4.8,26.2,66.4,984.3,60,51,50.2,False,4,1324.7,1
ag-05771,2026-04-04T11:30:00,S-484,lecture,south,practice,162.9,121,87,1317.8,0.552,5.7,22.7,52.0,1107.3,57,36,54.3,False,6,1548.3,1
ag-05772,2026-05-03T11:15:00,E-259,lab,east,lecture,38.3,39,46,339.7,0.86,10.5,27.3,62.6,595.6,90,0,71.1,True,3,663.5,0
ag-05773,2026-03-16T15:00:00,W-187,seminar,west,none,42.4,33,10,228.0,0.611,10.0,21.5,49.9,450.8,64,22,45.2,False,1,495.3,0
ag-05774,2026-05-11T15:25:00,C-132,lecture,central,practice,104.7,74,42,509.6,0.413,15.5,24.0,49.4,825.4,58,27,61.5,True,2,1058.8,0
ag-05775,2026-04-07T09:20:00,W-274,lecture,west,lab,107.7,86,58,1183.5,0.765,5.4,23.8,58.0,743.8,40,51,61.7,False,2,1020.1,0
ag-05776,2026-04-03T15:00:00,C-206,lecture,central,lecture,107.9,109,86,896.8,0.639,5.8,22.9,55.9,1010.1,46,35,57.4,False,3,1435.6,1
ag-05777,2026-04-30T16:50:00,N-423,seminar,north,practice,71.1,54,35,317.7,0.119,6.1,25.8,68.2,731.4,46,43,61.5,False,5,944.2,0
ag-05778,2026-03-09T14:20:00,C-596,seminar,central,exam,72.9,64,49,400.1,0.284,10.0,24.7,66.4,858.3,66,8,63.2,False,3,1148.4,1
ag-05779,2026-03-19T15:05:00,W-563,seminar,west,lecture,74.5,64,40,539.7,0.449,9.2,22.1,63.4,891.7,62,36,54.7,False,3,1074.9,0
ag-05780,2026-02-09T16:50:00,S-580,seminar,south,lecture,40.8,43,28,211.2,0.409,-3.5,26.8,61.6,624.1,49,43,57.5,False,2,756.9,0
ag-05781,2026-03-28T15:55:00,N-370,lecture,north,lecture,67.3,61,40,575.4,0.494,11.9,26.2,62.3,714.7,72,24,56.2,False,6,965.3,0
ag-05782,2026-05-03T11:00:00,W-475,coworking,west,practice,50.4,42,29,211.5,0.457,16.8,24.4,58.6,635.3,24,60,58.6,True,1,782.8,0
ag-05783,2026-04-28T18:30:00,S-208,lecture,south,lecture,92.7,86,50,518.8,0.491,13.2,23.3,51.6,678.8,32,66,64.4,False,6,930.0,0
ag-05784,2026-05-09T13:30:00,W-114,seminar,west,lab,61.8,56,57,331.7,0.401,15.0,25.2,51.8,690.4,44,49,58.3,True,3,994.8,0
ag-05785,2026-04-28T16:30:00,E-431,coworking,east,practice,36.2,38,35,328.7,0.437,11.1,25.5,57.4,624.9,33,52,57.4,False,3,770.5,0
ag-05786,2026-02-18T16:40:00,C-267,coworking,central,lab,41.6,45,24,430.8,0.455,0.5,25.2,50.5,411.3,1,89,63.2,False,2,531.8,0
ag-05787,2026-03-27T14:00:00,E-185,coworking,east,lecture,24.5,26,12,153.7,0.141,9.8,23.4,53.1,527.0,17,67,54.5,False,6,542.5,0
ag-05788,2026-04-18T12:20:00,S-135,seminar,south,exam,43.4,32,28,281.6,0.813,10.1,26.0,69.6,563.8,48,33,82.1,False,2,687.8,0
ag-05789,2026-03-04T11:10:00,N-339,lab,north,exam,36.0,36,38,308.7,0.839,4.7,26.0,70.2,636.6,78,10,66.5,False,5,839.5,0
ag-05790,2026-04-23T13:05:00,W-198,seminar,west,lecture,38.3,35,31,296.4,0.451,13.9,24.5,60.1,521.0,29,66,60.2,False,5,747.9,0
ag-05791,2026-03-08T08:25:00,S-210,coworking,south,lab,88.5,75,49,978.5,0.762,11.5,21.8,70.3,872.3,55,40,61.0,False,5,1114.3,1
ag-05792,2026-04-14T17:20:00,E-425,lecture,east,practice,127.1,113,48,1084.4,0.723,11.1,21.2,49.0,870.3,62,30,59.6,False,2,1217.0,1
ag-05793,2026-04-05T10:45:00,C-208,lab,central,lab,53.3,42,33,374.0,0.941,6.6,22.6,73.3,563.7,47,45,68.2,False,4,765.1,0
ag-05794,2026-05-19T11:15:00,N-477,lecture,north,lecture,117.2,123,120,985.2,0.363,11.7,24.9,58.0,1165.4,53,45,63.8,True,1,1697.2,1
ag-05795,2026-04-25T18:05:00,C-209,seminar,central,lecture,87.5,64,47,473.4,0.389,14.2,24.0,60.9,660.8,14,88,62.4,False,5,855.1,0
ag-05796,2026-04-05T18:40:00,W-571,coworking,west,lab,36.3,39,24,544.9,0.807,18.3,23.0,55.2,473.2,37,47,62.8,False,6,463.5,0
ag-05797,2026-04-29T13:15:00,S-126,seminar,south,lab,48.8,54,33,444.9,0.666,9.3,24.1,63.9,601.3,37,57,55.3,False,4,652.1,0
ag-05798,2026-05-06T12:40:00,S-486,coworking,south,lecture,83.2,66,55,532.9,0.432,23.4,23.3,72.5,772.7,15,69,63.1,True,6,883.6,0
ag-05799,2026-02-26T11:35:00,N-270,seminar,north,practice,52.9,41,29,244.3,0.249,5.9,22.6,54.4,640.0,67,26,56.3,False,6,810.3,0
ag-05800,2026-04-12T11:55:00,W-257,seminar,west,none,88.2,61,26,360.0,0.495,19.7,22.4,52.1,698.4,45,44,49.3,False,5,854.7,0
ag-05801,2026-05-02T18:05:00,S-449,seminar,south,none,82.6,63,16,612.1,0.535,12.9,20.1,51.4,484.8,22,69,45.2,True,7,568.1,0
ag-05802,2026-05-06T17:25:00,E-446,lab,east,lab,31.1,28,20,331.6,0.621,19.2,21.7,55.5,625.3,63,37,56.5,True,1,731.5,0
ag-05803,2026-05-09T18:00:00,W-320,lecture,west,lecture,61.8,60,45,385.5,0.426,21.7,25.1,58.0,774.2,49,42,57.5,True,6,943.5,0
ag-05804,2026-03-10T18:50:00,C-282,lecture,central,none,83.8,64,9,693.5,0.517,6.5,22.7,50.0,443.2,74,12,38.7,False,4,472.2,0
ag-05805,2026-03-18T10:25:00,N-441,seminar,north,practice,50.7,44,18,345.1,0.864,-0.9,23.2,60.1,437.9,9,78,45.1,False,6,518.5,0
ag-05806,2026-02-23T17:05:00,C-219,seminar,central,practice,55.2,45,31,317.0,0.695,-2.7,26.0,61.5,748.0,84,8,67.1,False,6,945.1,0
ag-05807,2026-04-04T17:10:00,C-453,lab,central,lecture,38.4,34,24,246.6,0.545,9.8,21.1,50.8,618.9,31,59,57.7,False,6,734.3,0
ag-05808,2026-04-13T18:35:00,C-567,seminar,central,lecture,20.5,22,20,168.7,0.221,18.3,22.3,63.0,686.9,64,24,57.4,False,7,828.3,0
ag-05809,2026-04-16T13:00:00,S-515,seminar,south,lab,39.1,27,17,132.6,0.364,13.8,23.6,68.6,447.2,41,48,56.2,False,4,588.2,0
ag-05810,2026-03-15T17:05:00,C-523,seminar,central,none,59.8,45,4,305.5,0.348,6.0,21.8,46.4,566.1,45,40,45.5,False,6,509.9,0
ag-05811,2026-02-24T08:40:00,N-548,lecture,north,none,169.7,122,39,900.8,0.18,1.1,22.2,47.3,672.0,16,74,46.2,True,6,828.9,0
ag-05812,2026-04-18T14:35:00,C-559,seminar,central,lab,80.5,58,51,334.3,0.41,9.6,25.8,66.9,664.7,0,81,59.9,False,2,932.9,0
ag-05813,2026-02-19T16:20:00,E-425,lab,east,lab,33.6,24,20,255.3,0.65,4.9,24.1,61.7,380.0,40,51,68.5,False,7,464.8,0
ag-05814,2026-05-07T17:35:00,S-458,coworking,south,practice,29.1,30,25,311.5,0.69,24.3,24.0,61.5,607.4,20,63,60.3,True,4,812.0,0
ag-05815,2026-03-13T15:00:00,C-130,lecture,central,lecture,61.2,61,40,410.5,0.413,-2.5,24.4,59.9,769.7,46,67,61.2,False,4,876.8,0
ag-05816,2026-02-21T08:35:00,W-124,seminar,west,lecture,70.9,56,35,323.6,0.154,6.4,18.8,68.7,683.9,21,57,52.7,False,4,900.5,0
ag-05817,2026-02-16T12:25:00,E-260,seminar,east,lecture,73.6,53,43,351.9,0.451,3.7,24.8,64.3,717.6,27,69,57.5,False,7,991.0,0
ag-05818,2026-04-08T17:35:00,E-469,seminar,east,lecture,39.0,29,30,149.3,0.164,9.0,23.7,62.2,702.8,31,68,64.7,False,7,870.0,0
ag-05819,2026-04-20T13:10:00,S-176,coworking,south,none,84.4,71,1,765.0,0.545,17.0,20.5,53.0,380.0,11,86,44.5,False,2,416.0,0
ag-05820,2026-04-30T14:25:00,E-581,coworking,east,lecture,78.2,79,60,640.8,0.311,20.5,24.1,63.9,836.3,72,10,72.1,False,4,1005.4,0
ag-05821,2026-02-23T10:05:00,W-131,seminar,west,practice,26.4,26,16,273.2,0.567,-1.7,24.2,50.1,582.2,83,0,50.5,False,7,608.6,0
ag-05822,2026-03-15T11:55:00,N-455,seminar,north,lecture,45.9,37,26,464.0,0.684,1.0,24.5,62.6,387.3,9,88,59.3,False,2,341.1,0
ag-05823,2026-04-21T09:55:00,E-520,seminar,east,lab,53.9,43,22,398.0,0.546,15.3,23.3,45.2,467.2,25,49,57.1,False,5,622.4,0
ag-05824,2026-02-20T13:10:00,C-321,lecture,central,lecture,87.9,88,72,877.3,0.88,-1.2,22.6,53.5,857.9,30,55,64.0,False,2,1239.2,1
ag-05825,2026-02-24T12:20:00,C-297,coworking,central,lecture,64.3,52,18,238.5,0.318,6.3,22.5,53.0,655.7,51,36,52.1,False,5,784.7,0
ag-05826,2026-03-20T13:15:00,S-575,lab,south,none,22.2,22,6,210.9,0.891,6.1,22.6,52.1,380.0,0,83,42.1,False,6,438.5,0
ag-05827,2026-04-16T08:20:00,S-166,lab,south,practice,26.5,28,20,207.2,0.349,19.0,23.0,65.8,503.3,39,49,64.4,False,6,607.4,0
ag-05828,2026-02-14T18:50:00,S-114,coworking,south,none,93.7,69,25,771.3,0.614,3.7,20.2,57.3,510.0,17,71,54.0,False,4,730.8,0
ag-05829,2026-05-05T17:15:00,S-230,seminar,south,lecture,26.2,29,29,187.4,0.337,25.6,23.8,64.5,622.1,19,72,61.2,True,1,771.4,0
ag-05830,2026-02-17T14:50:00,E-122,seminar,east,lecture,56.0,55,43,374.4,0.219,-5.8,24.5,44.0,805.1,79,5,58.6,False,5,918.0,0
ag-05831,2026-03-10T12:40:00,E-598,lab,east,lecture,47.8,39,25,305.6,0.594,5.5,24.2,52.4,525.0,11,73,65.0,False,5,667.1,0
ag-05832,2026-02-15T12:50:00,E-365,seminar,east,lab,84.7,61,38,367.8,0.452,-1.9,23.4,64.4,785.8,60,33,60.5,False,7,935.8,0
ag-05833,2026-02-27T16:05:00,S-336,lab,south,exam,53.9,40,32,387.8,0.951,4.4,21.9,54.7,551.4,44,47,56.3,False,6,627.4,0
ag-05834,2026-02-14T09:40:00,S-130,seminar,south,lecture,78.8,61,31,251.3,0.208,-3.6,26.7,68.3,724.6,56,31,49.9,False,2,911.8,0
ag-05835,2026-04-17T17:50:00,S-187,seminar,south,lecture,37.8,27,25,189.1,0.522,5.4,24.7,56.0,612.4,47,40,65.9,False,1,765.1,0
ag-05836,2026-05-08T15:05:00,W-175,seminar,west,lecture,62.2,53,35,621.4,0.732,16.8,22.3,54.6,430.6,9,87,68.0,True,4,537.5,0
ag-05837,2026-04-29T14:10:00,W-360,lecture,west,practice,139.7,110,98,1259.9,0.78,10.2,26.0,53.2,958.2,4,80,72.7,False,3,1306.9,1
ag-05838,2026-04-13T08:00:00,W-179,lab,west,lab,25.7,22,13,156.5,0.819,11.7,23.4,68.1,380.0,23,50,48.7,False,6,417.9,0
ag-05839,2026-05-09T18:05:00,E-386,seminar,east,lecture,55.4,52,41,247.5,0.175,10.2,24.0,67.0,719.4,21,70,60.7,True,4,873.7,0
ag-05840,2026-04-28T14:25:00,S-557,lecture,south,practice,143.6,128,63,1283.0,0.531,3.5,24.2,64.1,794.4,61,21,56.0,False,7,1210.2,1
ag-05841,2026-02-28T11:35:00,W-503,lecture,west,lecture,138.4,129,89,1117.6,0.462,-2.7,25.6,57.5,1084.3,55,32,63.2,False,1,1405.9,1
ag-05842,2026-03-28T18:05:00,S-513,lecture,south,lecture,62.8,56,63,413.8,0.798,15.3,23.8,64.2,858.6,51,39,63.0,True,4,1213.1,1
ag-05843,2026-04-28T12:30:00,S-443,seminar,south,lab,75.3,52,38,450.0,0.511,25.8,22.3,50.8,644.7,27,69,57.5,False,6,623.4,0
ag-05844,2026-04-17T12:30:00,S-257,coworking,south,lecture,26.2,26,17,279.3,0.761,7.1,22.9,63.1,429.2,0,85,57.5,False,2,528.5,0
ag-05845,2026-05-14T14:25:00,C-519,lecture,central,lecture,181.2,128,131,1042.3,0.712,13.8,24.0,69.6,1303.0,32,66,66.8,True,3,2042.5,1
ag-05846,2026-02-16T14:45:00,E-356,lecture,east,none,183.8,129,14,797.0,0.662,4.8,21.4,59.1,494.3,0,90,50.9,False,3,565.6,0
ag-05847,2026-04-09T16:10:00,S-537,coworking,south,none,96.0,79,2,361.9,0.131,4.1,24.5,48.9,521.2,20,68,50.5,False,2,565.2,0
ag-05848,2026-04-24T11:15:00,N-527,lab,north,practice,44.8,33,30,271.0,0.448,8.4,22.8,57.8,554.5,90,0,58.8,False,3,819.9,0
ag-05849,2026-04-17T11:15:00,S-407,lecture,south,lab,116.6,81,30,378.2,0.345,12.6,23.0,49.8,591.3,0,83,50.3,False,4,699.4,0
ag-05850,2026-05-04T16:10:00,N-567,coworking,north,lecture,83.3,78,71,631.0,0.425,22.8,29.4,66.7,687.0,0,90,63.6,True,6,942.1,0
ag-05851,2026-02-27T11:10:00,C-596,lecture,central,practice,82.9,90,59,862.7,0.543,0.6,23.5,59.1,727.7,18,77,56.2,False,4,1185.6,1
ag-05852,2026-03-07T12:30:00,C-442,lecture,central,practice,179.4,124,103,696.8,0.562,5.2,26.1,55.7,1154.7,88,17,57.4,True,7,1697.3,1
ag-05853,2026-03-12T09:55:00,E-484,coworking,east,practice,37.5,32,20,227.2,0.56,6.5,22.0,51.1,552.2,24,61,54.5,False,1,593.4,0
ag-05854,2026-03-29T17:35:00,C-485,seminar,central,lab,24.9,27,15,254.5,0.666,14.0,23.3,59.6,565.0,59,28,57.3,False,3,633.5,0
ag-05855,2026-05-04T15:15:00,C-118,lab,central,none,39.2,31,10,234.2,0.349,16.5,24.1,48.2,508.9,64,25,53.7,True,7,564.6,0
ag-05856,2026-04-02T15:55:00,W-312,lab,west,practice,27.2,23,16,172.1,0.297,11.1,23.1,63.5,409.3,13,89,58.3,False,6,570.1,0
ag-05857,2026-05-11T08:05:00,C-160,lab,central,lecture,27.8,25,18,214.3,0.801,18.8,22.7,66.4,488.9,28,64,51.6,True,1,579.6,0
ag-05858,2026-04-24T16:05:00,S-484,lecture,south,practice,50.5,55,37,583.0,0.724,14.1,23.3,63.7,677.4,90,0,60.7,False,2,772.1,0
ag-05859,2026-05-05T17:40:00,S-320,lecture,south,practice,147.8,113,71,666.5,0.254,17.9,23.2,60.0,938.0,57,38,60.7,True,4,1385.7,1
ag-05860,2026-04-10T10:05:00,C-580,lecture,central,exam,122.9,105,55,456.9,0.166,20.8,22.7,61.4,852.3,27,72,53.3,False,7,1190.2,1
ag-05861,2026-03-08T15:40:00,C-476,lecture,central,lecture,99.9,74,52,437.7,0.193,4.3,23.1,62.2,843.2,56,37,57.4,False,6,1022.1,0
ag-05862,2026-04-09T18:05:00,W-387,lecture,west,lecture,129.2,111,56,1089.5,0.612,5.7,24.1,64.4,729.2,27,61,46.7,False,7,933.9,0
ag-05863,2026-03-16T08:40:00,C-372,seminar,central,lecture,26.4,23,13,257.4,0.777,8.8,23.7,65.2,510.3,55,24,54.6,False,7,554.6,0
ag-05864,2026-04-19T13:45:00,E-129,lecture,east,lecture,181.4,127,75,961.8,0.29,10.3,21.7,45.5,845.1,8,90,61.2,False,7,1064.6,0
ag-05865,2026-03-07T08:05:00,S-175,lecture,south,lecture,98.4,76,46,547.6,0.529,6.4,23.5,54.3,713.7,38,54,61.7,False,2,948.7,0
ag-05866,2026-05-18T12:10:00,E-426,lecture,east,practice,66.7,64,52,483.1,0.916,11.0,22.2,72.5,749.2,45,51,67.7,True,4,875.6,0
ag-05867,2026-04-14T10:05:00,E-523,lecture,east,practice,86.2,63,53,435.1,0.509,4.7,25.6,58.6,760.7,36,56,75.0,False,3,908.6,0
ag-05868,2026-02-12T14:20:00,S-174,lecture,south,practice,151.7,129,48,1256.9,0.456,-13.6,23.1,46.2,923.2,53,48,49.5,False,3,1022.9,0
ag-05869,2026-04-17T15:35:00,S-270,lab,south,practice,26.9,28,16,332.2,0.616,7.6,21.1,65.3,486.5,31,51,67.1,False,7,540.2,0
ag-05870,2026-03-19T15:30:00,S-300,lab,south,lecture,38.0,28,22,202.5,0.462,6.1,23.0,66.5,489.5,54,37,61.4,False,7,592.0,0
ag-05871,2026-03-01T17:15:00,C-261,lecture,central,exam,93.2,70,79,432.2,0.437,3.9,27.1,65.7,819.1,15,90,70.7,True,4,1068.1,1
ag-05872,2026-04-12T10:20:00,N-159,coworking,north,practice,57.7,55,37,239.6,0.276,23.5,22.9,54.9,720.2,63,33,62.6,False,7,925.4,0
ag-05873,2026-04-23T13:50:00,S-282,lecture,south,lecture,67.4,56,25,330.7,0.49,8.3,22.6,54.9,672.2,30,66,58.9,False,7,810.1,0
ag-05874,2026-04-11T13:15:00,C-224,seminar,central,practice,49.7,35,18,192.5,0.248,4.3,24.0,43.5,634.9,12,71,55.1,False,6,760.7,0
ag-05875,2026-02-19T14:25:00,N-438,seminar,north,lab,31.2,29,27,312.0,0.699,-4.3,24.3,71.3,558.1,31,49,70.5,False,4,707.3,0
ag-05876,2026-03-15T18:25:00,S-240,coworking,south,lab,32.0,24,21,195.8,0.496,2.3,24.0,54.3,686.7,73,22,77.6,False,1,801.3,0
ag-05877,2026-04-09T10:15:00,N-142,lab,north,lab,25.9,22,17,221.6,0.724,10.3,25.0,51.8,631.7,11,73,58.8,True,6,657.9,0
ag-05878,2026-02-21T13:45:00,C-578,coworking,central,lab,62.4,44,24,573.6,0.858,13.8,20.7,72.6,437.9,31,53,56.9,False,6,448.9,0
ag-05879,2026-05-04T12:45:00,N-321,seminar,north,lecture,56.5,50,31,407.2,0.546,11.3,23.4,52.5,684.0,28,53,50.6,True,3,696.4,0
ag-05880,2026-03-03T11:55:00,C-188,lecture,central,lab,98.4,103,96,939.3,0.353,2.7,23.0,52.7,1289.8,30,41,61.9,False,6,1718.7,1
ag-05881,2026-04-19T09:15:00,N-481,seminar,north,lecture,65.7,62,44,409.8,0.386,3.9,25.6,60.7,681.0,59,54,59.8,False,7,1006.3,1
ag-05882,2026-04-26T11:20:00,C-429,seminar,central,lab,40.2,39,28,319.5,0.645,7.2,22.2,62.4,609.4,40,50,60.5,False,3,685.5,0
ag-05883,2026-05-08T18:05:00,E-169,lab,east,lecture,30.3,29,27,423.6,0.936,23.4,23.6,56.1,477.6,19,79,67.6,True,1,579.8,0
ag-05884,2026-04-15T09:20:00,E-425,lab,east,lecture,21.0,21,18,167.1,0.545,8.2,22.2,65.5,520.0,8,81,48.6,False,1,628.9,0
ag-05885,2026-02-12T17:50:00,C-313,lecture,central,lab,131.9,112,99,747.4,0.272,-1.0,24.8,72.1,1138.6,15,90,69.2,True,7,1503.8,1
ag-05886,2026-03-31T10:15:00,S-391,seminar,south,practice,70.3,57,40,461.6,0.566,4.5,25.3,56.9,620.3,44,36,70.8,False,4,739.9,0
ag-05887,2026-05-11T15:30:00,N-548,lecture,north,lecture,125.5,91,96,738.3,0.355,15.8,24.2,62.5,1317.7,87,4,64.1,True,3,1752.0,1
ag-05888,2026-05-18T11:10:00,S-482,coworking,south,lecture,43.2,34,35,268.8,0.3,25.7,24.4,56.1,669.0,64,19,69.9,True,5,885.0,0
ag-05889,2026-03-04T15:05:00,S-172,seminar,south,lecture,52.6,51,23,241.4,0.393,4.2,22.4,40.1,540.6,30,65,51.1,False,7,615.5,0
ag-05890,2026-05-19T10:05:00,C-223,lecture,central,lecture,106.8,103,91,1212.4,0.726,20.6,24.4,67.7,1004.3,57,24,65.2,True,6,1345.9,1
ag-05891,2026-05-07T17:05:00,C-510,lab,central,lecture,25.5,25,24,179.8,0.49,6.1,24.5,62.2,479.7,8,88,65.7,True,5,555.0,0
ag-05892,2026-05-17T10:25:00,C-551,lecture,central,none,139.7,98,31,598.3,0.474,16.7,22.7,60.3,567.7,53,27,41.5,True,5,612.9,0
ag-05893,2026-04-04T17:10:00,C-480,lecture,central,none,98.6,77,2,750.6,0.615,7.4,20.9,44.3,380.0,21,83,47.7,False,4,585.2,0
ag-05894,2026-03-27T13:30:00,E-225,lecture,east,practice,98.4,89,38,929.4,0.465,4.4,20.7,54.9,660.6,28,55,53.1,False,6,741.0,0
ag-05895,2026-05-02T12:10:00,S-595,coworking,south,exam,88.4,67,62,444.2,0.185,6.9,24.7,57.1,983.9,87,0,67.1,True,1,1288.3,1
ag-05896,2026-02-10T10:20:00,E-394,lecture,east,lab,80.3,58,43,398.3,0.221,1.9,25.5,51.1,847.7,90,0,58.6,False,3,1008.8,0
ag-05897,2026-03-21T08:20:00,N-338,lecture,north,none,121.0,110,53,1105.8,0.542,19.1,24.5,55.3,716.7,40,53,45.6,False,3,995.3,0
ag-05898,2026-02-23T18:15:00,E-188,seminar,east,practice,23.9,26,19,222.7,0.735,1.9,25.4,55.8,627.3,77,12,58.0,False,7,668.7,0
ag-05899,2026-05-10T10:25:00,E-125,lecture,east,practice,100.4,90,84,952.4,0.734,7.3,23.4,66.2,1060.7,16,84,75.9,True,3,1360.9,1
ag-05900,2026-05-04T18:35:00,E-443,lecture,east,lecture,141.2,107,108,838.0,0.349,15.4,24.2,59.6,1131.9,81,8,59.6,True,3,1607.3,1
ag-05901,2026-02-13T16:25:00,N-556,lab,north,lab,42.5,32,19,185.1,0.504,5.4,22.5,70.0,559.2,58,30,53.4,False,4,786.3,0
ag-05902,2026-05-01T08:15:00,E-208,seminar,east,none,72.6,55,24,511.4,0.41,10.1,22.0,43.6,604.9,18,79,56.7,True,1,653.7,0
ag-05903,2026-02-19T11:00:00,S-191,lecture,south,practice,177.4,125,87,1069.2,0.402,7.0,23.3,60.1,875.8,35,69,52.4,False,2,1268.7,1
ag-05904,2026-04-20T10:00:00,E-520,seminar,east,practice,45.4,50,35,379.7,0.428,14.0,22.3,45.8,601.3,54,43,56.9,False,5,953.0,0
ag-05905,2026-04-14T18:35:00,C-267,lecture,central,lab,64.3,59,37,420.2,0.27,14.3,23.2,59.5,638.2,51,40,67.6,False,6,763.4,0
ag-05906,2026-03-06T18:00:00,W-200,coworking,west,lecture,94.6,66,76,381.6,0.405,11.2,25.0,62.6,1030.0,29,64,65.8,False,4,1346.4,1
ag-05907,2026-02-23T11:20:00,S-121,lab,south,lecture,50.0,35,21,360.3,0.743,-6.0,23.7,56.1,444.5,22,74,66.7,False,7,575.7,0
ag-05908,2026-04-28T08:40:00,N-416,seminar,north,lab,60.2,42,28,562.5,0.745,17.7,20.2,45.1,451.5,57,25,55.9,False,6,614.4,0
ag-05909,2026-03-14T18:00:00,N-389,lecture,north,lecture,69.8,59,38,578.1,0.428,6.4,21.2,52.6,727.4,45,48,61.2,False,5,863.7,0
ag-05910,2026-04-09T11:55:00,N-496,seminar,north,none,55.9,61,16,416.2,0.626,9.8,21.6,51.1,498.2,29,67,45.3,False,5,531.5,0
ag-05911,2026-05-05T10:10:00,E-172,lab,east,practice,24.2,18,12,251.6,0.822,21.7,25.0,55.2,588.0,77,4,55.5,True,2,679.6,0
ag-05912,2026-05-14T18:25:00,C-466,lecture,central,lecture,125.6,110,93,656.5,0.25,21.9,23.9,55.5,1085.6,57,46,65.0,True,1,1377.3,1
ag-05913,2026-03-15T09:55:00,W-122,lecture,west,lecture,89.7,96,77,714.0,0.604,10.9,23.0,68.2,882.9,33,51,64.5,False,1,1138.9,1
ag-05914,2026-03-09T18:20:00,W-428,lab,west,none,44.0,36,1,399.4,0.658,6.8,21.1,55.4,380.0,28,57,44.8,False,7,463.2,0
ag-05915,2026-02-26T17:20:00,C-261,lecture,central,exam,174.9,127,115,903.6,0.339,2.4,24.9,73.2,1216.8,40,57,67.5,False,5,1676.5,1
ag-05916,2026-04-27T14:35:00,N-191,seminar,north,practice,21.2,21,17,231.5,0.542,4.5,24.9,58.9,533.6,38,45,49.6,False,7,538.8,0
ag-05917,2026-05-12T15:10:00,W-488,lecture,west,lab,62.6,59,53,511.3,0.568,17.0,22.7,65.7,803.2,15,68,61.3,True,1,1060.5,0
ag-05918,2026-04-23T15:50:00,W-240,lecture,west,lecture,83.1,71,42,388.8,0.51,5.3,26.4,58.7,757.2,24,80,65.0,False,5,985.1,0
ag-05919,2026-03-21T14:40:00,C-241,lab,central,lecture,43.7,37,21,495.3,0.803,11.1,22.7,61.8,498.5,22,84,54.9,False,7,509.5,0
ag-05920,2026-05-12T18:50:00,S-408,seminar,south,practice,34.8,31,15,210.4,0.422,14.4,22.4,41.3,534.4,37,47,51.6,True,7,563.9,0
ag-05921,2026-05-01T16:50:00,W-362,lecture,west,practice,70.3,70,61,383.9,0.488,12.4,21.6,49.2,755.1,47,37,61.9,True,2,1013.6,0
ag-05922,2026-03-18T14:10:00,N-391,lecture,north,lab,77.4,68,54,480.2,0.406,14.2,22.6,49.7,910.0,56,39,69.9,False,4,1216.7,1
ag-05923,2026-03-22T08:25:00,S-563,lab,south,practice,40.6,38,28,461.6,0.808,12.9,21.9,68.6,494.6,85,0,63.0,False,6,484.3,0
ag-05924,2026-05-14T09:00:00,E-285,lecture,east,none,116.0,115,51,486.4,0.192,17.6,24.6,52.7,666.9,0,80,52.5,True,4,958.3,0
ag-05925,2026-04-06T08:25:00,W-171,coworking,west,lecture,27.1,20,15,127.2,0.2,7.3,23.0,52.2,513.3,4,90,56.6,False,1,646.8,0
ag-05926,2026-04-08T17:35:00,C-506,lecture,central,practice,85.2,61,42,487.5,0.309,14.8,24.7,50.7,945.2,30,63,52.8,True,3,1241.4,1
ag-05927,2026-03-29T08:35:00,E-333,lecture,east,none,66.6,61,10,770.3,0.692,16.8,21.9,50.8,402.6,21,69,55.2,False,2,408.8,0
ag-05928,2026-03-02T17:40:00,N-187,lab,north,lecture,31.2,34,23,311.7,0.575,0.6,24.4,54.7,631.1,70,11,48.4,False,1,694.7,0
ag-05929,2026-05-02T11:15:00,W-366,coworking,west,exam,59.9,66,78,905.4,0.757,9.6,24.5,66.8,922.3,48,42,81.3,True,6,1252.9,1
ag-05930,2026-02-20T11:40:00,E-224,lecture,east,lab,89.8,71,55,690.7,0.647,6.4,25.3,46.7,671.4,46,51,48.9,False,3,906.8,0
ag-05931,2026-04-14T11:45:00,N-197,lab,north,lab,28.4,24,19,168.2,0.717,12.1,24.0,64.7,380.0,8,76,62.7,False,5,513.9,0
ag-05932,2026-02-13T18:35:00,W-348,lab,west,lecture,48.5,44,25,296.9,0.65,-4.7,21.5,47.0,539.3,63,31,61.0,False,3,607.0,0
ag-05933,2026-03-31T14:25:00,E-146,lab,east,lab,21.3,23,16,222.9,0.642,16.0,23.3,54.2,467.4,21,66,55.5,False,6,615.2,0
ag-05934,2026-05-11T17:25:00,S-290,lecture,south,none,61.9,56,17,348.0,0.668,13.1,23.6,51.7,502.4,33,59,52.2,True,5,581.9,0
ag-05935,2026-02-28T12:20:00,E-162,coworking,east,none,99.8,77,13,593.1,0.489,11.1,21.3,62.5,477.5,9,77,50.9,False,2,453.2,0
ag-05936,2026-02-17T16:40:00,C-406,lecture,central,practice,140.6,101,88,1066.3,0.611,3.6,25.3,57.8,1132.6,43,42,61.7,False,5,1540.2,1
ag-05937,2026-04-14T09:05:00,W-202,seminar,west,practice,73.7,54,46,356.6,0.448,18.3,21.9,56.8,788.7,36,49,64.1,False,5,998.4,0
ag-05938,2026-04-05T10:55:00,N-582,lecture,north,none,117.5,107,45,739.5,0.318,11.3,24.4,59.8,699.0,36,52,47.4,False,2,766.8,0
ag-05939,2026-04-18T13:25:00,N-453,lab,north,practice,48.8,38,21,327.9,0.321,9.5,24.2,56.5,603.4,30,75,48.4,False,2,765.7,0
ag-05940,2026-03-11T11:25:00,S-120,lecture,south,lecture,101.2,72,46,580.5,0.641,11.6,23.5,56.0,673.6,34,49,64.0,False,6,821.9,0
ag-05941,2026-03-02T11:35:00,N-320,seminar,north,practice,40.6,45,28,443.9,0.509,6.6,25.4,58.2,574.0,34,65,61.0,False,6,675.6,0
ag-05942,2026-04-25T15:30:00,S-126,lecture,south,practice,151.5,115,95,795.6,0.314,8.9,24.5,62.9,962.6,76,16,64.0,False,7,1435.4,1
ag-05943,2026-03-26T18:40:00,W-262,seminar,west,lecture,60.0,58,45,304.7,0.368,4.1,22.1,43.0,636.7,5,90,55.4,False,6,739.9,0
ag-05944,2026-04-21T17:55:00,S-461,lecture,south,practice,77.9,60,27,579.6,0.478,13.1,23.1,49.1,614.4,37,54,55.4,False,5,755.8,0
ag-05945,2026-03-25T18:00:00,C-454,lab,central,lecture,50.0,35,27,501.4,0.829,2.3,24.0,47.7,593.9,29,69,57.9,False,2,863.4,0
ag-05946,2026-04-25T13:05:00,W-542,seminar,west,practice,39.6,30,20,313.1,0.555,15.0,22.7,48.9,734.7,78,9,62.0,True,3,858.3,0
ag-05947,2026-04-21T15:25:00,W-373,seminar,west,lecture,34.8,27,24,280.6,0.742,7.5,24.1,49.8,533.4,33,61,67.2,True,7,484.6,0
ag-05948,2026-03-24T18:20:00,C-467,lab,central,practice,42.8,43,27,345.6,0.437,8.4,26.0,60.0,627.1,26,77,57.0,False,2,847.9,0
ag-05949,2026-02-22T14:25:00,E-515,lab,east,practice,31.3,22,10,217.7,0.832,4.2,23.4,50.6,425.1,59,25,51.5,False,2,358.1,0
ag-05950,2026-04-15T08:35:00,E-365,lecture,east,none,110.7,107,35,1241.1,0.596,3.7,22.1,41.5,541.3,13,87,52.0,False,6,636.4,0
ag-05951,2026-05-15T11:20:00,E-304,seminar,east,lab,56.1,58,39,318.5,0.257,24.3,22.5,47.5,682.1,0,83,56.3,True,2,810.5,0
ag-05952,2026-04-09T10:40:00,N-157,coworking,north,practice,104.1,75,53,420.2,0.397,12.9,24.6,59.6,794.8,56,42,61.8,False,3,919.2,0
ag-05953,2026-04-11T15:45:00,S-593,lab,south,exam,31.3,29,26,268.2,0.858,7.9,23.5,64.2,505.9,48,35,61.2,False,1,525.8,0
ag-05954,2026-02-27T11:30:00,W-323,lecture,west,exam,101.4,106,92,1532.5,0.897,7.7,23.6,51.9,924.2,64,36,64.2,False,1,1375.6,1
ag-05955,2026-05-04T16:15:00,E-283,lecture,east,none,111.8,122,40,751.9,0.508,9.5,23.0,41.2,770.4,50,38,54.7,True,2,898.1,0
ag-05956,2026-04-28T18:05:00,N-583,seminar,north,lecture,38.7,31,20,254.3,0.383,23.9,22.3,65.6,556.2,90,11,56.9,False,3,702.5,0
ag-05957,2026-05-18T16:05:00,E-445,lecture,east,none,85.8,63,11,395.7,0.503,19.4,20.7,51.5,454.4,24,70,45.7,True,2,466.1,0
ag-05958,2026-05-15T10:40:00,S-207,lab,south,lecture,54.3,42,33,357.0,0.851,14.9,23.4,55.0,613.8,14,77,64.9,True,1,799.5,0
ag-05959,2026-03-22T08:50:00,E-578,lab,east,lecture,33.4,28,21,211.3,0.89,9.2,22.5,75.6,392.7,45,34,62.1,False,5,439.8,0
ag-05960,2026-04-04T17:00:00,C-387,coworking,central,exam,68.4,69,72,752.4,0.7,15.8,26.1,62.5,918.9,77,6,61.8,False,7,1114.3,1
ag-05961,2026-02-11T14:45:00,S-228,lecture,south,practice,68.7,75,59,771.1,0.769,6.5,21.2,66.3,777.6,57,30,62.3,False,1,904.4,0
ag-05962,2026-03-14T09:05:00,S-417,seminar,south,lecture,21.5,21,17,105.1,0.375,8.2,24.9,52.4,619.8,59,28,71.1,True,4,811.3,0
ag-05963,2026-04-12T18:45:00,E-338,lecture,east,none,77.6,67,7,384.8,0.374,14.1,23.0,49.5,485.1,0,80,53.7,False,6,508.8,0
ag-05964,2026-05-02T14:45:00,W-432,seminar,west,lab,38.2,39,32,429.5,0.622,17.6,25.1,52.5,622.4,52,51,63.6,True,1,624.5,0
ag-05965,2026-04-08T12:50:00,N-155,seminar,north,lecture,79.1,57,41,530.3,0.419,8.6,23.7,60.1,755.2,48,31,52.1,False,4,963.7,0
ag-05966,2026-03-17T13:50:00,N-178,lab,north,practice,36.3,36,20,278.5,0.824,8.3,23.5,58.1,433.5,9,76,58.8,True,7,437.8,0
ag-05967,2026-03-02T18:50:00,C-369,lab,central,practice,60.5,42,30,431.6,0.724,-4.1,21.2,49.6,543.3,2,90,60.2,False,4,734.6,0
ag-05968,2026-02-28T08:50:00,N-279,lecture,north,practice,88.0,64,61,427.9,0.729,2.7,23.5,60.9,843.5,56,14,69.1,False,4,1228.4,1
ag-05969,2026-03-10T17:25:00,C-330,lecture,central,practice,93.5,65,40,759.8,0.793,-2.4,24.5,57.8,671.2,79,13,55.4,True,2,714.1,0
ag-05970,2026-02-28T08:15:00,C-566,coworking,central,lecture,80.9,71,32,451.3,0.251,4.6,25.2,47.9,784.8,31,75,53.7,False,6,857.9,0
ag-05971,2026-02-16T17:05:00,C-495,seminar,central,exam,41.7,29,29,143.4,0.298,3.6,25.7,70.1,777.4,86,0,64.1,True,2,908.9,0
ag-05972,2026-03-23T17:55:00,S-158,lab,south,practice,35.8,27,19,224.7,0.645,3.5,24.2,53.3,558.6,27,75,61.0,False,4,666.8,0
ag-05973,2026-02-25T14:20:00,C-359,seminar,central,lab,38.7,27,25,284.5,0.461,8.0,24.5,73.6,430.2,0,84,66.3,False,1,592.8,0
ag-05974,2026-03-04T16:55:00,C-400,lecture,central,lecture,110.1,119,84,913.8,0.405,1.9,27.0,59.9,1092.9,85,0,62.5,False,5,1261.2,1
ag-05975,2026-03-15T10:30:00,S-172,lab,south,practice,30.0,22,13,225.7,0.732,11.6,21.0,37.9,498.3,45,54,55.4,False,7,445.2,0
ag-05976,2026-04-11T14:35:00,W-288,lab,west,exam,55.9,41,40,465.8,0.612,9.7,23.0,60.5,555.4,25,65,72.5,False,6,727.8,0
ag-05977,2026-04-11T17:40:00,C-235,lecture,central,exam,57.3,63,68,410.1,0.215,6.2,25.1,66.9,727.7,67,25,56.6,False,4,1090.0,0
ag-05978,2026-05-07T14:00:00,N-516,lecture,north,lab,96.5,104,72,996.7,0.683,17.1,23.3,51.0,930.6,90,7,57.2,True,6,1145.9,1
ag-05979,2026-03-12T10:50:00,E-218,lab,east,lab,44.3,31,21,273.1,0.624,-2.2,22.5,66.2,477.9,8,76,58.8,True,3,576.8,0
ag-05980,2026-05-13T13:50:00,E-228,seminar,east,none,66.9,59,21,438.3,0.435,14.1,22.8,33.8,450.6,36,52,41.7,True,4,489.7,0
ag-05981,2026-04-23T17:00:00,S-266,seminar,south,lecture,72.9,52,32,419.3,0.689,15.7,23.0,46.4,529.7,16,72,54.4,False,1,677.9,0
ag-05982,2026-02-11T18:00:00,C-521,lecture,central,practice,58.9,64,44,425.0,0.553,-1.7,23.1,55.1,778.1,69,29,57.3,False,3,989.3,0
ag-05983,2026-03-31T10:15:00,N-104,lecture,north,lecture,127.8,91,103,488.8,0.522,9.6,26.1,77.0,1110.0,54,37,65.9,False,7,1452.4,1
ag-05984,2026-04-06T17:05:00,S-492,seminar,south,lecture,39.4,41,30,356.1,0.637,6.8,24.8,65.5,727.7,35,53,59.2,False,2,831.1,0
ag-05985,2026-05-12T13:15:00,E-543,seminar,east,practice,25.0,22,13,204.9,0.482,20.0,23.0,47.1,454.2,68,27,50.7,True,2,629.2,0
ag-05986,2026-05-16T15:15:00,C-473,lecture,central,practice,123.0,117,118,801.0,0.29,22.9,29.2,65.0,1261.7,51,53,66.3,True,4,2043.8,1
ag-05987,2026-04-16T17:40:00,W-394,lecture,west,lecture,119.2,108,92,1045.2,0.659,14.6,23.9,60.4,1043.9,81,11,65.4,False,4,1375.5,1
ag-05988,2026-05-18T09:45:00,S-411,coworking,south,lecture,64.8,62,57,473.7,0.811,13.9,22.9,54.5,786.3,48,39,70.9,True,3,1140.6,1
ag-05989,2026-04-11T09:55:00,E-551,seminar,east,practice,45.5,43,24,426.4,0.447,11.8,24.5,55.2,584.1,0,90,56.7,False,2,602.7,0
ag-05990,2026-04-24T15:40:00,S-145,seminar,south,practice,75.6,53,48,325.0,0.273,13.3,23.9,58.1,855.8,46,48,61.0,False,3,1146.8,1
ag-05991,2026-05-15T12:30:00,W-123,lecture,west,lab,118.0,115,70,1076.3,0.357,12.2,21.6,66.8,987.6,39,59,64.3,True,1,1252.9,1
ag-05992,2026-04-24T15:20:00,S-273,coworking,south,lecture,44.1,47,34,478.3,0.67,9.2,22.2,57.2,594.5,75,17,62.5,True,4,857.3,0
ag-05993,2026-04-25T12:35:00,S-337,lab,south,lab,31.1,26,17,231.9,0.458,14.7,21.9,61.0,453.3,3,88,51.2,False,4,460.9,0
ag-05994,2026-04-16T09:55:00,N-240,lecture,north,practice,138.4,111,68,557.1,0.447,11.9,24.8,51.3,840.0,38,60,57.8,False,4,1060.6,0
ag-05995,2026-05-13T08:45:00,S-203,seminar,south,lecture,28.3,29,21,262.0,0.477,16.9,23.7,74.3,677.5,90,0,53.7,True,5,723.1,0
ag-05996,2026-05-07T12:15:00,C-239,seminar,central,lecture,26.5,20,13,161.3,0.384,13.1,23.5,57.6,559.1,63,25,58.0,True,7,698.6,0
ag-05997,2026-04-05T13:15:00,S-162,coworking,south,lab,27.6,26,25,206.0,0.752,14.0,21.7,57.7,464.5,7,83,56.1,False,2,500.6,0
ag-05998,2026-04-16T10:00:00,S-435,lab,south,practice,24.4,21,18,173.4,0.698,16.9,24.1,43.5,625.5,75,20,60.6,False,6,664.2,0
ag-05999,2026-04-04T08:55:00,E-369,lecture,east,lecture,99.9,83,56,336.5,0.136,15.6,27.1,69.4,681.6,33,61,57.3,False,1,757.2,0
